path,label,label_raw,width,height,group
images/potassium_deficiency/c_0001_324.jpg,potassium_deficiency,POTASSIUM DEFICIENCY,256,256,0
images/potassium_deficiency/potassium_0001_259.jpg,potassium_deficiency,POTASSIUM DEFICIENCY,256,256,1
images/potassium_deficiency/a_0001_111.jpg,potassium_deficiency,POTASSIUM DEFICIENCY,256,256,2
images/potassium_deficiency/c_0001_261.jpg,potassium_deficiency,POTASSIUM DEFICIENCY,256,256,3
images/potassium_deficiency/d_0001_51.jpg,potassium_deficiency,POTASSIUM DEFICIENCY,256,256,4
images/potassium_deficiency/a_0001_238.jpg,potassium_deficiency,POTASSIUM DEFICIENCY,256,256,5
images/potassium_deficiency/potassium_0001_97.jpg,potassium_deficiency,POTASSIUM DEFICIENCY,256,256,1
images/potassium_deficiency/b_0001_215.jpg,potassium_deficiency,POTASSIUM DEFICIENCY,256,256,6
images/potassium_deficiency/c_0001_148.jpg,potassium_deficiency,POTASSIUM DEFICIENCY,256,256,5
images/potassium_deficiency/potassium_0001_1.jpg,potassium_deficiency,POTASSIUM DEFICIENCY,256,256,1
images/potassium_deficiency/potassium_0001_78.jpg,potassium_deficiency,POTASSIUM DEFICIENCY,256,256,1
images/potassium_deficiency/potassium_0001_170.jpg,potassium_deficiency,POTASSIUM DEFICIENCY,256,256,1
images/potassium_deficiency/b_0001_184.jpg,potassium_deficiency,POTASSIUM DEFICIENCY,256,256,7
images/potassium_deficiency/d_0001_108.jpg,potassium_deficiency,POTASSIUM DEFICIENCY,256,256,8
images/potassium_deficiency/c_0001_236.jpg,potassium_deficiency,POTASSIUM DEFICIENCY,256,256,9
images/potassium_deficiency/a_0001_146.jpg,potassium_deficiency,POTASSIUM DEFICIENCY,256,256,10
images/potassium_deficiency/b_0001_242.jpg,potassium_deficiency,POTASSIUM DEFICIENCY,256,256,4
images/potassium_deficiency/c_0001_51.jpg,potassium_deficiency,POTASSIUM DEFICIENCY,256,256,11
images/potassium_deficiency/potassium_0001_127.jpg,potassium_deficiency,POTASSIUM DEFICIENCY,256,256,1
images/potassium_deficiency/a_0001_280.jpg,potassium_deficiency,POTASSIUM DEFICIENCY,256,256,4
images/potassium_deficiency/a_0001_48.jpg,potassium_deficiency,POTASSIUM DEFICIENCY,256,256,9
images/potassium_deficiency/d_0001_221.jpg,potassium_deficiency,POTASSIUM DEFICIENCY,256,256,12
images/potassium_deficiency/b_0001_192.jpg,potassium_deficiency,POTASSIUM DEFICIENCY,256,256,7
images/potassium_deficiency/potassium_0001_218.jpg,potassium_deficiency,POTASSIUM DEFICIENCY,256,256,13
images/potassium_deficiency/a_0001_150.jpg,potassium_deficiency,POTASSIUM DEFICIENCY,256,256,11
images/potassium_deficiency/c_0001_220.jpg,potassium_deficiency,POTASSIUM DEFICIENCY,256,256,9
images/potassium_deficiency/d_0001_10.jpg,potassium_deficiency,POTASSIUM DEFICIENCY,256,256,14
images/potassium_deficiency/a_0001_279.jpg,potassium_deficiency,POTASSIUM DEFICIENCY,256,256,4
images/potassium_deficiency/c_0001_47.jpg,potassium_deficiency,POTASSIUM DEFICIENCY,256,256,11
images/potassium_deficiency/b_0001_2.jpg,potassium_deficiency,POTASSIUM DEFICIENCY,256,256,5
images/potassium_deficiency/c_0001_109.jpg,potassium_deficiency,POTASSIUM DEFICIENCY,256,256,15
images/potassium_deficiency/b_0001_254.jpg,potassium_deficiency,POTASSIUM DEFICIENCY,256,256,16
images/potassium_deficiency/d_0001_237.jpg,potassium_deficiency,POTASSIUM DEFICIENCY,256,256,17
images/potassium_deficiency/potassium_0001_39.jpg,potassium_deficiency,POTASSIUM DEFICIENCY,256,256,18
images/potassium_deficiency/a_0001_296.jpg,potassium_deficiency,POTASSIUM DEFICIENCY,256,256,16
images/potassium_deficiency/potassium_0001_131.jpg,potassium_deficiency,POTASSIUM DEFICIENCY,256,256,1
images/potassium_deficiency/c_0001_298.jpg,potassium_deficiency,POTASSIUM DEFICIENCY,256,256,19
images/potassium_deficiency/d_0001_149.jpg,potassium_deficiency,POTASSIUM DEFICIENCY,256,256,20
images/potassium_deficiency/c_0001_332.jpg,potassium_deficiency,POTASSIUM DEFICIENCY,256,256,21
images/potassium_deficiency/c_0001_277.jpg,potassium_deficiency,POTASSIUM DEFICIENCY,256,256,22
images/potassium_deficiency/a_0001_9.jpg,potassium_deficiency,POTASSIUM DEFICIENCY,256,256,23
images/potassium_deficiency/a_0001_107.jpg,potassium_deficiency,POTASSIUM DEFICIENCY,256,256,24
images/potassium_deficiency/b_0001_203.jpg,potassium_deficiency,POTASSIUM DEFICIENCY,256,256,7
images/potassium_deficiency/potassium_0001_81.jpg,potassium_deficiency,POTASSIUM DEFICIENCY,256,256,1
images/potassium_deficiency/c_0001_10.jpg,potassium_deficiency,POTASSIUM DEFICIENCY,256,256,25
images/potassium_deficiency/d_0001_47.jpg,potassium_deficiency,POTASSIUM DEFICIENCY,256,256,5
images/potassium_deficiency/potassium_0001_189.jpg,potassium_deficiency,POTASSIUM DEFICIENCY,256,256,26
images/potassium_deficiency/potassium_0001_166.jpg,potassium_deficiency,POTASSIUM DEFICIENCY,256,256,1
images/potassium_deficiency/d_0001_260.jpg,potassium_deficiency,POTASSIUM DEFICIENCY,256,256,27
images/potassium_deficiency/b_0001_151.jpg,potassium_deficiency,POTASSIUM DEFICIENCY,256,256,28
images/potassium_deficiency/a_0001_193.jpg,potassium_deficiency,POTASSIUM DEFICIENCY,256,256,29
images/potassium_deficiency/potassium_0001_234.jpg,potassium_deficiency,POTASSIUM DEFICIENCY,256,256,1
images/potassium_deficiency/b_0001_27.jpg,potassium_deficiency,POTASSIUM DEFICIENCY,256,256,30
images/potassium_deficiency/d_0001_132.jpg,potassium_deficiency,POTASSIUM DEFICIENCY,256,256,31
images/potassium_deficiency/c_0001_349.jpg,potassium_deficiency,POTASSIUM DEFICIENCY,256,256,32
images/potassium_deficiency/a_0001_72.jpg,potassium_deficiency,POTASSIUM DEFICIENCY,256,256,33
images/potassium_deficiency/potassium_0001_15.jpg,potassium_deficiency,POTASSIUM DEFICIENCY,256,256,34
images/potassium_deficiency/c_0001_84.jpg,potassium_deficiency,POTASSIUM DEFICIENCY,256,256,35
images/potassium_deficiency/b_0001_297.jpg,potassium_deficiency,POTASSIUM DEFICIENCY,256,256,9
images/potassium_deficiency/b_0001_278.jpg,potassium_deficiency,POTASSIUM DEFICIENCY,256,256,9
images/potassium_deficiency/c_0001_125.jpg,potassium_deficiency,POTASSIUM DEFICIENCY,256,256,5
images/potassium_deficiency/a_0001_255.jpg,potassium_deficiency,POTASSIUM DEFICIENCY,256,256,5
images/potassium_deficiency/b_0001_106.jpg,potassium_deficiency,POTASSIUM DEFICIENCY,256,256,36
images/potassium_deficiency/d_0001_165.jpg,potassium_deficiency,POTASSIUM DEFICIENCY,256,256,37
images/potassium_deficiency/b_0001_70.jpg,potassium_deficiency,POTASSIUM DEFICIENCY,256,256,38
images/potassium_deficiency/potassium_0001_263.jpg,potassium_deficiency,POTASSIUM DEFICIENCY,256,256,1
images/potassium_deficiency/a_0001_25.jpg,potassium_deficiency,POTASSIUM DEFICIENCY,256,256,9
images/potassium_deficiency/potassium_0001_42.jpg,potassium_deficiency,POTASSIUM DEFICIENCY,256,256,18
images/potassium_deficiency/d_0001_84.jpg,potassium_deficiency,POTASSIUM DEFICIENCY,256,256,23
images/potassium_deficiency/a_0001_202.jpg,potassium_deficiency,POTASSIUM DEFICIENCY,256,256,10
images/potassium_deficiency/c_0001_172.jpg,potassium_deficiency,POTASSIUM DEFICIENCY,256,256,4
images/potassium_deficiency/b_0001_110.jpg,potassium_deficiency,POTASSIUM DEFICIENCY,256,256,39
images/potassium_deficiency/b_0001_89.jpg,potassium_deficiency,POTASSIUM DEFICIENCY,256,256,40
images/potassium_deficiency/potassium_0001_275.jpg,potassium_deficiency,POTASSIUM DEFICIENCY,256,256,1
images/potassium_deficiency/b_0001_66.jpg,potassium_deficiency,POTASSIUM DEFICIENCY,256,256,2
images/potassium_deficiency/d_0001_173.jpg,potassium_deficiency,POTASSIUM DEFICIENCY,256,256,41
images/potassium_deficiency/c_0001_308.jpg,potassium_deficiency,POTASSIUM DEFICIENCY,256,256,42
images/potassium_deficiency/d_0001_92.jpg,potassium_deficiency,POTASSIUM DEFICIENCY,256,256,8
images/potassium_deficiency/a_0001_33.jpg,potassium_deficiency,POTASSIUM DEFICIENCY,256,256,9
images/potassium_deficiency/potassium_0001_54.jpg,potassium_deficiency,POTASSIUM DEFICIENCY,256,256,18
images/potassium_deficiency/c_0001_164.jpg,potassium_deficiency,POTASSIUM DEFICIENCY,256,256,4
images/potassium_deficiency/b_0001_239.jpg,potassium_deficiency,POTASSIUM DEFICIENCY,256,256,5
images/potassium_deficiency/a_0001_214.jpg,potassium_deficiency,POTASSIUM DEFICIENCY,256,256,10
images/potassium_deficiency/b_0001_147.jpg,potassium_deficiency,POTASSIUM DEFICIENCY,256,256,28
images/potassium_deficiency/d_0001_124.jpg,potassium_deficiency,POTASSIUM DEFICIENCY,256,256,43
images/potassium_deficiency/b_0001_31.jpg,potassium_deficiency,POTASSIUM DEFICIENCY,256,256,44
images/potassium_deficiency/potassium_0001_222.jpg,potassium_deficiency,POTASSIUM DEFICIENCY,256,256,45
images/potassium_deficiency/d_0001_8.jpg,potassium_deficiency,POTASSIUM DEFICIENCY,256,256,14
images/potassium_deficiency/a_0001_185.jpg,potassium_deficiency,POTASSIUM DEFICIENCY,256,256,29
images/potassium_deficiency/b_0001_281.jpg,potassium_deficiency,POTASSIUM DEFICIENCY,256,256,9
images/potassium_deficiency/c_0001_92.jpg,potassium_deficiency,POTASSIUM DEFICIENCY,256,256,35
images/potassium_deficiency/a_0001_64.jpg,potassium_deficiency,POTASSIUM DEFICIENCY,256,256,46
images/potassium_deficiency/a_0001_243.jpg,potassium_deficiency,POTASSIUM DEFICIENCY,256,256,5
images/potassium_deficiency/c_0001_133.jpg,potassium_deficiency,POTASSIUM DEFICIENCY,256,256,5
images/potassium_deficiency/c_0001_144.jpg,potassium_deficiency,POTASSIUM DEFICIENCY,256,256,5
images/potassium_deficiency/b_0001_219.jpg,potassium_deficiency,POTASSIUM DEFICIENCY,256,256,6
images/potassium_deficiency/a_0001_234.jpg,potassium_deficiency,POTASSIUM DEFICIENCY,256,256,10
images/potassium_deficiency/potassium_0001_193.jpg,potassium_deficiency,POTASSIUM DEFICIENCY,256,256,47
images/potassium_deficiency/a_0001_13.jpg,potassium_deficiency,POTASSIUM DEFICIENCY,256,256,29
images/potassium_deficiency/potassium_0001_74.jpg,potassium_deficiency,POTASSIUM DEFICIENCY,256,256,1
images/potassium_deficiency/potassium_0001_255.jpg,potassium_deficiency,POTASSIUM DEFICIENCY,256,256,1
images/potassium_deficiency/b_0001_46.jpg,potassium_deficiency,POTASSIUM DEFICIENCY,256,256,5
images/potassium_deficiency/c_0001_282.jpg,potassium_deficiency,POTASSIUM DEFICIENCY,256,256,48
images/potassium_deficiency/d_0001_153.jpg,potassium_deficiency,POTASSIUM DEFICIENCY,256,256,49
images/potassium_deficiency/c_0001_328.jpg,potassium_deficiency,POTASSIUM DEFICIENCY,256,256,50
images/potassium_deficiency/b_0001_130.jpg,potassium_deficiency,POTASSIUM DEFICIENCY,256,256,51
images/potassium_deficiency/a_0001_263.jpg,potassium_deficiency,POTASSIUM DEFICIENCY,256,256,5
images/potassium_deficiency/c_0001_113.jpg,potassium_deficiency,POTASSIUM DEFICIENCY,256,256,52
images/potassium_deficiency/a_0001_44.jpg,potassium_deficiency,POTASSIUM DEFICIENCY,256,256,9
images/potassium_deficiency/potassium_0001_23.jpg,potassium_deficiency,POTASSIUM DEFICIENCY,256,256,34
images/potassium_deficiency/d_0001_104.jpg,potassium_deficiency,POTASSIUM DEFICIENCY,256,256,8
images/potassium_deficiency/b_0001_188.jpg,potassium_deficiency,POTASSIUM DEFICIENCY,256,256,7
images/potassium_deficiency/b_0001_11.jpg,potassium_deficiency,POTASSIUM DEFICIENCY,256,256,53
images/potassium_deficiency/potassium_0001_202.jpg,potassium_deficiency,POTASSIUM DEFICIENCY,256,256,11
images/potassium_deficiency/b_0001_167.jpg,potassium_deficiency,POTASSIUM DEFICIENCY,256,256,54
images/potassium_deficiency/b_0001_258.jpg,potassium_deficiency,POTASSIUM DEFICIENCY,256,256,16
images/potassium_deficiency/c_0001_105.jpg,potassium_deficiency,POTASSIUM DEFICIENCY,256,256,15
images/potassium_deficiency/a_0001_275.jpg,potassium_deficiency,POTASSIUM DEFICIENCY,256,256,29
images/potassium_deficiency/a_0001_52.jpg,potassium_deficiency,POTASSIUM DEFICIENCY,256,256,9
images/potassium_deficiency/potassium_0001_35.jpg,potassium_deficiency,POTASSIUM DEFICIENCY,256,256,1
images/potassium_deficiency/potassium_0001_214.jpg,potassium_deficiency,POTASSIUM DEFICIENCY,256,256,55
images/potassium_deficiency/d_0001_112.jpg,potassium_deficiency,POTASSIUM DEFICIENCY,256,256,56
images/potassium_deficiency/b_0001_171.jpg,potassium_deficiency,POTASSIUM DEFICIENCY,256,256,54
images/potassium_deficiency/potassium_0001_185.jpg,potassium_deficiency,POTASSIUM DEFICIENCY,256,256,57
images/potassium_deficiency/a_0001_222.jpg,potassium_deficiency,POTASSIUM DEFICIENCY,256,256,10
images/potassium_deficiency/c_0001_152.jpg,potassium_deficiency,POTASSIUM DEFICIENCY,256,256,5
images/potassium_deficiency/potassium_0001_62.jpg,potassium_deficiency,POTASSIUM DEFICIENCY,256,256,18
images/potassium_deficiency/d_0001_145.jpg,potassium_deficiency,POTASSIUM DEFICIENCY,256,256,58
images/potassium_deficiency/c_0001_294.jpg,potassium_deficiency,POTASSIUM DEFICIENCY,256,256,59
images/potassium_deficiency/b_0001_50.jpg,potassium_deficiency,POTASSIUM DEFICIENCY,256,256,48
images/potassium_deficiency/potassium_0001_243.jpg,potassium_deficiency,POTASSIUM DEFICIENCY,256,256,1
images/potassium_deficiency/a_0001_5.jpg,potassium_deficiency,POTASSIUM DEFICIENCY,256,256,16
images/potassium_deficiency/b_0001_126.jpg,potassium_deficiency,POTASSIUM DEFICIENCY,256,256,60
images/potassium_deficiency/d_0001_217.jpg,potassium_deficiency,POTASSIUM DEFICIENCY,256,256,12
images/potassium_deficiency/c_0001_88.jpg,potassium_deficiency,POTASSIUM DEFICIENCY,256,256,35
images/potassium_deficiency/potassium_0001_19.jpg,potassium_deficiency,POTASSIUM DEFICIENCY,256,256,34
images/potassium_deficiency/potassium_0001_111.jpg,potassium_deficiency,POTASSIUM DEFICIENCY,256,256,1
images/potassium_deficiency/d_0001_30.jpg,potassium_deficiency,POTASSIUM DEFICIENCY,256,256,5
images/potassium_deficiency/a_0001_259.jpg,potassium_deficiency,POTASSIUM DEFICIENCY,256,256,5
images/potassium_deficiency/c_0001_67.jpg,potassium_deficiency,POTASSIUM DEFICIENCY,256,256,45
images/potassium_deficiency/a_0001_91.jpg,potassium_deficiency,POTASSIUM DEFICIENCY,256,256,61
images/potassium_deficiency/c_0001_129.jpg,potassium_deficiency,POTASSIUM DEFICIENCY,256,256,5
images/potassium_deficiency/b_0001_274.jpg,potassium_deficiency,POTASSIUM DEFICIENCY,256,256,9
images/potassium_deficiency/a_0001_170.jpg,potassium_deficiency,POTASSIUM DEFICIENCY,256,256,62
images/potassium_deficiency/c_0001_200.jpg,potassium_deficiency,POTASSIUM DEFICIENCY,256,256,9
images/potassium_deficiency/c_0001_345.jpg,potassium_deficiency,POTASSIUM DEFICIENCY,256,256,63
images/potassium_deficiency/potassium_0001_238.jpg,potassium_deficiency,POTASSIUM DEFICIENCY,256,256,1
images/potassium_deficiency/potassium_0001_146.jpg,potassium_deficiency,POTASSIUM DEFICIENCY,256,256,1
images/potassium_deficiency/d_0001_88.jpg,potassium_deficiency,POTASSIUM DEFICIENCY,256,256,23
images/potassium_deficiency/a_0001_29.jpg,potassium_deficiency,POTASSIUM DEFICIENCY,256,256,9
images/potassium_deficiency/c_0001_191.jpg,potassium_deficiency,POTASSIUM DEFICIENCY,256,256,64
images/potassium_deficiency/d_0001_240.jpg,potassium_deficiency,POTASSIUM DEFICIENCY,256,256,17
images/potassium_deficiency/b_0001_223.jpg,potassium_deficiency,POTASSIUM DEFICIENCY,256,256,5
images/potassium_deficiency/c_0001_30.jpg,potassium_deficiency,POTASSIUM DEFICIENCY,256,256,57
images/potassium_deficiency/d_0001_67.jpg,potassium_deficiency,POTASSIUM DEFICIENCY,256,256,4
images/potassium_deficiency/c_0001_257.jpg,potassium_deficiency,POTASSIUM DEFICIENCY,256,256,59
images/potassium_deficiency/d_0001_186.jpg,potassium_deficiency,POTASSIUM DEFICIENCY,256,256,65
images/potassium_deficiency/potassium_0001_280.jpg,potassium_deficiency,POTASSIUM DEFICIENCY,256,256,1
images/potassium_deficiency/b_0001_93.jpg,potassium_deficiency,POTASSIUM DEFICIENCY,256,256,66
images/potassium_deficiency/a_0001_127.jpg,potassium_deficiency,POTASSIUM DEFICIENCY,256,256,57
images/potassium_deficiency/d_0001_169.jpg,potassium_deficiency,POTASSIUM DEFICIENCY,256,256,67
images/potassium_deficiency/c_0001_312.jpg,potassium_deficiency,POTASSIUM DEFICIENCY,256,256,68
images/potassium_deficiency/d_0001_256.jpg,potassium_deficiency,POTASSIUM DEFICIENCY,256,256,27
images/potassium_deficiency/c_0001_187.jpg,potassium_deficiency,POTASSIUM DEFICIENCY,256,256,64
images/potassium_deficiency/potassium_0001_58.jpg,potassium_deficiency,POTASSIUM DEFICIENCY,256,256,18
images/potassium_deficiency/potassium_0001_150.jpg,potassium_deficiency,POTASSIUM DEFICIENCY,256,256,1
images/potassium_deficiency/d_0001_71.jpg,potassium_deficiency,POTASSIUM DEFICIENCY,256,256,16
images/potassium_deficiency/a_0001_218.jpg,potassium_deficiency,POTASSIUM DEFICIENCY,256,256,10
images/potassium_deficiency/c_0001_26.jpg,potassium_deficiency,POTASSIUM DEFICIENCY,256,256,69
images/potassium_deficiency/b_0001_235.jpg,potassium_deficiency,POTASSIUM DEFICIENCY,256,256,4
images/potassium_deficiency/c_0001_168.jpg,potassium_deficiency,POTASSIUM DEFICIENCY,256,256,59
images/potassium_deficiency/a_0001_131.jpg,potassium_deficiency,POTASSIUM DEFICIENCY,256,256,57
images/potassium_deficiency/b_0001_85.jpg,potassium_deficiency,POTASSIUM DEFICIENCY,256,256,70
images/potassium_deficiency/potassium_0001_296.jpg,potassium_deficiency,POTASSIUM DEFICIENCY,256,256,1
images/potassium_deficiency/d_0001_190.jpg,potassium_deficiency,POTASSIUM DEFICIENCY,256,256,71
images/potassium_deficiency/c_0001_241.jpg,potassium_deficiency,POTASSIUM DEFICIENCY,256,256,72
images/potassium_deficiency/c_0001_304.jpg,potassium_deficiency,POTASSIUM DEFICIENCY,256,256,59
images/potassium_deficiency/potassium_0001_279.jpg,potassium_deficiency,POTASSIUM DEFICIENCY,256,256,1
images/potassium_deficiency/potassium_0001_107.jpg,potassium_deficiency,POTASSIUM DEFICIENCY,256,256,1
images/potassium_deficiency/c_0001_7.jpg,potassium_deficiency,POTASSIUM DEFICIENCY,256,256,73
images/potassium_deficiency/a_0001_68.jpg,potassium_deficiency,POTASSIUM DEFICIENCY,256,256,29
images/potassium_deficiency/d_0001_201.jpg,potassium_deficiency,POTASSIUM DEFICIENCY,256,256,74
images/potassium_deficiency/b_0001_262.jpg,potassium_deficiency,POTASSIUM DEFICIENCY,256,256,16
images/potassium_deficiency/a_0001_87.jpg,potassium_deficiency,POTASSIUM DEFICIENCY,256,256,75
images/potassium_deficiency/c_0001_71.jpg,potassium_deficiency,POTASSIUM DEFICIENCY,256,256,76
images/potassium_deficiency/d_0001_26.jpg,potassium_deficiency,POTASSIUM DEFICIENCY,256,256,5
images/potassium_deficiency/c_0001_216.jpg,potassium_deficiency,POTASSIUM DEFICIENCY,256,256,9
images/potassium_deficiency/a_0001_166.jpg,potassium_deficiency,POTASSIUM DEFICIENCY,256,256,62
images/potassium_deficiency/d_0001_4.jpg,potassium_deficiency,POTASSIUM DEFICIENCY,256,256,14
images/potassium_deficiency/a_0001_189.jpg,potassium_deficiency,POTASSIUM DEFICIENCY,256,256,29
images/potassium_deficiency/d_0001_128.jpg,potassium_deficiency,POTASSIUM DEFICIENCY,256,256,8
images/potassium_deficiency/c_0001_217.jpg,potassium_deficiency,POTASSIUM DEFICIENCY,256,256,9
images/potassium_deficiency/a_0001_167.jpg,potassium_deficiency,POTASSIUM DEFICIENCY,256,256,45
images/potassium_deficiency/d_0001_5.jpg,potassium_deficiency,POTASSIUM DEFICIENCY,256,256,14
images/potassium_deficiency/a_0001_188.jpg,potassium_deficiency,POTASSIUM DEFICIENCY,256,256,29
images/potassium_deficiency/d_0001_129.jpg,potassium_deficiency,POTASSIUM DEFICIENCY,256,256,8
images/potassium_deficiency/c_0001_352.jpg,potassium_deficiency,POTASSIUM DEFICIENCY,256,256,32
images/potassium_deficiency/potassium_0001_106.jpg,potassium_deficiency,POTASSIUM DEFICIENCY,256,256,1
images/potassium_deficiency/c_0001_6.jpg,potassium_deficiency,POTASSIUM DEFICIENCY,256,256,77
images/potassium_deficiency/a_0001_69.jpg,potassium_deficiency,POTASSIUM DEFICIENCY,256,256,78
images/potassium_deficiency/d_0001_200.jpg,potassium_deficiency,POTASSIUM DEFICIENCY,256,256,74
images/potassium_deficiency/b_0001_263.jpg,potassium_deficiency,POTASSIUM DEFICIENCY,256,256,16
images/potassium_deficiency/a_0001_86.jpg,potassium_deficiency,POTASSIUM DEFICIENCY,256,256,79
images/potassium_deficiency/c_0001_70.jpg,potassium_deficiency,POTASSIUM DEFICIENCY,256,256,45
images/potassium_deficiency/d_0001_27.jpg,potassium_deficiency,POTASSIUM DEFICIENCY,256,256,5
images/potassium_deficiency/a_0001_130.jpg,potassium_deficiency,POTASSIUM DEFICIENCY,256,256,57
images/potassium_deficiency/b_0001_84.jpg,potassium_deficiency,POTASSIUM DEFICIENCY,256,256,70
images/potassium_deficiency/potassium_0001_297.jpg,potassium_deficiency,POTASSIUM DEFICIENCY,256,256,1
images/potassium_deficiency/d_0001_191.jpg,potassium_deficiency,POTASSIUM DEFICIENCY,256,256,80
images/potassium_deficiency/c_0001_240.jpg,potassium_deficiency,POTASSIUM DEFICIENCY,256,256,81
images/potassium_deficiency/c_0001_305.jpg,potassium_deficiency,POTASSIUM DEFICIENCY,256,256,59
images/potassium_deficiency/potassium_0001_278.jpg,potassium_deficiency,POTASSIUM DEFICIENCY,256,256,1
images/potassium_deficiency/d_0001_257.jpg,potassium_deficiency,POTASSIUM DEFICIENCY,256,256,27
images/potassium_deficiency/c_0001_186.jpg,potassium_deficiency,POTASSIUM DEFICIENCY,256,256,64
images/potassium_deficiency/potassium_0001_59.jpg,potassium_deficiency,POTASSIUM DEFICIENCY,256,256,18
images/potassium_deficiency/potassium_0001_151.jpg,potassium_deficiency,POTASSIUM DEFICIENCY,256,256,1
images/potassium_deficiency/d_0001_70.jpg,potassium_deficiency,POTASSIUM DEFICIENCY,256,256,16
images/potassium_deficiency/a_0001_219.jpg,potassium_deficiency,POTASSIUM DEFICIENCY,256,256,10
images/potassium_deficiency/c_0001_27.jpg,potassium_deficiency,POTASSIUM DEFICIENCY,256,256,57
images/potassium_deficiency/c_0001_169.jpg,potassium_deficiency,POTASSIUM DEFICIENCY,256,256,4
images/potassium_deficiency/b_0001_234.jpg,potassium_deficiency,POTASSIUM DEFICIENCY,256,256,4
images/potassium_deficiency/c_0001_256.jpg,potassium_deficiency,POTASSIUM DEFICIENCY,256,256,82
images/potassium_deficiency/d_0001_187.jpg,potassium_deficiency,POTASSIUM DEFICIENCY,256,256,65
images/potassium_deficiency/potassium_0001_281.jpg,potassium_deficiency,POTASSIUM DEFICIENCY,256,256,1
images/potassium_deficiency/b_0001_92.jpg,potassium_deficiency,POTASSIUM DEFICIENCY,256,256,66
images/potassium_deficiency/a_0001_126.jpg,potassium_deficiency,POTASSIUM DEFICIENCY,256,256,83
images/potassium_deficiency/d_0001_168.jpg,potassium_deficiency,POTASSIUM DEFICIENCY,256,256,71
images/potassium_deficiency/c_0001_313.jpg,potassium_deficiency,POTASSIUM DEFICIENCY,256,256,84
images/potassium_deficiency/d_0001_89.jpg,potassium_deficiency,POTASSIUM DEFICIENCY,256,256,23
images/potassium_deficiency/potassium_0001_147.jpg,potassium_deficiency,POTASSIUM DEFICIENCY,256,256,1
images/potassium_deficiency/a_0001_28.jpg,potassium_deficiency,POTASSIUM DEFICIENCY,256,256,9
images/potassium_deficiency/c_0001_190.jpg,potassium_deficiency,POTASSIUM DEFICIENCY,256,256,59
images/potassium_deficiency/d_0001_241.jpg,potassium_deficiency,POTASSIUM DEFICIENCY,256,256,17
images/potassium_deficiency/b_0001_222.jpg,potassium_deficiency,POTASSIUM DEFICIENCY,256,256,6
images/potassium_deficiency/c_0001_31.jpg,potassium_deficiency,POTASSIUM DEFICIENCY,256,256,57
images/potassium_deficiency/d_0001_66.jpg,potassium_deficiency,POTASSIUM DEFICIENCY,256,256,4
images/potassium_deficiency/a_0001_171.jpg,potassium_deficiency,POTASSIUM DEFICIENCY,256,256,45
images/potassium_deficiency/c_0001_201.jpg,potassium_deficiency,POTASSIUM DEFICIENCY,256,256,59
images/potassium_deficiency/c_0001_344.jpg,potassium_deficiency,POTASSIUM DEFICIENCY,256,256,85
images/potassium_deficiency/potassium_0001_239.jpg,potassium_deficiency,POTASSIUM DEFICIENCY,256,256,1
images/potassium_deficiency/d_0001_216.jpg,potassium_deficiency,POTASSIUM DEFICIENCY,256,256,12
images/potassium_deficiency/c_0001_89.jpg,potassium_deficiency,POTASSIUM DEFICIENCY,256,256,86
images/potassium_deficiency/potassium_0001_18.jpg,potassium_deficiency,POTASSIUM DEFICIENCY,256,256,34
images/potassium_deficiency/potassium_0001_110.jpg,potassium_deficiency,POTASSIUM DEFICIENCY,256,256,1
images/potassium_deficiency/d_0001_31.jpg,potassium_deficiency,POTASSIUM DEFICIENCY,256,256,5
images/potassium_deficiency/a_0001_258.jpg,potassium_deficiency,POTASSIUM DEFICIENCY,256,256,5
images/potassium_deficiency/c_0001_66.jpg,potassium_deficiency,POTASSIUM DEFICIENCY,256,256,87
images/potassium_deficiency/a_0001_90.jpg,potassium_deficiency,POTASSIUM DEFICIENCY,256,256,29
images/potassium_deficiency/b_0001_275.jpg,potassium_deficiency,POTASSIUM DEFICIENCY,256,256,9
images/potassium_deficiency/c_0001_128.jpg,potassium_deficiency,POTASSIUM DEFICIENCY,256,256,5
images/potassium_deficiency/d_0001_144.jpg,potassium_deficiency,POTASSIUM DEFICIENCY,256,256,88
images/potassium_deficiency/c_0001_295.jpg,potassium_deficiency,POTASSIUM DEFICIENCY,256,256,59
images/potassium_deficiency/b_0001_51.jpg,potassium_deficiency,POTASSIUM DEFICIENCY,256,256,48
images/potassium_deficiency/potassium_0001_242.jpg,potassium_deficiency,POTASSIUM DEFICIENCY,256,256,1
images/potassium_deficiency/a_0001_4.jpg,potassium_deficiency,POTASSIUM DEFICIENCY,256,256,16
images/potassium_deficiency/b_0001_127.jpg,potassium_deficiency,POTASSIUM DEFICIENCY,256,256,51
images/potassium_deficiency/potassium_0001_184.jpg,potassium_deficiency,POTASSIUM DEFICIENCY,256,256,57
images/potassium_deficiency/a_0001_223.jpg,potassium_deficiency,POTASSIUM DEFICIENCY,256,256,10
images/potassium_deficiency/c_0001_153.jpg,potassium_deficiency,POTASSIUM DEFICIENCY,256,256,5
images/potassium_deficiency/potassium_0001_63.jpg,potassium_deficiency,POTASSIUM DEFICIENCY,256,256,18
images/potassium_deficiency/potassium_0001_215.jpg,potassium_deficiency,POTASSIUM DEFICIENCY,256,256,89
images/potassium_deficiency/d_0001_113.jpg,potassium_deficiency,POTASSIUM DEFICIENCY,256,256,90
images/potassium_deficiency/b_0001_170.jpg,potassium_deficiency,POTASSIUM DEFICIENCY,256,256,54
images/potassium_deficiency/c_0001_104.jpg,potassium_deficiency,POTASSIUM DEFICIENCY,256,256,15
images/potassium_deficiency/b_0001_259.jpg,potassium_deficiency,POTASSIUM DEFICIENCY,256,256,16
images/potassium_deficiency/a_0001_274.jpg,potassium_deficiency,POTASSIUM DEFICIENCY,256,256,4
images/potassium_deficiency/a_0001_53.jpg,potassium_deficiency,POTASSIUM DEFICIENCY,256,256,9
images/potassium_deficiency/potassium_0001_34.jpg,potassium_deficiency,POTASSIUM DEFICIENCY,256,256,18
images/potassium_deficiency/d_0001_105.jpg,potassium_deficiency,POTASSIUM DEFICIENCY,256,256,8
images/potassium_deficiency/b_0001_189.jpg,potassium_deficiency,POTASSIUM DEFICIENCY,256,256,7
images/potassium_deficiency/b_0001_10.jpg,potassium_deficiency,POTASSIUM DEFICIENCY,256,256,91
images/potassium_deficiency/potassium_0001_203.jpg,potassium_deficiency,POTASSIUM DEFICIENCY,256,256,11
images/potassium_deficiency/b_0001_166.jpg,potassium_deficiency,POTASSIUM DEFICIENCY,256,256,54
images/potassium_deficiency/a_0001_262.jpg,potassium_deficiency,POTASSIUM DEFICIENCY,256,256,5
images/potassium_deficiency/c_0001_112.jpg,potassium_deficiency,POTASSIUM DEFICIENCY,256,256,6
images/potassium_deficiency/a_0001_45.jpg,potassium_deficiency,POTASSIUM DEFICIENCY,256,256,9
images/potassium_deficiency/potassium_0001_22.jpg,potassium_deficiency,POTASSIUM DEFICIENCY,256,256,34
images/potassium_deficiency/potassium_0001_254.jpg,potassium_deficiency,POTASSIUM DEFICIENCY,256,256,1
images/potassium_deficiency/b_0001_47.jpg,potassium_deficiency,POTASSIUM DEFICIENCY,256,256,61
images/potassium_deficiency/c_0001_283.jpg,potassium_deficiency,POTASSIUM DEFICIENCY,256,256,59
images/potassium_deficiency/d_0001_152.jpg,potassium_deficiency,POTASSIUM DEFICIENCY,256,256,92
images/potassium_deficiency/c_0001_329.jpg,potassium_deficiency,POTASSIUM DEFICIENCY,256,256,93
images/potassium_deficiency/b_0001_131.jpg,potassium_deficiency,POTASSIUM DEFICIENCY,256,256,51
images/potassium_deficiency/b_0001_218.jpg,potassium_deficiency,POTASSIUM DEFICIENCY,256,256,6
images/potassium_deficiency/c_0001_145.jpg,potassium_deficiency,POTASSIUM DEFICIENCY,256,256,5
images/potassium_deficiency/a_0001_235.jpg,potassium_deficiency,POTASSIUM DEFICIENCY,256,256,10
images/potassium_deficiency/potassium_0001_192.jpg,potassium_deficiency,POTASSIUM DEFICIENCY,256,256,47
images/potassium_deficiency/a_0001_12.jpg,potassium_deficiency,POTASSIUM DEFICIENCY,256,256,23
images/potassium_deficiency/potassium_0001_75.jpg,potassium_deficiency,POTASSIUM DEFICIENCY,256,256,1
images/potassium_deficiency/b_0001_280.jpg,potassium_deficiency,POTASSIUM DEFICIENCY,256,256,9
images/potassium_deficiency/c_0001_93.jpg,potassium_deficiency,POTASSIUM DEFICIENCY,256,256,35
images/potassium_deficiency/a_0001_65.jpg,potassium_deficiency,POTASSIUM DEFICIENCY,256,256,94
images/potassium_deficiency/a_0001_242.jpg,potassium_deficiency,POTASSIUM DEFICIENCY,256,256,45
images/potassium_deficiency/c_0001_132.jpg,potassium_deficiency,POTASSIUM DEFICIENCY,256,256,5
images/potassium_deficiency/b_0001_146.jpg,potassium_deficiency,POTASSIUM DEFICIENCY,256,256,5
images/potassium_deficiency/d_0001_125.jpg,potassium_deficiency,POTASSIUM DEFICIENCY,256,256,8
images/potassium_deficiency/b_0001_30.jpg,potassium_deficiency,POTASSIUM DEFICIENCY,256,256,44
images/potassium_deficiency/potassium_0001_223.jpg,potassium_deficiency,POTASSIUM DEFICIENCY,256,256,1
images/potassium_deficiency/d_0001_9.jpg,potassium_deficiency,POTASSIUM DEFICIENCY,256,256,14
images/potassium_deficiency/a_0001_184.jpg,potassium_deficiency,POTASSIUM DEFICIENCY,256,256,29
images/potassium_deficiency/d_0001_93.jpg,potassium_deficiency,POTASSIUM DEFICIENCY,256,256,8
images/potassium_deficiency/a_0001_32.jpg,potassium_deficiency,POTASSIUM DEFICIENCY,256,256,9
images/potassium_deficiency/potassium_0001_55.jpg,potassium_deficiency,POTASSIUM DEFICIENCY,256,256,18
images/potassium_deficiency/b_0001_238.jpg,potassium_deficiency,POTASSIUM DEFICIENCY,256,256,4
images/potassium_deficiency/c_0001_165.jpg,potassium_deficiency,POTASSIUM DEFICIENCY,256,256,4
images/potassium_deficiency/a_0001_215.jpg,potassium_deficiency,POTASSIUM DEFICIENCY,256,256,10
images/potassium_deficiency/b_0001_111.jpg,potassium_deficiency,POTASSIUM DEFICIENCY,256,256,95
images/potassium_deficiency/b_0001_88.jpg,potassium_deficiency,POTASSIUM DEFICIENCY,256,256,96
images/potassium_deficiency/potassium_0001_274.jpg,potassium_deficiency,POTASSIUM DEFICIENCY,256,256,1
images/potassium_deficiency/b_0001_67.jpg,potassium_deficiency,POTASSIUM DEFICIENCY,256,256,2
images/potassium_deficiency/d_0001_172.jpg,potassium_deficiency,POTASSIUM DEFICIENCY,256,256,41
images/potassium_deficiency/c_0001_309.jpg,potassium_deficiency,POTASSIUM DEFICIENCY,256,256,19
images/potassium_deficiency/a_0001_24.jpg,potassium_deficiency,POTASSIUM DEFICIENCY,256,256,29
images/potassium_deficiency/potassium_0001_43.jpg,potassium_deficiency,POTASSIUM DEFICIENCY,256,256,18
images/potassium_deficiency/d_0001_85.jpg,potassium_deficiency,POTASSIUM DEFICIENCY,256,256,16
images/potassium_deficiency/a_0001_203.jpg,potassium_deficiency,POTASSIUM DEFICIENCY,256,256,10
images/potassium_deficiency/c_0001_173.jpg,potassium_deficiency,POTASSIUM DEFICIENCY,256,256,4
images/potassium_deficiency/b_0001_107.jpg,potassium_deficiency,POTASSIUM DEFICIENCY,256,256,36
images/potassium_deficiency/d_0001_164.jpg,potassium_deficiency,POTASSIUM DEFICIENCY,256,256,37
images/potassium_deficiency/b_0001_71.jpg,potassium_deficiency,POTASSIUM DEFICIENCY,256,256,97
images/potassium_deficiency/potassium_0001_262.jpg,potassium_deficiency,POTASSIUM DEFICIENCY,256,256,1
images/potassium_deficiency/a_0001_73.jpg,potassium_deficiency,POTASSIUM DEFICIENCY,256,256,82
images/potassium_deficiency/potassium_0001_14.jpg,potassium_deficiency,POTASSIUM DEFICIENCY,256,256,34
images/potassium_deficiency/c_0001_85.jpg,potassium_deficiency,POTASSIUM DEFICIENCY,256,256,98
images/potassium_deficiency/b_0001_296.jpg,potassium_deficiency,POTASSIUM DEFICIENCY,256,256,9
images/potassium_deficiency/c_0001_124.jpg,potassium_deficiency,POTASSIUM DEFICIENCY,256,256,52
images/potassium_deficiency/b_0001_279.jpg,potassium_deficiency,POTASSIUM DEFICIENCY,256,256,9
images/potassium_deficiency/a_0001_254.jpg,potassium_deficiency,POTASSIUM DEFICIENCY,256,256,5
images/potassium_deficiency/b_0001_150.jpg,potassium_deficiency,POTASSIUM DEFICIENCY,256,256,28
images/potassium_deficiency/a_0001_192.jpg,potassium_deficiency,POTASSIUM DEFICIENCY,256,256,29
images/potassium_deficiency/potassium_0001_235.jpg,potassium_deficiency,POTASSIUM DEFICIENCY,256,256,1
images/potassium_deficiency/b_0001_26.jpg,potassium_deficiency,POTASSIUM DEFICIENCY,256,256,99
images/potassium_deficiency/d_0001_133.jpg,potassium_deficiency,POTASSIUM DEFICIENCY,256,256,31
images/potassium_deficiency/c_0001_348.jpg,potassium_deficiency,POTASSIUM DEFICIENCY,256,256,32
images/potassium_deficiency/b_0001_202.jpg,potassium_deficiency,POTASSIUM DEFICIENCY,256,256,7
images/potassium_deficiency/potassium_0001_80.jpg,potassium_deficiency,POTASSIUM DEFICIENCY,256,256,1
images/potassium_deficiency/c_0001_11.jpg,potassium_deficiency,POTASSIUM DEFICIENCY,256,256,25
images/potassium_deficiency/potassium_0001_188.jpg,potassium_deficiency,POTASSIUM DEFICIENCY,256,256,100
images/potassium_deficiency/d_0001_46.jpg,potassium_deficiency,POTASSIUM DEFICIENCY,256,256,101
images/potassium_deficiency/potassium_0001_167.jpg,potassium_deficiency,POTASSIUM DEFICIENCY,256,256,1
images/potassium_deficiency/d_0001_261.jpg,potassium_deficiency,POTASSIUM DEFICIENCY,256,256,27
images/potassium_deficiency/c_0001_299.jpg,potassium_deficiency,POTASSIUM DEFICIENCY,256,256,59
images/potassium_deficiency/d_0001_148.jpg,potassium_deficiency,POTASSIUM DEFICIENCY,256,256,102
images/potassium_deficiency/c_0001_333.jpg,potassium_deficiency,POTASSIUM DEFICIENCY,256,256,103
images/potassium_deficiency/c_0001_276.jpg,potassium_deficiency,POTASSIUM DEFICIENCY,256,256,104
images/potassium_deficiency/a_0001_8.jpg,potassium_deficiency,POTASSIUM DEFICIENCY,256,256,16
images/potassium_deficiency/a_0001_106.jpg,potassium_deficiency,POTASSIUM DEFICIENCY,256,256,105
images/potassium_deficiency/d_0001_11.jpg,potassium_deficiency,POTASSIUM DEFICIENCY,256,256,14
images/potassium_deficiency/a_0001_278.jpg,potassium_deficiency,POTASSIUM DEFICIENCY,256,256,4
images/potassium_deficiency/c_0001_46.jpg,potassium_deficiency,POTASSIUM DEFICIENCY,256,256,19
images/potassium_deficiency/b_0001_3.jpg,potassium_deficiency,POTASSIUM DEFICIENCY,256,256,9
images/potassium_deficiency/b_0001_255.jpg,potassium_deficiency,POTASSIUM DEFICIENCY,256,256,16
images/potassium_deficiency/c_0001_108.jpg,potassium_deficiency,POTASSIUM DEFICIENCY,256,256,15
images/potassium_deficiency/d_0001_236.jpg,potassium_deficiency,POTASSIUM DEFICIENCY,256,256,17
images/potassium_deficiency/potassium_0001_38.jpg,potassium_deficiency,POTASSIUM DEFICIENCY,256,256,18
images/potassium_deficiency/potassium_0001_130.jpg,potassium_deficiency,POTASSIUM DEFICIENCY,256,256,1
images/potassium_deficiency/b_0001_193.jpg,potassium_deficiency,POTASSIUM DEFICIENCY,256,256,7
images/potassium_deficiency/potassium_0001_219.jpg,potassium_deficiency,POTASSIUM DEFICIENCY,256,256,62
images/potassium_deficiency/a_0001_151.jpg,potassium_deficiency,POTASSIUM DEFICIENCY,256,256,11
images/potassium_deficiency/c_0001_221.jpg,potassium_deficiency,POTASSIUM DEFICIENCY,256,256,9
images/potassium_deficiency/b_0001_243.jpg,potassium_deficiency,POTASSIUM DEFICIENCY,256,256,4
images/potassium_deficiency/c_0001_50.jpg,potassium_deficiency,POTASSIUM DEFICIENCY,256,256,11
images/potassium_deficiency/potassium_0001_126.jpg,potassium_deficiency,POTASSIUM DEFICIENCY,256,256,1
images/potassium_deficiency/a_0001_281.jpg,potassium_deficiency,POTASSIUM DEFICIENCY,256,256,4
images/potassium_deficiency/a_0001_49.jpg,potassium_deficiency,POTASSIUM DEFICIENCY,256,256,9
images/potassium_deficiency/d_0001_220.jpg,potassium_deficiency,POTASSIUM DEFICIENCY,256,256,106
images/potassium_deficiency/b_0001_185.jpg,potassium_deficiency,POTASSIUM DEFICIENCY,256,256,7
images/potassium_deficiency/d_0001_109.jpg,potassium_deficiency,POTASSIUM DEFICIENCY,256,256,8
images/potassium_deficiency/c_0001_237.jpg,potassium_deficiency,POTASSIUM DEFICIENCY,256,256,9
images/potassium_deficiency/a_0001_147.jpg,potassium_deficiency,POTASSIUM DEFICIENCY,256,256,11
images/potassium_deficiency/d_0001_50.jpg,potassium_deficiency,POTASSIUM DEFICIENCY,256,256,4
images/potassium_deficiency/a_0001_239.jpg,potassium_deficiency,POTASSIUM DEFICIENCY,256,256,5
images/potassium_deficiency/potassium_0001_96.jpg,potassium_deficiency,POTASSIUM DEFICIENCY,256,256,1
images/potassium_deficiency/c_0001_149.jpg,potassium_deficiency,POTASSIUM DEFICIENCY,256,256,5
images/potassium_deficiency/b_0001_214.jpg,potassium_deficiency,POTASSIUM DEFICIENCY,256,256,6
images/potassium_deficiency/potassium_0001_79.jpg,potassium_deficiency,POTASSIUM DEFICIENCY,256,256,1
images/potassium_deficiency/potassium_0001_171.jpg,potassium_deficiency,POTASSIUM DEFICIENCY,256,256,1
images/potassium_deficiency/c_0001_325.jpg,potassium_deficiency,POTASSIUM DEFICIENCY,256,256,107
images/potassium_deficiency/potassium_0001_258.jpg,potassium_deficiency,POTASSIUM DEFICIENCY,256,256,1
images/potassium_deficiency/a_0001_110.jpg,potassium_deficiency,POTASSIUM DEFICIENCY,256,256,2
images/potassium_deficiency/c_0001_260.jpg,potassium_deficiency,POTASSIUM DEFICIENCY,256,256,44
images/potassium_deficiency/a_0001_232.jpg,potassium_deficiency,POTASSIUM DEFICIENCY,256,256,10
images/potassium_deficiency/potassium_0001_195.jpg,potassium_deficiency,POTASSIUM DEFICIENCY,256,256,47
images/potassium_deficiency/c_0001_142.jpg,potassium_deficiency,POTASSIUM DEFICIENCY,256,256,5
images/potassium_deficiency/a_0001_15.jpg,potassium_deficiency,POTASSIUM DEFICIENCY,256,256,23
images/potassium_deficiency/potassium_0001_72.jpg,potassium_deficiency,POTASSIUM DEFICIENCY,256,256,1
images/potassium_deficiency/d_0001_155.jpg,potassium_deficiency,POTASSIUM DEFICIENCY,256,256,108
images/potassium_deficiency/c_0001_284.jpg,potassium_deficiency,POTASSIUM DEFICIENCY,256,256,59
images/potassium_deficiency/b_0001_40.jpg,potassium_deficiency,POTASSIUM DEFICIENCY,256,256,109
images/potassium_deficiency/potassium_0001_253.jpg,potassium_deficiency,POTASSIUM DEFICIENCY,256,256,1
images/potassium_deficiency/b_0001_136.jpg,potassium_deficiency,POTASSIUM DEFICIENCY,256,256,51
images/potassium_deficiency/c_0001_115.jpg,potassium_deficiency,POTASSIUM DEFICIENCY,256,256,15
images/potassium_deficiency/b_0001_248.jpg,potassium_deficiency,POTASSIUM DEFICIENCY,256,256,4
images/potassium_deficiency/a_0001_265.jpg,potassium_deficiency,POTASSIUM DEFICIENCY,256,256,5
images/potassium_deficiency/a_0001_42.jpg,potassium_deficiency,POTASSIUM DEFICIENCY,256,256,9
images/potassium_deficiency/potassium_0001_25.jpg,potassium_deficiency,POTASSIUM DEFICIENCY,256,256,34
images/potassium_deficiency/potassium_0001_204.jpg,potassium_deficiency,POTASSIUM DEFICIENCY,256,256,11
images/potassium_deficiency/b_0001_17.jpg,potassium_deficiency,POTASSIUM DEFICIENCY,256,256,110
images/potassium_deficiency/d_0001_102.jpg,potassium_deficiency,POTASSIUM DEFICIENCY,256,256,8
images/potassium_deficiency/b_0001_161.jpg,potassium_deficiency,POTASSIUM DEFICIENCY,256,256,54
images/potassium_deficiency/a_0001_273.jpg,potassium_deficiency,POTASSIUM DEFICIENCY,256,256,4
images/potassium_deficiency/c_0001_103.jpg,potassium_deficiency,POTASSIUM DEFICIENCY,256,256,15
images/potassium_deficiency/b_0001_8.jpg,potassium_deficiency,POTASSIUM DEFICIENCY,256,256,9
images/potassium_deficiency/a_0001_54.jpg,potassium_deficiency,POTASSIUM DEFICIENCY,256,256,9
images/potassium_deficiency/potassium_0001_33.jpg,potassium_deficiency,POTASSIUM DEFICIENCY,256,256,18
images/potassium_deficiency/d_0001_114.jpg,potassium_deficiency,POTASSIUM DEFICIENCY,256,256,8
images/potassium_deficiency/b_0001_198.jpg,potassium_deficiency,POTASSIUM DEFICIENCY,256,256,7
images/potassium_deficiency/potassium_0001_212.jpg,potassium_deficiency,POTASSIUM DEFICIENCY,256,256,1
images/potassium_deficiency/b_0001_177.jpg,potassium_deficiency,POTASSIUM DEFICIENCY,256,256,7
images/potassium_deficiency/b_0001_209.jpg,potassium_deficiency,POTASSIUM DEFICIENCY,256,256,7
images/potassium_deficiency/c_0001_154.jpg,potassium_deficiency,POTASSIUM DEFICIENCY,256,256,5
images/potassium_deficiency/potassium_0001_183.jpg,potassium_deficiency,POTASSIUM DEFICIENCY,256,256,57
images/potassium_deficiency/a_0001_224.jpg,potassium_deficiency,POTASSIUM DEFICIENCY,256,256,10
images/potassium_deficiency/potassium_0001_64.jpg,potassium_deficiency,POTASSIUM DEFICIENCY,256,256,18
images/potassium_deficiency/potassium_0001_245.jpg,potassium_deficiency,POTASSIUM DEFICIENCY,256,256,1
images/potassium_deficiency/b_0001_56.jpg,potassium_deficiency,POTASSIUM DEFICIENCY,256,256,48
images/potassium_deficiency/c_0001_338.jpg,potassium_deficiency,POTASSIUM DEFICIENCY,256,256,111
images/potassium_deficiency/c_0001_292.jpg,potassium_deficiency,POTASSIUM DEFICIENCY,256,256,59
images/potassium_deficiency/d_0001_143.jpg,potassium_deficiency,POTASSIUM DEFICIENCY,256,256,112
images/potassium_deficiency/b_0001_120.jpg,potassium_deficiency,POTASSIUM DEFICIENCY,256,256,113
images/potassium_deficiency/potassium_0001_300.jpg,potassium_deficiency,POTASSIUM DEFICIENCY,256,256,34
images/potassium_deficiency/a_0001_3.jpg,potassium_deficiency,POTASSIUM DEFICIENCY,256,256,16
images/potassium_deficiency/potassium_0001_117.jpg,potassium_deficiency,POTASSIUM DEFICIENCY,256,256,1
images/potassium_deficiency/d_0001_211.jpg,potassium_deficiency,POTASSIUM DEFICIENCY,256,256,12
images/potassium_deficiency/a_0001_78.jpg,potassium_deficiency,POTASSIUM DEFICIENCY,256,256,114
images/potassium_deficiency/a_0001_97.jpg,potassium_deficiency,POTASSIUM DEFICIENCY,256,256,48
images/potassium_deficiency/c_0001_61.jpg,potassium_deficiency,POTASSIUM DEFICIENCY,256,256,115
images/potassium_deficiency/b_0001_272.jpg,potassium_deficiency,POTASSIUM DEFICIENCY,256,256,5
images/potassium_deficiency/d_0001_36.jpg,potassium_deficiency,POTASSIUM DEFICIENCY,256,256,5
images/potassium_deficiency/c_0001_206.jpg,potassium_deficiency,POTASSIUM DEFICIENCY,256,256,9
images/potassium_deficiency/a_0001_176.jpg,potassium_deficiency,POTASSIUM DEFICIENCY,256,256,45
images/potassium_deficiency/a_0001_199.jpg,potassium_deficiency,POTASSIUM DEFICIENCY,256,256,10
images/potassium_deficiency/c_0001_343.jpg,potassium_deficiency,POTASSIUM DEFICIENCY,256,256,85
images/potassium_deficiency/d_0001_138.jpg,potassium_deficiency,POTASSIUM DEFICIENCY,256,256,116
images/potassium_deficiency/potassium_0001_48.jpg,potassium_deficiency,POTASSIUM DEFICIENCY,256,256,18
images/potassium_deficiency/d_0001_246.jpg,potassium_deficiency,POTASSIUM DEFICIENCY,256,256,17
images/potassium_deficiency/c_0001_197.jpg,potassium_deficiency,POTASSIUM DEFICIENCY,256,256,64
images/potassium_deficiency/potassium_0001_140.jpg,potassium_deficiency,POTASSIUM DEFICIENCY,256,256,1
images/potassium_deficiency/a_0001_208.jpg,potassium_deficiency,POTASSIUM DEFICIENCY,256,256,10
images/potassium_deficiency/d_0001_61.jpg,potassium_deficiency,POTASSIUM DEFICIENCY,256,256,4
images/potassium_deficiency/c_0001_178.jpg,potassium_deficiency,POTASSIUM DEFICIENCY,256,256,64
images/potassium_deficiency/b_0001_225.jpg,potassium_deficiency,POTASSIUM DEFICIENCY,256,256,6
images/potassium_deficiency/c_0001_36.jpg,potassium_deficiency,POTASSIUM DEFICIENCY,256,256,117
images/potassium_deficiency/b_0001_95.jpg,potassium_deficiency,POTASSIUM DEFICIENCY,256,256,66
images/potassium_deficiency/potassium_0001_286.jpg,potassium_deficiency,POTASSIUM DEFICIENCY,256,256,1
images/potassium_deficiency/a_0001_121.jpg,potassium_deficiency,POTASSIUM DEFICIENCY,256,256,47
images/potassium_deficiency/d_0001_180.jpg,potassium_deficiency,POTASSIUM DEFICIENCY,256,256,118
images/potassium_deficiency/c_0001_251.jpg,potassium_deficiency,POTASSIUM DEFICIENCY,256,256,119
images/potassium_deficiency/c_0001_314.jpg,potassium_deficiency,POTASSIUM DEFICIENCY,256,256,120
images/potassium_deficiency/potassium_0001_269.jpg,potassium_deficiency,POTASSIUM DEFICIENCY,256,256,1
images/potassium_deficiency/d_0001_98.jpg,potassium_deficiency,POTASSIUM DEFICIENCY,256,256,8
images/potassium_deficiency/potassium_0001_156.jpg,potassium_deficiency,POTASSIUM DEFICIENCY,256,256,1
images/potassium_deficiency/c_0001_181.jpg,potassium_deficiency,POTASSIUM DEFICIENCY,256,256,64
images/potassium_deficiency/d_0001_250.jpg,potassium_deficiency,POTASSIUM DEFICIENCY,256,256,27
images/potassium_deficiency/a_0001_39.jpg,potassium_deficiency,POTASSIUM DEFICIENCY,256,256,9
images/potassium_deficiency/c_0001_20.jpg,potassium_deficiency,POTASSIUM DEFICIENCY,256,256,121
images/potassium_deficiency/b_0001_233.jpg,potassium_deficiency,POTASSIUM DEFICIENCY,256,256,4
images/potassium_deficiency/d_0001_77.jpg,potassium_deficiency,POTASSIUM DEFICIENCY,256,256,16
images/potassium_deficiency/c_0001_247.jpg,potassium_deficiency,POTASSIUM DEFICIENCY,256,256,122
images/potassium_deficiency/d_0001_196.jpg,potassium_deficiency,POTASSIUM DEFICIENCY,256,256,71
images/potassium_deficiency/a_0001_137.jpg,potassium_deficiency,POTASSIUM DEFICIENCY,256,256,100
images/potassium_deficiency/potassium_0001_290.jpg,potassium_deficiency,POTASSIUM DEFICIENCY,256,256,1
images/potassium_deficiency/b_0001_83.jpg,potassium_deficiency,POTASSIUM DEFICIENCY,256,256,70
images/potassium_deficiency/c_0001_302.jpg,potassium_deficiency,POTASSIUM DEFICIENCY,256,256,59
images/potassium_deficiency/d_0001_179.jpg,potassium_deficiency,POTASSIUM DEFICIENCY,256,256,71
images/potassium_deficiency/c_0001_98.jpg,potassium_deficiency,POTASSIUM DEFICIENCY,256,256,15
images/potassium_deficiency/d_0001_207.jpg,potassium_deficiency,POTASSIUM DEFICIENCY,256,256,90
images/potassium_deficiency/c_0001_1.jpg,potassium_deficiency,POTASSIUM DEFICIENCY,256,256,6
images/potassium_deficiency/potassium_0001_101.jpg,potassium_deficiency,POTASSIUM DEFICIENCY,256,256,1
images/potassium_deficiency/a_0001_249.jpg,potassium_deficiency,POTASSIUM DEFICIENCY,256,256,5
images/potassium_deficiency/d_0001_20.jpg,potassium_deficiency,POTASSIUM DEFICIENCY,256,256,5
images/potassium_deficiency/b_0001_264.jpg,potassium_deficiency,POTASSIUM DEFICIENCY,256,256,16
images/potassium_deficiency/c_0001_139.jpg,potassium_deficiency,POTASSIUM DEFICIENCY,256,256,5
images/potassium_deficiency/c_0001_77.jpg,potassium_deficiency,POTASSIUM DEFICIENCY,256,256,45
images/potassium_deficiency/a_0001_81.jpg,potassium_deficiency,POTASSIUM DEFICIENCY,256,256,123
images/potassium_deficiency/a_0001_160.jpg,potassium_deficiency,POTASSIUM DEFICIENCY,256,256,124
images/potassium_deficiency/c_0001_210.jpg,potassium_deficiency,POTASSIUM DEFICIENCY,256,256,9
images/potassium_deficiency/d_0001_2.jpg,potassium_deficiency,POTASSIUM DEFICIENCY,256,256,125
images/potassium_deficiency/potassium_0001_228.jpg,potassium_deficiency,POTASSIUM DEFICIENCY,256,256,45
images/potassium_deficiency/c_0001_322.jpg,potassium_deficiency,POTASSIUM DEFICIENCY,256,256,126
images/potassium_deficiency/c_0001_288.jpg,potassium_deficiency,POTASSIUM DEFICIENCY,256,256,59
images/potassium_deficiency/d_0001_159.jpg,potassium_deficiency,POTASSIUM DEFICIENCY,256,256,127
images/potassium_deficiency/c_0001_267.jpg,potassium_deficiency,POTASSIUM DEFICIENCY,256,256,128
images/potassium_deficiency/a_0001_117.jpg,potassium_deficiency,POTASSIUM DEFICIENCY,256,256,97
images/potassium_deficiency/potassium_0001_91.jpg,potassium_deficiency,POTASSIUM DEFICIENCY,256,256,1
images/potassium_deficiency/b_0001_213.jpg,potassium_deficiency,POTASSIUM DEFICIENCY,256,256,6
images/potassium_deficiency/potassium_0001_199.jpg,potassium_deficiency,POTASSIUM DEFICIENCY,256,256,11
images/potassium_deficiency/d_0001_57.jpg,potassium_deficiency,POTASSIUM DEFICIENCY,256,256,129
images/potassium_deficiency/potassium_0001_176.jpg,potassium_deficiency,POTASSIUM DEFICIENCY,256,256,83
images/potassium_deficiency/potassium_0001_7.jpg,potassium_deficiency,POTASSIUM DEFICIENCY,256,256,34
images/potassium_deficiency/d_0001_270.jpg,potassium_deficiency,POTASSIUM DEFICIENCY,256,256,14
images/potassium_deficiency/a_0001_19.jpg,potassium_deficiency,POTASSIUM DEFICIENCY,256,256,9
images/potassium_deficiency/b_0001_182.jpg,potassium_deficiency,POTASSIUM DEFICIENCY,256,256,7
images/potassium_deficiency/potassium_0001_208.jpg,potassium_deficiency,POTASSIUM DEFICIENCY,256,256,11
images/potassium_deficiency/a_0001_140.jpg,potassium_deficiency,POTASSIUM DEFICIENCY,256,256,47
images/potassium_deficiency/c_0001_230.jpg,potassium_deficiency,POTASSIUM DEFICIENCY,256,256,9
images/potassium_deficiency/a_0001_269.jpg,potassium_deficiency,POTASSIUM DEFICIENCY,256,256,5
images/potassium_deficiency/b_0001_244.jpg,potassium_deficiency,POTASSIUM DEFICIENCY,256,256,4
images/potassium_deficiency/c_0001_119.jpg,potassium_deficiency,POTASSIUM DEFICIENCY,256,256,15
images/potassium_deficiency/c_0001_57.jpg,potassium_deficiency,POTASSIUM DEFICIENCY,256,256,19
images/potassium_deficiency/b_0001_301.jpg,potassium_deficiency,POTASSIUM DEFICIENCY,256,256,9
images/potassium_deficiency/potassium_0001_29.jpg,potassium_deficiency,POTASSIUM DEFICIENCY,256,256,18
images/potassium_deficiency/d_0001_227.jpg,potassium_deficiency,POTASSIUM DEFICIENCY,256,256,17
images/potassium_deficiency/potassium_0001_121.jpg,potassium_deficiency,POTASSIUM DEFICIENCY,256,256,1
images/potassium_deficiency/a_0001_286.jpg,potassium_deficiency,POTASSIUM DEFICIENCY,256,256,29
images/potassium_deficiency/b_0001_194.jpg,potassium_deficiency,POTASSIUM DEFICIENCY,256,256,7
images/potassium_deficiency/d_0001_118.jpg,potassium_deficiency,POTASSIUM DEFICIENCY,256,256,8
images/potassium_deficiency/c_0001_226.jpg,potassium_deficiency,POTASSIUM DEFICIENCY,256,256,9
images/potassium_deficiency/a_0001_156.jpg,potassium_deficiency,POTASSIUM DEFICIENCY,256,256,55
images/potassium_deficiency/b_0001_4.jpg,potassium_deficiency,POTASSIUM DEFICIENCY,256,256,9
images/potassium_deficiency/c_0001_41.jpg,potassium_deficiency,POTASSIUM DEFICIENCY,256,256,47
images/potassium_deficiency/b_0001_252.jpg,potassium_deficiency,POTASSIUM DEFICIENCY,256,256,4
images/potassium_deficiency/d_0001_16.jpg,potassium_deficiency,POTASSIUM DEFICIENCY,256,256,5
images/potassium_deficiency/a_0001_290.jpg,potassium_deficiency,POTASSIUM DEFICIENCY,256,256,16
images/potassium_deficiency/potassium_0001_137.jpg,potassium_deficiency,POTASSIUM DEFICIENCY,256,256,1
images/potassium_deficiency/d_0001_231.jpg,potassium_deficiency,POTASSIUM DEFICIENCY,256,256,130
images/potassium_deficiency/a_0001_58.jpg,potassium_deficiency,POTASSIUM DEFICIENCY,256,256,131
images/potassium_deficiency/c_0001_334.jpg,potassium_deficiency,POTASSIUM DEFICIENCY,256,256,132
images/potassium_deficiency/potassium_0001_249.jpg,potassium_deficiency,POTASSIUM DEFICIENCY,256,256,1
images/potassium_deficiency/a_0001_101.jpg,potassium_deficiency,POTASSIUM DEFICIENCY,256,256,29
images/potassium_deficiency/c_0001_271.jpg,potassium_deficiency,POTASSIUM DEFICIENCY,256,256,133
images/potassium_deficiency/a_0001_228.jpg,potassium_deficiency,POTASSIUM DEFICIENCY,256,256,10
images/potassium_deficiency/d_0001_41.jpg,potassium_deficiency,POTASSIUM DEFICIENCY,256,256,5
images/potassium_deficiency/c_0001_158.jpg,potassium_deficiency,POTASSIUM DEFICIENCY,256,256,4
images/potassium_deficiency/b_0001_205.jpg,potassium_deficiency,POTASSIUM DEFICIENCY,256,256,7
images/potassium_deficiency/c_0001_16.jpg,potassium_deficiency,POTASSIUM DEFICIENCY,256,256,134
images/potassium_deficiency/potassium_0001_87.jpg,potassium_deficiency,POTASSIUM DEFICIENCY,256,256,1
images/potassium_deficiency/potassium_0001_68.jpg,potassium_deficiency,POTASSIUM DEFICIENCY,256,256,1
images/potassium_deficiency/d_0001_266.jpg,potassium_deficiency,POTASSIUM DEFICIENCY,256,256,14
images/potassium_deficiency/potassium_0001_160.jpg,potassium_deficiency,POTASSIUM DEFICIENCY,256,256,1
images/potassium_deficiency/b_0001_157.jpg,potassium_deficiency,POTASSIUM DEFICIENCY,256,256,5
images/potassium_deficiency/d_0001_134.jpg,potassium_deficiency,POTASSIUM DEFICIENCY,256,256,135
images/potassium_deficiency/a_0001_195.jpg,potassium_deficiency,POTASSIUM DEFICIENCY,256,256,29
images/potassium_deficiency/b_0001_21.jpg,potassium_deficiency,POTASSIUM DEFICIENCY,256,256,136
images/potassium_deficiency/potassium_0001_232.jpg,potassium_deficiency,POTASSIUM DEFICIENCY,256,256,1
images/potassium_deficiency/c_0001_82.jpg,potassium_deficiency,POTASSIUM DEFICIENCY,256,256,45
images/potassium_deficiency/a_0001_74.jpg,potassium_deficiency,POTASSIUM DEFICIENCY,256,256,137
images/potassium_deficiency/potassium_0001_13.jpg,potassium_deficiency,POTASSIUM DEFICIENCY,256,256,1
images/potassium_deficiency/b_0001_291.jpg,potassium_deficiency,POTASSIUM DEFICIENCY,256,256,9
images/potassium_deficiency/a_0001_253.jpg,potassium_deficiency,POTASSIUM DEFICIENCY,256,256,45
images/potassium_deficiency/c_0001_123.jpg,potassium_deficiency,POTASSIUM DEFICIENCY,256,256,5
images/potassium_deficiency/b_0001_100.jpg,potassium_deficiency,POTASSIUM DEFICIENCY,256,256,36
images/potassium_deficiency/b_0001_99.jpg,potassium_deficiency,POTASSIUM DEFICIENCY,256,256,36
images/potassium_deficiency/potassium_0001_265.jpg,potassium_deficiency,POTASSIUM DEFICIENCY,256,256,1
images/potassium_deficiency/b_0001_76.jpg,potassium_deficiency,POTASSIUM DEFICIENCY,256,256,138
images/potassium_deficiency/c_0001_318.jpg,potassium_deficiency,POTASSIUM DEFICIENCY,256,256,139
images/potassium_deficiency/d_0001_163.jpg,potassium_deficiency,POTASSIUM DEFICIENCY,256,256,140
images/potassium_deficiency/d_0001_82.jpg,potassium_deficiency,POTASSIUM DEFICIENCY,256,256,16
images/potassium_deficiency/a_0001_23.jpg,potassium_deficiency,POTASSIUM DEFICIENCY,256,256,9
images/potassium_deficiency/potassium_0001_44.jpg,potassium_deficiency,POTASSIUM DEFICIENCY,256,256,18
images/potassium_deficiency/b_0001_229.jpg,potassium_deficiency,POTASSIUM DEFICIENCY,256,256,6
images/potassium_deficiency/c_0001_174.jpg,potassium_deficiency,POTASSIUM DEFICIENCY,256,256,4
images/potassium_deficiency/a_0001_204.jpg,potassium_deficiency,POTASSIUM DEFICIENCY,256,256,10
images/potassium_deficiency/b_0001_116.jpg,potassium_deficiency,POTASSIUM DEFICIENCY,256,256,141
images/potassium_deficiency/d_0001_175.jpg,potassium_deficiency,POTASSIUM DEFICIENCY,256,256,41
images/potassium_deficiency/b_0001_60.jpg,potassium_deficiency,POTASSIUM DEFICIENCY,256,256,142
images/potassium_deficiency/potassium_0001_273.jpg,potassium_deficiency,POTASSIUM DEFICIENCY,256,256,1
images/potassium_deficiency/a_0001_35.jpg,potassium_deficiency,POTASSIUM DEFICIENCY,256,256,29
images/potassium_deficiency/potassium_0001_52.jpg,potassium_deficiency,POTASSIUM DEFICIENCY,256,256,18
images/potassium_deficiency/d_0001_94.jpg,potassium_deficiency,POTASSIUM DEFICIENCY,256,256,8
images/potassium_deficiency/a_0001_212.jpg,potassium_deficiency,POTASSIUM DEFICIENCY,256,256,10
images/potassium_deficiency/c_0001_162.jpg,potassium_deficiency,POTASSIUM DEFICIENCY,256,256,4
images/potassium_deficiency/b_0001_141.jpg,potassium_deficiency,POTASSIUM DEFICIENCY,256,256,28
images/potassium_deficiency/potassium_0001_224.jpg,potassium_deficiency,POTASSIUM DEFICIENCY,256,256,1
images/potassium_deficiency/b_0001_37.jpg,potassium_deficiency,POTASSIUM DEFICIENCY,256,256,143
images/potassium_deficiency/a_0001_183.jpg,potassium_deficiency,POTASSIUM DEFICIENCY,256,256,29
images/potassium_deficiency/d_0001_122.jpg,potassium_deficiency,POTASSIUM DEFICIENCY,256,256,8
images/potassium_deficiency/b_0001_287.jpg,potassium_deficiency,POTASSIUM DEFICIENCY,256,256,9
images/potassium_deficiency/a_0001_62.jpg,potassium_deficiency,POTASSIUM DEFICIENCY,256,256,110
images/potassium_deficiency/c_0001_94.jpg,potassium_deficiency,POTASSIUM DEFICIENCY,256,256,35
images/potassium_deficiency/c_0001_135.jpg,potassium_deficiency,POTASSIUM DEFICIENCY,256,256,59
images/potassium_deficiency/b_0001_268.jpg,potassium_deficiency,POTASSIUM DEFICIENCY,256,256,16
images/potassium_deficiency/a_0001_245.jpg,potassium_deficiency,POTASSIUM DEFICIENCY,256,256,5
images/potassium_deficiency/b_0001_286.jpg,potassium_deficiency,POTASSIUM DEFICIENCY,256,256,9
images/potassium_deficiency/a_0001_63.jpg,potassium_deficiency,POTASSIUM DEFICIENCY,256,256,144
images/potassium_deficiency/c_0001_95.jpg,potassium_deficiency,POTASSIUM DEFICIENCY,256,256,35
images/potassium_deficiency/b_0001_269.jpg,potassium_deficiency,POTASSIUM DEFICIENCY,256,256,23
images/potassium_deficiency/c_0001_134.jpg,potassium_deficiency,POTASSIUM DEFICIENCY,256,256,5
images/potassium_deficiency/a_0001_244.jpg,potassium_deficiency,POTASSIUM DEFICIENCY,256,256,5
images/potassium_deficiency/b_0001_140.jpg,potassium_deficiency,POTASSIUM DEFICIENCY,256,256,145
images/potassium_deficiency/potassium_0001_225.jpg,potassium_deficiency,POTASSIUM DEFICIENCY,256,256,62
images/potassium_deficiency/b_0001_36.jpg,potassium_deficiency,POTASSIUM DEFICIENCY,256,256,123
images/potassium_deficiency/a_0001_182.jpg,potassium_deficiency,POTASSIUM DEFICIENCY,256,256,45
images/potassium_deficiency/d_0001_123.jpg,potassium_deficiency,POTASSIUM DEFICIENCY,256,256,8
images/potassium_deficiency/a_0001_34.jpg,potassium_deficiency,POTASSIUM DEFICIENCY,256,256,9
images/potassium_deficiency/potassium_0001_53.jpg,potassium_deficiency,POTASSIUM DEFICIENCY,256,256,18
images/potassium_deficiency/d_0001_95.jpg,potassium_deficiency,POTASSIUM DEFICIENCY,256,256,8
images/potassium_deficiency/a_0001_213.jpg,potassium_deficiency,POTASSIUM DEFICIENCY,256,256,10
images/potassium_deficiency/c_0001_163.jpg,potassium_deficiency,POTASSIUM DEFICIENCY,256,256,4
images/potassium_deficiency/b_0001_117.jpg,potassium_deficiency,POTASSIUM DEFICIENCY,256,256,146
images/potassium_deficiency/d_0001_174.jpg,potassium_deficiency,POTASSIUM DEFICIENCY,256,256,41
images/potassium_deficiency/b_0001_61.jpg,potassium_deficiency,POTASSIUM DEFICIENCY,256,256,105
images/potassium_deficiency/potassium_0001_272.jpg,potassium_deficiency,POTASSIUM DEFICIENCY,256,256,1
images/potassium_deficiency/d_0001_83.jpg,potassium_deficiency,POTASSIUM DEFICIENCY,256,256,16
images/potassium_deficiency/a_0001_22.jpg,potassium_deficiency,POTASSIUM DEFICIENCY,256,256,9
images/potassium_deficiency/potassium_0001_45.jpg,potassium_deficiency,POTASSIUM DEFICIENCY,256,256,18
images/potassium_deficiency/c_0001_175.jpg,potassium_deficiency,POTASSIUM DEFICIENCY,256,256,4
images/potassium_deficiency/b_0001_228.jpg,potassium_deficiency,POTASSIUM DEFICIENCY,256,256,6
images/potassium_deficiency/a_0001_205.jpg,potassium_deficiency,POTASSIUM DEFICIENCY,256,256,10
images/potassium_deficiency/b_0001_101.jpg,potassium_deficiency,POTASSIUM DEFICIENCY,256,256,5
images/potassium_deficiency/b_0001_98.jpg,potassium_deficiency,POTASSIUM DEFICIENCY,256,256,36
images/potassium_deficiency/potassium_0001_264.jpg,potassium_deficiency,POTASSIUM DEFICIENCY,256,256,1
images/potassium_deficiency/b_0001_77.jpg,potassium_deficiency,POTASSIUM DEFICIENCY,256,256,138
images/potassium_deficiency/c_0001_319.jpg,potassium_deficiency,POTASSIUM DEFICIENCY,256,256,147
images/potassium_deficiency/d_0001_162.jpg,potassium_deficiency,POTASSIUM DEFICIENCY,256,256,148
images/potassium_deficiency/c_0001_83.jpg,potassium_deficiency,POTASSIUM DEFICIENCY,256,256,149
images/potassium_deficiency/a_0001_75.jpg,potassium_deficiency,POTASSIUM DEFICIENCY,256,256,44
images/potassium_deficiency/potassium_0001_12.jpg,potassium_deficiency,POTASSIUM DEFICIENCY,256,256,34
images/potassium_deficiency/b_0001_290.jpg,potassium_deficiency,POTASSIUM DEFICIENCY,256,256,9
images/potassium_deficiency/a_0001_252.jpg,potassium_deficiency,POTASSIUM DEFICIENCY,256,256,5
images/potassium_deficiency/c_0001_122.jpg,potassium_deficiency,POTASSIUM DEFICIENCY,256,256,15
images/potassium_deficiency/b_0001_156.jpg,potassium_deficiency,POTASSIUM DEFICIENCY,256,256,54
images/potassium_deficiency/d_0001_135.jpg,potassium_deficiency,POTASSIUM DEFICIENCY,256,256,43
images/potassium_deficiency/a_0001_194.jpg,potassium_deficiency,POTASSIUM DEFICIENCY,256,256,29
images/potassium_deficiency/b_0001_20.jpg,potassium_deficiency,POTASSIUM DEFICIENCY,256,256,94
images/potassium_deficiency/potassium_0001_233.jpg,potassium_deficiency,POTASSIUM DEFICIENCY,256,256,1
images/potassium_deficiency/a_0001_229.jpg,potassium_deficiency,POTASSIUM DEFICIENCY,256,256,10
images/potassium_deficiency/d_0001_40.jpg,potassium_deficiency,POTASSIUM DEFICIENCY,256,256,5
images/potassium_deficiency/b_0001_204.jpg,potassium_deficiency,POTASSIUM DEFICIENCY,256,256,7
images/potassium_deficiency/c_0001_159.jpg,potassium_deficiency,POTASSIUM DEFICIENCY,256,256,4
images/potassium_deficiency/c_0001_17.jpg,potassium_deficiency,POTASSIUM DEFICIENCY,256,256,150
images/potassium_deficiency/potassium_0001_86.jpg,potassium_deficiency,POTASSIUM DEFICIENCY,256,256,1
images/potassium_deficiency/potassium_0001_69.jpg,potassium_deficiency,POTASSIUM DEFICIENCY,256,256,18
images/potassium_deficiency/d_0001_267.jpg,potassium_deficiency,POTASSIUM DEFICIENCY,256,256,14
images/potassium_deficiency/potassium_0001_161.jpg,potassium_deficiency,POTASSIUM DEFICIENCY,256,256,1
images/potassium_deficiency/c_0001_335.jpg,potassium_deficiency,POTASSIUM DEFICIENCY,256,256,151
images/potassium_deficiency/potassium_0001_248.jpg,potassium_deficiency,POTASSIUM DEFICIENCY,256,256,1
images/potassium_deficiency/a_0001_100.jpg,potassium_deficiency,POTASSIUM DEFICIENCY,256,256,48
images/potassium_deficiency/c_0001_270.jpg,potassium_deficiency,POTASSIUM DEFICIENCY,256,256,152
images/potassium_deficiency/b_0001_5.jpg,potassium_deficiency,POTASSIUM DEFICIENCY,256,256,9
images/potassium_deficiency/c_0001_40.jpg,potassium_deficiency,POTASSIUM DEFICIENCY,256,256,47
images/potassium_deficiency/b_0001_253.jpg,potassium_deficiency,POTASSIUM DEFICIENCY,256,256,16
images/potassium_deficiency/d_0001_17.jpg,potassium_deficiency,POTASSIUM DEFICIENCY,256,256,5
images/potassium_deficiency/a_0001_291.jpg,potassium_deficiency,POTASSIUM DEFICIENCY,256,256,16
images/potassium_deficiency/potassium_0001_136.jpg,potassium_deficiency,POTASSIUM DEFICIENCY,256,256,1
images/potassium_deficiency/d_0001_230.jpg,potassium_deficiency,POTASSIUM DEFICIENCY,256,256,17
images/potassium_deficiency/a_0001_59.jpg,potassium_deficiency,POTASSIUM DEFICIENCY,256,256,153
images/potassium_deficiency/b_0001_195.jpg,potassium_deficiency,POTASSIUM DEFICIENCY,256,256,7
images/potassium_deficiency/d_0001_119.jpg,potassium_deficiency,POTASSIUM DEFICIENCY,256,256,8
images/potassium_deficiency/c_0001_227.jpg,potassium_deficiency,POTASSIUM DEFICIENCY,256,256,9
images/potassium_deficiency/a_0001_157.jpg,potassium_deficiency,POTASSIUM DEFICIENCY,256,256,10
images/potassium_deficiency/a_0001_268.jpg,potassium_deficiency,POTASSIUM DEFICIENCY,256,256,5
images/potassium_deficiency/c_0001_118.jpg,potassium_deficiency,POTASSIUM DEFICIENCY,256,256,15
images/potassium_deficiency/b_0001_245.jpg,potassium_deficiency,POTASSIUM DEFICIENCY,256,256,4
images/potassium_deficiency/c_0001_56.jpg,potassium_deficiency,POTASSIUM DEFICIENCY,256,256,154
images/potassium_deficiency/b_0001_300.jpg,potassium_deficiency,POTASSIUM DEFICIENCY,256,256,9
images/potassium_deficiency/potassium_0001_28.jpg,potassium_deficiency,POTASSIUM DEFICIENCY,256,256,34
images/potassium_deficiency/d_0001_226.jpg,potassium_deficiency,POTASSIUM DEFICIENCY,256,256,17
images/potassium_deficiency/potassium_0001_120.jpg,potassium_deficiency,POTASSIUM DEFICIENCY,256,256,1
images/potassium_deficiency/a_0001_287.jpg,potassium_deficiency,POTASSIUM DEFICIENCY,256,256,4
images/potassium_deficiency/b_0001_183.jpg,potassium_deficiency,POTASSIUM DEFICIENCY,256,256,7
images/potassium_deficiency/potassium_0001_209.jpg,potassium_deficiency,POTASSIUM DEFICIENCY,256,256,11
images/potassium_deficiency/a_0001_141.jpg,potassium_deficiency,POTASSIUM DEFICIENCY,256,256,47
images/potassium_deficiency/c_0001_231.jpg,potassium_deficiency,POTASSIUM DEFICIENCY,256,256,9
images/potassium_deficiency/potassium_0001_90.jpg,potassium_deficiency,POTASSIUM DEFICIENCY,256,256,1
images/potassium_deficiency/b_0001_212.jpg,potassium_deficiency,POTASSIUM DEFICIENCY,256,256,5
images/potassium_deficiency/d_0001_56.jpg,potassium_deficiency,POTASSIUM DEFICIENCY,256,256,4
images/potassium_deficiency/potassium_0001_198.jpg,potassium_deficiency,POTASSIUM DEFICIENCY,256,256,11
images/potassium_deficiency/potassium_0001_177.jpg,potassium_deficiency,POTASSIUM DEFICIENCY,256,256,83
images/potassium_deficiency/potassium_0001_6.jpg,potassium_deficiency,POTASSIUM DEFICIENCY,256,256,34
images/potassium_deficiency/d_0001_271.jpg,potassium_deficiency,POTASSIUM DEFICIENCY,256,256,14
images/potassium_deficiency/a_0001_18.jpg,potassium_deficiency,POTASSIUM DEFICIENCY,256,256,9
images/potassium_deficiency/c_0001_323.jpg,potassium_deficiency,POTASSIUM DEFICIENCY,256,256,155
images/potassium_deficiency/c_0001_289.jpg,potassium_deficiency,POTASSIUM DEFICIENCY,256,256,59
images/potassium_deficiency/d_0001_158.jpg,potassium_deficiency,POTASSIUM DEFICIENCY,256,256,156
images/potassium_deficiency/c_0001_266.jpg,potassium_deficiency,POTASSIUM DEFICIENCY,256,256,157
images/potassium_deficiency/a_0001_116.jpg,potassium_deficiency,POTASSIUM DEFICIENCY,256,256,38
images/potassium_deficiency/a_0001_161.jpg,potassium_deficiency,POTASSIUM DEFICIENCY,256,256,89
images/potassium_deficiency/c_0001_211.jpg,potassium_deficiency,POTASSIUM DEFICIENCY,256,256,9
images/potassium_deficiency/d_0001_3.jpg,potassium_deficiency,POTASSIUM DEFICIENCY,256,256,14
images/potassium_deficiency/potassium_0001_229.jpg,potassium_deficiency,POTASSIUM DEFICIENCY,256,256,158
images/potassium_deficiency/c_0001_99.jpg,potassium_deficiency,POTASSIUM DEFICIENCY,256,256,15
images/potassium_deficiency/d_0001_206.jpg,potassium_deficiency,POTASSIUM DEFICIENCY,256,256,90
images/potassium_deficiency/potassium_0001_100.jpg,potassium_deficiency,POTASSIUM DEFICIENCY,256,256,1
images/potassium_deficiency/a_0001_248.jpg,potassium_deficiency,POTASSIUM DEFICIENCY,256,256,5
images/potassium_deficiency/d_0001_21.jpg,potassium_deficiency,POTASSIUM DEFICIENCY,256,256,5
images/potassium_deficiency/c_0001_138.jpg,potassium_deficiency,POTASSIUM DEFICIENCY,256,256,5
images/potassium_deficiency/b_0001_265.jpg,potassium_deficiency,POTASSIUM DEFICIENCY,256,256,16
images/potassium_deficiency/c_0001_76.jpg,potassium_deficiency,POTASSIUM DEFICIENCY,256,256,159
images/potassium_deficiency/a_0001_80.jpg,potassium_deficiency,POTASSIUM DEFICIENCY,256,256,160
images/potassium_deficiency/c_0001_246.jpg,potassium_deficiency,POTASSIUM DEFICIENCY,256,256,59
images/potassium_deficiency/d_0001_197.jpg,potassium_deficiency,POTASSIUM DEFICIENCY,256,256,71
images/potassium_deficiency/a_0001_136.jpg,potassium_deficiency,POTASSIUM DEFICIENCY,256,256,26
images/potassium_deficiency/potassium_0001_291.jpg,potassium_deficiency,POTASSIUM DEFICIENCY,256,256,1
images/potassium_deficiency/b_0001_82.jpg,potassium_deficiency,POTASSIUM DEFICIENCY,256,256,70
images/potassium_deficiency/c_0001_303.jpg,potassium_deficiency,POTASSIUM DEFICIENCY,256,256,59
images/potassium_deficiency/d_0001_178.jpg,potassium_deficiency,POTASSIUM DEFICIENCY,256,256,161
images/potassium_deficiency/potassium_0001_157.jpg,potassium_deficiency,POTASSIUM DEFICIENCY,256,256,1
images/potassium_deficiency/d_0001_99.jpg,potassium_deficiency,POTASSIUM DEFICIENCY,256,256,8
images/potassium_deficiency/c_0001_180.jpg,potassium_deficiency,POTASSIUM DEFICIENCY,256,256,64
images/potassium_deficiency/d_0001_251.jpg,potassium_deficiency,POTASSIUM DEFICIENCY,256,256,27
images/potassium_deficiency/a_0001_38.jpg,potassium_deficiency,POTASSIUM DEFICIENCY,256,256,9
images/potassium_deficiency/c_0001_21.jpg,potassium_deficiency,POTASSIUM DEFICIENCY,256,256,47
images/potassium_deficiency/b_0001_232.jpg,potassium_deficiency,POTASSIUM DEFICIENCY,256,256,5
images/potassium_deficiency/d_0001_76.jpg,potassium_deficiency,POTASSIUM DEFICIENCY,256,256,16
images/potassium_deficiency/b_0001_94.jpg,potassium_deficiency,POTASSIUM DEFICIENCY,256,256,66
images/potassium_deficiency/potassium_0001_287.jpg,potassium_deficiency,POTASSIUM DEFICIENCY,256,256,1
images/potassium_deficiency/a_0001_120.jpg,potassium_deficiency,POTASSIUM DEFICIENCY,256,256,97
images/potassium_deficiency/d_0001_181.jpg,potassium_deficiency,POTASSIUM DEFICIENCY,256,256,161
images/potassium_deficiency/c_0001_250.jpg,potassium_deficiency,POTASSIUM DEFICIENCY,256,256,162
images/potassium_deficiency/c_0001_315.jpg,potassium_deficiency,POTASSIUM DEFICIENCY,256,256,163
images/potassium_deficiency/potassium_0001_268.jpg,potassium_deficiency,POTASSIUM DEFICIENCY,256,256,1
images/potassium_deficiency/potassium_0001_49.jpg,potassium_deficiency,POTASSIUM DEFICIENCY,256,256,18
images/potassium_deficiency/d_0001_247.jpg,potassium_deficiency,POTASSIUM DEFICIENCY,256,256,17
images/potassium_deficiency/c_0001_196.jpg,potassium_deficiency,POTASSIUM DEFICIENCY,256,256,64
images/potassium_deficiency/potassium_0001_141.jpg,potassium_deficiency,POTASSIUM DEFICIENCY,256,256,1
images/potassium_deficiency/a_0001_209.jpg,potassium_deficiency,POTASSIUM DEFICIENCY,256,256,10
images/potassium_deficiency/d_0001_60.jpg,potassium_deficiency,POTASSIUM DEFICIENCY,256,256,4
images/potassium_deficiency/b_0001_224.jpg,potassium_deficiency,POTASSIUM DEFICIENCY,256,256,5
images/potassium_deficiency/c_0001_179.jpg,potassium_deficiency,POTASSIUM DEFICIENCY,256,256,59
images/potassium_deficiency/c_0001_37.jpg,potassium_deficiency,POTASSIUM DEFICIENCY,256,256,100
images/potassium_deficiency/c_0001_207.jpg,potassium_deficiency,POTASSIUM DEFICIENCY,256,256,9
images/potassium_deficiency/a_0001_177.jpg,potassium_deficiency,POTASSIUM DEFICIENCY,256,256,45
images/potassium_deficiency/a_0001_198.jpg,potassium_deficiency,POTASSIUM DEFICIENCY,256,256,10
images/potassium_deficiency/c_0001_342.jpg,potassium_deficiency,POTASSIUM DEFICIENCY,256,256,19
images/potassium_deficiency/d_0001_139.jpg,potassium_deficiency,POTASSIUM DEFICIENCY,256,256,164
images/potassium_deficiency/potassium_0001_116.jpg,potassium_deficiency,POTASSIUM DEFICIENCY,256,256,1
images/potassium_deficiency/d_0001_210.jpg,potassium_deficiency,POTASSIUM DEFICIENCY,256,256,12
images/potassium_deficiency/a_0001_79.jpg,potassium_deficiency,POTASSIUM DEFICIENCY,256,256,29
images/potassium_deficiency/a_0001_96.jpg,potassium_deficiency,POTASSIUM DEFICIENCY,256,256,48
images/potassium_deficiency/c_0001_60.jpg,potassium_deficiency,POTASSIUM DEFICIENCY,256,256,154
images/potassium_deficiency/b_0001_273.jpg,potassium_deficiency,POTASSIUM DEFICIENCY,256,256,23
images/potassium_deficiency/d_0001_37.jpg,potassium_deficiency,POTASSIUM DEFICIENCY,256,256,5
images/potassium_deficiency/potassium_0001_244.jpg,potassium_deficiency,POTASSIUM DEFICIENCY,256,256,1
images/potassium_deficiency/b_0001_57.jpg,potassium_deficiency,POTASSIUM DEFICIENCY,256,256,5
images/potassium_deficiency/c_0001_339.jpg,potassium_deficiency,POTASSIUM DEFICIENCY,256,256,165
images/potassium_deficiency/c_0001_293.jpg,potassium_deficiency,POTASSIUM DEFICIENCY,256,256,59
images/potassium_deficiency/d_0001_142.jpg,potassium_deficiency,POTASSIUM DEFICIENCY,256,256,166
images/potassium_deficiency/b_0001_121.jpg,potassium_deficiency,POTASSIUM DEFICIENCY,256,256,167
images/potassium_deficiency/potassium_0001_301.jpg,potassium_deficiency,POTASSIUM DEFICIENCY,256,256,34
images/potassium_deficiency/a_0001_2.jpg,potassium_deficiency,POTASSIUM DEFICIENCY,256,256,29
images/potassium_deficiency/c_0001_155.jpg,potassium_deficiency,POTASSIUM DEFICIENCY,256,256,5
images/potassium_deficiency/b_0001_208.jpg,potassium_deficiency,POTASSIUM DEFICIENCY,256,256,7
images/potassium_deficiency/potassium_0001_182.jpg,potassium_deficiency,POTASSIUM DEFICIENCY,256,256,57
images/potassium_deficiency/a_0001_225.jpg,potassium_deficiency,POTASSIUM DEFICIENCY,256,256,10
images/potassium_deficiency/potassium_0001_65.jpg,potassium_deficiency,POTASSIUM DEFICIENCY,256,256,18
images/potassium_deficiency/d_0001_115.jpg,potassium_deficiency,POTASSIUM DEFICIENCY,256,256,8
images/potassium_deficiency/b_0001_199.jpg,potassium_deficiency,POTASSIUM DEFICIENCY,256,256,7
images/potassium_deficiency/potassium_0001_213.jpg,potassium_deficiency,POTASSIUM DEFICIENCY,256,256,55
images/potassium_deficiency/b_0001_176.jpg,potassium_deficiency,POTASSIUM DEFICIENCY,256,256,54
images/potassium_deficiency/a_0001_272.jpg,potassium_deficiency,POTASSIUM DEFICIENCY,256,256,4
images/potassium_deficiency/c_0001_102.jpg,potassium_deficiency,POTASSIUM DEFICIENCY,256,256,15
images/potassium_deficiency/b_0001_9.jpg,potassium_deficiency,POTASSIUM DEFICIENCY,256,256,9
images/potassium_deficiency/a_0001_55.jpg,potassium_deficiency,POTASSIUM DEFICIENCY,256,256,91
images/potassium_deficiency/potassium_0001_32.jpg,potassium_deficiency,POTASSIUM DEFICIENCY,256,256,18
images/potassium_deficiency/potassium_0001_205.jpg,potassium_deficiency,POTASSIUM DEFICIENCY,256,256,11
images/potassium_deficiency/b_0001_16.jpg,potassium_deficiency,POTASSIUM DEFICIENCY,256,256,168
images/potassium_deficiency/d_0001_103.jpg,potassium_deficiency,POTASSIUM DEFICIENCY,256,256,8
images/potassium_deficiency/b_0001_160.jpg,potassium_deficiency,POTASSIUM DEFICIENCY,256,256,54
images/potassium_deficiency/b_0001_249.jpg,potassium_deficiency,POTASSIUM DEFICIENCY,256,256,4
images/potassium_deficiency/c_0001_114.jpg,potassium_deficiency,POTASSIUM DEFICIENCY,256,256,15
images/potassium_deficiency/a_0001_264.jpg,potassium_deficiency,POTASSIUM DEFICIENCY,256,256,45
images/potassium_deficiency/a_0001_43.jpg,potassium_deficiency,POTASSIUM DEFICIENCY,256,256,9
images/potassium_deficiency/potassium_0001_24.jpg,potassium_deficiency,POTASSIUM DEFICIENCY,256,256,1
images/potassium_deficiency/d_0001_154.jpg,potassium_deficiency,POTASSIUM DEFICIENCY,256,256,49
images/potassium_deficiency/c_0001_285.jpg,potassium_deficiency,POTASSIUM DEFICIENCY,256,256,59
images/potassium_deficiency/b_0001_41.jpg,potassium_deficiency,POTASSIUM DEFICIENCY,256,256,79
images/potassium_deficiency/potassium_0001_252.jpg,potassium_deficiency,POTASSIUM DEFICIENCY,256,256,1
images/potassium_deficiency/b_0001_137.jpg,potassium_deficiency,POTASSIUM DEFICIENCY,256,256,51
images/potassium_deficiency/a_0001_233.jpg,potassium_deficiency,POTASSIUM DEFICIENCY,256,256,10
images/potassium_deficiency/potassium_0001_194.jpg,potassium_deficiency,POTASSIUM DEFICIENCY,256,256,47
images/potassium_deficiency/c_0001_143.jpg,potassium_deficiency,POTASSIUM DEFICIENCY,256,256,5
images/potassium_deficiency/a_0001_14.jpg,potassium_deficiency,POTASSIUM DEFICIENCY,256,256,23
images/potassium_deficiency/potassium_0001_73.jpg,potassium_deficiency,POTASSIUM DEFICIENCY,256,256,1
images/potassium_deficiency/b_0001_39.jpg,potassium_deficiency,POTASSIUM DEFICIENCY,256,256,169
images/potassium_deficiency/c_0001_212.jpg,potassium_deficiency,POTASSIUM DEFICIENCY,256,256,59
images/potassium_deficiency/a_0001_162.jpg,potassium_deficiency,POTASSIUM DEFICIENCY,256,256,62
images/potassium_deficiency/b_0001_266.jpg,potassium_deficiency,POTASSIUM DEFICIENCY,256,256,16
images/potassium_deficiency/c_0001_75.jpg,potassium_deficiency,POTASSIUM DEFICIENCY,256,256,45
images/potassium_deficiency/a_0001_83.jpg,potassium_deficiency,POTASSIUM DEFICIENCY,256,256,170
images/potassium_deficiency/d_0001_22.jpg,potassium_deficiency,POTASSIUM DEFICIENCY,256,256,5
images/potassium_deficiency/c_0001_3.jpg,potassium_deficiency,POTASSIUM DEFICIENCY,256,256,32
images/potassium_deficiency/potassium_0001_103.jpg,potassium_deficiency,POTASSIUM DEFICIENCY,256,256,1
images/potassium_deficiency/d_0001_205.jpg,potassium_deficiency,POTASSIUM DEFICIENCY,256,256,90
images/potassium_deficiency/b_0001_289.jpg,potassium_deficiency,POTASSIUM DEFICIENCY,256,256,9
images/potassium_deficiency/c_0001_300.jpg,potassium_deficiency,POTASSIUM DEFICIENCY,256,256,59
images/potassium_deficiency/a_0001_135.jpg,potassium_deficiency,POTASSIUM DEFICIENCY,256,256,10
images/potassium_deficiency/potassium_0001_292.jpg,potassium_deficiency,POTASSIUM DEFICIENCY,256,256,1
images/potassium_deficiency/b_0001_81.jpg,potassium_deficiency,POTASSIUM DEFICIENCY,256,256,70
images/potassium_deficiency/b_0001_118.jpg,potassium_deficiency,POTASSIUM DEFICIENCY,256,256,141
images/potassium_deficiency/c_0001_245.jpg,potassium_deficiency,POTASSIUM DEFICIENCY,256,256,171
images/potassium_deficiency/d_0001_194.jpg,potassium_deficiency,POTASSIUM DEFICIENCY,256,256,172
images/potassium_deficiency/d_0001_75.jpg,potassium_deficiency,POTASSIUM DEFICIENCY,256,256,16
images/potassium_deficiency/c_0001_22.jpg,potassium_deficiency,POTASSIUM DEFICIENCY,256,256,69
images/potassium_deficiency/b_0001_231.jpg,potassium_deficiency,POTASSIUM DEFICIENCY,256,256,5
images/potassium_deficiency/c_0001_183.jpg,potassium_deficiency,POTASSIUM DEFICIENCY,256,256,64
images/potassium_deficiency/d_0001_252.jpg,potassium_deficiency,POTASSIUM DEFICIENCY,256,256,27
images/potassium_deficiency/potassium_0001_154.jpg,potassium_deficiency,POTASSIUM DEFICIENCY,256,256,1
images/potassium_deficiency/b_0001_78.jpg,potassium_deficiency,POTASSIUM DEFICIENCY,256,256,138
images/potassium_deficiency/c_0001_316.jpg,potassium_deficiency,POTASSIUM DEFICIENCY,256,256,173
images/potassium_deficiency/d_0001_182.jpg,potassium_deficiency,POTASSIUM DEFICIENCY,256,256,174
images/potassium_deficiency/c_0001_253.jpg,potassium_deficiency,POTASSIUM DEFICIENCY,256,256,175
images/potassium_deficiency/b_0001_97.jpg,potassium_deficiency,POTASSIUM DEFICIENCY,256,256,36
images/potassium_deficiency/potassium_0001_284.jpg,potassium_deficiency,POTASSIUM DEFICIENCY,256,256,1
images/potassium_deficiency/a_0001_123.jpg,potassium_deficiency,POTASSIUM DEFICIENCY,256,256,83
images/potassium_deficiency/b_0001_227.jpg,potassium_deficiency,POTASSIUM DEFICIENCY,256,256,6
images/potassium_deficiency/c_0001_34.jpg,potassium_deficiency,POTASSIUM DEFICIENCY,256,256,100
images/potassium_deficiency/d_0001_63.jpg,potassium_deficiency,POTASSIUM DEFICIENCY,256,256,4
images/potassium_deficiency/potassium_0001_142.jpg,potassium_deficiency,POTASSIUM DEFICIENCY,256,256,1
images/potassium_deficiency/d_0001_244.jpg,potassium_deficiency,POTASSIUM DEFICIENCY,256,256,17
images/potassium_deficiency/c_0001_195.jpg,potassium_deficiency,POTASSIUM DEFICIENCY,256,256,64
images/potassium_deficiency/c_0001_341.jpg,potassium_deficiency,POTASSIUM DEFICIENCY,256,256,85
images/potassium_deficiency/a_0001_174.jpg,potassium_deficiency,POTASSIUM DEFICIENCY,256,256,158
images/potassium_deficiency/c_0001_204.jpg,potassium_deficiency,POTASSIUM DEFICIENCY,256,256,9
images/potassium_deficiency/b_0001_159.jpg,potassium_deficiency,POTASSIUM DEFICIENCY,256,256,54
images/potassium_deficiency/d_0001_34.jpg,potassium_deficiency,POTASSIUM DEFICIENCY,256,256,5
images/potassium_deficiency/a_0001_95.jpg,potassium_deficiency,POTASSIUM DEFICIENCY,256,256,48
images/potassium_deficiency/c_0001_63.jpg,potassium_deficiency,POTASSIUM DEFICIENCY,256,256,115
images/potassium_deficiency/b_0001_270.jpg,potassium_deficiency,POTASSIUM DEFICIENCY,256,256,23
images/potassium_deficiency/d_0001_213.jpg,potassium_deficiency,POTASSIUM DEFICIENCY,256,256,12
images/potassium_deficiency/potassium_0001_115.jpg,potassium_deficiency,POTASSIUM DEFICIENCY,256,256,1
images/potassium_deficiency/potassium_0001_302.jpg,potassium_deficiency,POTASSIUM DEFICIENCY,256,256,34
images/potassium_deficiency/a_0001_1.jpg,potassium_deficiency,POTASSIUM DEFICIENCY,256,256,45
images/potassium_deficiency/b_0001_122.jpg,potassium_deficiency,POTASSIUM DEFICIENCY,256,256,51
images/potassium_deficiency/c_0001_290.jpg,potassium_deficiency,POTASSIUM DEFICIENCY,256,256,59
images/potassium_deficiency/d_0001_141.jpg,potassium_deficiency,POTASSIUM DEFICIENCY,256,256,176
images/potassium_deficiency/potassium_0001_247.jpg,potassium_deficiency,POTASSIUM DEFICIENCY,256,256,1
images/potassium_deficiency/b_0001_54.jpg,potassium_deficiency,POTASSIUM DEFICIENCY,256,256,48
images/potassium_deficiency/d_0001_268.jpg,potassium_deficiency,POTASSIUM DEFICIENCY,256,256,14
images/potassium_deficiency/potassium_0001_66.jpg,potassium_deficiency,POTASSIUM DEFICIENCY,256,256,18
images/potassium_deficiency/potassium_0001_181.jpg,potassium_deficiency,POTASSIUM DEFICIENCY,256,256,57
images/potassium_deficiency/a_0001_226.jpg,potassium_deficiency,POTASSIUM DEFICIENCY,256,256,10
images/potassium_deficiency/potassium_0001_89.jpg,potassium_deficiency,POTASSIUM DEFICIENCY,256,256,1
images/potassium_deficiency/c_0001_18.jpg,potassium_deficiency,POTASSIUM DEFICIENCY,256,256,150
images/potassium_deficiency/c_0001_156.jpg,potassium_deficiency,POTASSIUM DEFICIENCY,256,256,5
images/potassium_deficiency/b_0001_175.jpg,potassium_deficiency,POTASSIUM DEFICIENCY,256,256,54
images/potassium_deficiency/c_0001_228.jpg,potassium_deficiency,POTASSIUM DEFICIENCY,256,256,9
images/potassium_deficiency/a_0001_158.jpg,potassium_deficiency,POTASSIUM DEFICIENCY,256,256,124
images/potassium_deficiency/potassium_0001_210.jpg,potassium_deficiency,POTASSIUM DEFICIENCY,256,256,55
images/potassium_deficiency/d_0001_116.jpg,potassium_deficiency,POTASSIUM DEFICIENCY,256,256,8
images/potassium_deficiency/potassium_0001_139.jpg,potassium_deficiency,POTASSIUM DEFICIENCY,256,256,1
images/potassium_deficiency/potassium_0001_31.jpg,potassium_deficiency,POTASSIUM DEFICIENCY,256,256,18
images/potassium_deficiency/a_0001_56.jpg,potassium_deficiency,POTASSIUM DEFICIENCY,256,256,131
images/potassium_deficiency/c_0001_101.jpg,potassium_deficiency,POTASSIUM DEFICIENCY,256,256,52
images/potassium_deficiency/a_0001_271.jpg,potassium_deficiency,POTASSIUM DEFICIENCY,256,256,4
images/potassium_deficiency/d_0001_18.jpg,potassium_deficiency,POTASSIUM DEFICIENCY,256,256,5
images/potassium_deficiency/b_0001_163.jpg,potassium_deficiency,POTASSIUM DEFICIENCY,256,256,54
images/potassium_deficiency/d_0001_100.jpg,potassium_deficiency,POTASSIUM DEFICIENCY,256,256,8
images/potassium_deficiency/potassium_0001_206.jpg,potassium_deficiency,POTASSIUM DEFICIENCY,256,256,11
images/potassium_deficiency/b_0001_15.jpg,potassium_deficiency,POTASSIUM DEFICIENCY,256,256,177
images/potassium_deficiency/d_0001_229.jpg,potassium_deficiency,POTASSIUM DEFICIENCY,256,256,17
images/potassium_deficiency/potassium_0001_27.jpg,potassium_deficiency,POTASSIUM DEFICIENCY,256,256,34
images/potassium_deficiency/a_0001_40.jpg,potassium_deficiency,POTASSIUM DEFICIENCY,256,256,9
images/potassium_deficiency/a_0001_288.jpg,potassium_deficiency,POTASSIUM DEFICIENCY,256,256,4
images/potassium_deficiency/a_0001_267.jpg,potassium_deficiency,POTASSIUM DEFICIENCY,256,256,5
images/potassium_deficiency/c_0001_59.jpg,potassium_deficiency,POTASSIUM DEFICIENCY,256,256,154
images/potassium_deficiency/c_0001_117.jpg,potassium_deficiency,POTASSIUM DEFICIENCY,256,256,15
images/potassium_deficiency/c_0001_269.jpg,potassium_deficiency,POTASSIUM DEFICIENCY,256,256,178
images/potassium_deficiency/b_0001_134.jpg,potassium_deficiency,POTASSIUM DEFICIENCY,256,256,51
images/potassium_deficiency/a_0001_119.jpg,potassium_deficiency,POTASSIUM DEFICIENCY,256,256,97
images/potassium_deficiency/b_0001_42.jpg,potassium_deficiency,POTASSIUM DEFICIENCY,256,256,75
images/potassium_deficiency/potassium_0001_251.jpg,potassium_deficiency,POTASSIUM DEFICIENCY,256,256,1
images/potassium_deficiency/d_0001_157.jpg,potassium_deficiency,POTASSIUM DEFICIENCY,256,256,43
images/potassium_deficiency/c_0001_286.jpg,potassium_deficiency,POTASSIUM DEFICIENCY,256,256,59
images/potassium_deficiency/potassium_0001_178.jpg,potassium_deficiency,POTASSIUM DEFICIENCY,256,256,83
images/potassium_deficiency/potassium_0001_70.jpg,potassium_deficiency,POTASSIUM DEFICIENCY,256,256,1
images/potassium_deficiency/a_0001_17.jpg,potassium_deficiency,POTASSIUM DEFICIENCY,256,256,9
images/potassium_deficiency/potassium_0001_9.jpg,potassium_deficiency,POTASSIUM DEFICIENCY,256,256,34
images/potassium_deficiency/c_0001_140.jpg,potassium_deficiency,POTASSIUM DEFICIENCY,256,256,5
images/potassium_deficiency/a_0001_230.jpg,potassium_deficiency,POTASSIUM DEFICIENCY,256,256,10
images/potassium_deficiency/potassium_0001_197.jpg,potassium_deficiency,POTASSIUM DEFICIENCY,256,256,11
images/potassium_deficiency/d_0001_59.jpg,potassium_deficiency,POTASSIUM DEFICIENCY,256,256,4
images/potassium_deficiency/a_0001_247.jpg,potassium_deficiency,POTASSIUM DEFICIENCY,256,256,5
images/potassium_deficiency/c_0001_79.jpg,potassium_deficiency,POTASSIUM DEFICIENCY,256,256,19
images/potassium_deficiency/c_0001_137.jpg,potassium_deficiency,POTASSIUM DEFICIENCY,256,256,5
images/potassium_deficiency/b_0001_285.jpg,potassium_deficiency,POTASSIUM DEFICIENCY,256,256,9
images/potassium_deficiency/d_0001_209.jpg,potassium_deficiency,POTASSIUM DEFICIENCY,256,256,179
images/potassium_deficiency/a_0001_60.jpg,potassium_deficiency,POTASSIUM DEFICIENCY,256,256,177
images/potassium_deficiency/c_0001_96.jpg,potassium_deficiency,POTASSIUM DEFICIENCY,256,256,35
images/potassium_deficiency/d_0001_120.jpg,potassium_deficiency,POTASSIUM DEFICIENCY,256,256,8
images/potassium_deficiency/potassium_0001_226.jpg,potassium_deficiency,POTASSIUM DEFICIENCY,256,256,45
images/potassium_deficiency/b_0001_35.jpg,potassium_deficiency,POTASSIUM DEFICIENCY,256,256,5
images/potassium_deficiency/a_0001_181.jpg,potassium_deficiency,POTASSIUM DEFICIENCY,256,256,45
images/potassium_deficiency/b_0001_143.jpg,potassium_deficiency,POTASSIUM DEFICIENCY,256,256,28
images/potassium_deficiency/c_0001_160.jpg,potassium_deficiency,POTASSIUM DEFICIENCY,256,256,4
images/potassium_deficiency/a_0001_210.jpg,potassium_deficiency,POTASSIUM DEFICIENCY,256,256,10
images/potassium_deficiency/d_0001_79.jpg,potassium_deficiency,POTASSIUM DEFICIENCY,256,256,180
images/potassium_deficiency/d_0001_96.jpg,potassium_deficiency,POTASSIUM DEFICIENCY,256,256,8
images/potassium_deficiency/potassium_0001_158.jpg,potassium_deficiency,POTASSIUM DEFICIENCY,256,256,1
images/potassium_deficiency/potassium_0001_50.jpg,potassium_deficiency,POTASSIUM DEFICIENCY,256,256,18
images/potassium_deficiency/a_0001_37.jpg,potassium_deficiency,POTASSIUM DEFICIENCY,256,256,9
images/potassium_deficiency/b_0001_62.jpg,potassium_deficiency,POTASSIUM DEFICIENCY,256,256,24
images/potassium_deficiency/potassium_0001_271.jpg,potassium_deficiency,POTASSIUM DEFICIENCY,256,256,1
images/potassium_deficiency/d_0001_177.jpg,potassium_deficiency,POTASSIUM DEFICIENCY,256,256,41
images/potassium_deficiency/d_0001_198.jpg,potassium_deficiency,POTASSIUM DEFICIENCY,256,256,48
images/potassium_deficiency/c_0001_249.jpg,potassium_deficiency,POTASSIUM DEFICIENCY,256,256,181
images/potassium_deficiency/b_0001_114.jpg,potassium_deficiency,POTASSIUM DEFICIENCY,256,256,95
images/potassium_deficiency/a_0001_139.jpg,potassium_deficiency,POTASSIUM DEFICIENCY,256,256,47
images/potassium_deficiency/a_0001_206.jpg,potassium_deficiency,POTASSIUM DEFICIENCY,256,256,10
images/potassium_deficiency/c_0001_38.jpg,potassium_deficiency,POTASSIUM DEFICIENCY,256,256,47
images/potassium_deficiency/c_0001_176.jpg,potassium_deficiency,POTASSIUM DEFICIENCY,256,256,4
images/potassium_deficiency/c_0001_199.jpg,potassium_deficiency,POTASSIUM DEFICIENCY,256,256,9
images/potassium_deficiency/d_0001_248.jpg,potassium_deficiency,POTASSIUM DEFICIENCY,256,256,17
images/potassium_deficiency/potassium_0001_46.jpg,potassium_deficiency,POTASSIUM DEFICIENCY,256,256,1
images/potassium_deficiency/a_0001_21.jpg,potassium_deficiency,POTASSIUM DEFICIENCY,256,256,9
images/potassium_deficiency/d_0001_80.jpg,potassium_deficiency,POTASSIUM DEFICIENCY,256,256,16
images/potassium_deficiency/d_0001_161.jpg,potassium_deficiency,POTASSIUM DEFICIENCY,256,256,182
images/potassium_deficiency/potassium_0001_267.jpg,potassium_deficiency,POTASSIUM DEFICIENCY,256,256,1
images/potassium_deficiency/b_0001_74.jpg,potassium_deficiency,POTASSIUM DEFICIENCY,256,256,97
images/potassium_deficiency/potassium_0001_288.jpg,potassium_deficiency,POTASSIUM DEFICIENCY,256,256,1
images/potassium_deficiency/b_0001_102.jpg,potassium_deficiency,POTASSIUM DEFICIENCY,256,256,36
images/potassium_deficiency/c_0001_121.jpg,potassium_deficiency,POTASSIUM DEFICIENCY,256,256,15
images/potassium_deficiency/a_0001_99.jpg,potassium_deficiency,POTASSIUM DEFICIENCY,256,256,48
images/potassium_deficiency/a_0001_251.jpg,potassium_deficiency,POTASSIUM DEFICIENCY,256,256,5
images/potassium_deficiency/d_0001_38.jpg,potassium_deficiency,POTASSIUM DEFICIENCY,256,256,5
images/potassium_deficiency/potassium_0001_119.jpg,potassium_deficiency,POTASSIUM DEFICIENCY,256,256,1
images/potassium_deficiency/c_0001_80.jpg,potassium_deficiency,POTASSIUM DEFICIENCY,256,256,45
images/potassium_deficiency/potassium_0001_11.jpg,potassium_deficiency,POTASSIUM DEFICIENCY,256,256,34
images/potassium_deficiency/a_0001_76.jpg,potassium_deficiency,POTASSIUM DEFICIENCY,256,256,44
images/potassium_deficiency/b_0001_293.jpg,potassium_deficiency,POTASSIUM DEFICIENCY,256,256,9
images/potassium_deficiency/a_0001_197.jpg,potassium_deficiency,POTASSIUM DEFICIENCY,256,256,29
images/potassium_deficiency/b_0001_23.jpg,potassium_deficiency,POTASSIUM DEFICIENCY,256,256,78
images/potassium_deficiency/potassium_0001_230.jpg,potassium_deficiency,POTASSIUM DEFICIENCY,256,256,1
images/potassium_deficiency/d_0001_136.jpg,potassium_deficiency,POTASSIUM DEFICIENCY,256,256,183
images/potassium_deficiency/b_0001_155.jpg,potassium_deficiency,POTASSIUM DEFICIENCY,256,256,54
images/potassium_deficiency/c_0001_208.jpg,potassium_deficiency,POTASSIUM DEFICIENCY,256,256,9
images/potassium_deficiency/a_0001_178.jpg,potassium_deficiency,POTASSIUM DEFICIENCY,256,256,45
images/potassium_deficiency/potassium_0001_162.jpg,potassium_deficiency,POTASSIUM DEFICIENCY,256,256,1
images/potassium_deficiency/d_0001_264.jpg,potassium_deficiency,POTASSIUM DEFICIENCY,256,256,184
images/potassium_deficiency/b_0001_207.jpg,potassium_deficiency,POTASSIUM DEFICIENCY,256,256,7
images/potassium_deficiency/c_0001_14.jpg,potassium_deficiency,POTASSIUM DEFICIENCY,256,256,25
images/potassium_deficiency/potassium_0001_85.jpg,potassium_deficiency,POTASSIUM DEFICIENCY,256,256,1
images/potassium_deficiency/d_0001_43.jpg,potassium_deficiency,POTASSIUM DEFICIENCY,256,256,5
images/potassium_deficiency/c_0001_273.jpg,potassium_deficiency,POTASSIUM DEFICIENCY,256,256,185
images/potassium_deficiency/a_0001_103.jpg,potassium_deficiency,POTASSIUM DEFICIENCY,256,256,186
images/potassium_deficiency/b_0001_58.jpg,potassium_deficiency,POTASSIUM DEFICIENCY,256,256,187
images/potassium_deficiency/c_0001_336.jpg,potassium_deficiency,POTASSIUM DEFICIENCY,256,256,188
images/potassium_deficiency/d_0001_233.jpg,potassium_deficiency,POTASSIUM DEFICIENCY,256,256,17
images/potassium_deficiency/a_0001_292.jpg,potassium_deficiency,POTASSIUM DEFICIENCY,256,256,16
images/potassium_deficiency/potassium_0001_135.jpg,potassium_deficiency,POTASSIUM DEFICIENCY,256,256,1
images/potassium_deficiency/d_0001_14.jpg,potassium_deficiency,POTASSIUM DEFICIENCY,256,256,14
images/potassium_deficiency/b_0001_6.jpg,potassium_deficiency,POTASSIUM DEFICIENCY,256,256,9
images/potassium_deficiency/c_0001_43.jpg,potassium_deficiency,POTASSIUM DEFICIENCY,256,256,11
images/potassium_deficiency/b_0001_250.jpg,potassium_deficiency,POTASSIUM DEFICIENCY,256,256,5
images/potassium_deficiency/a_0001_154.jpg,potassium_deficiency,POTASSIUM DEFICIENCY,256,256,11
images/potassium_deficiency/c_0001_224.jpg,potassium_deficiency,POTASSIUM DEFICIENCY,256,256,59
images/potassium_deficiency/b_0001_179.jpg,potassium_deficiency,POTASSIUM DEFICIENCY,256,256,5
images/potassium_deficiency/b_0001_196.jpg,potassium_deficiency,POTASSIUM DEFICIENCY,256,256,7
images/potassium_deficiency/potassium_0001_123.jpg,potassium_deficiency,POTASSIUM DEFICIENCY,256,256,1
images/potassium_deficiency/a_0001_284.jpg,potassium_deficiency,POTASSIUM DEFICIENCY,256,256,4
images/potassium_deficiency/b_0001_303.jpg,potassium_deficiency,POTASSIUM DEFICIENCY,256,256,9
images/potassium_deficiency/d_0001_225.jpg,potassium_deficiency,POTASSIUM DEFICIENCY,256,256,17
images/potassium_deficiency/b_0001_246.jpg,potassium_deficiency,POTASSIUM DEFICIENCY,256,256,4
images/potassium_deficiency/c_0001_55.jpg,potassium_deficiency,POTASSIUM DEFICIENCY,256,256,11
images/potassium_deficiency/c_0001_232.jpg,potassium_deficiency,POTASSIUM DEFICIENCY,256,256,9
images/potassium_deficiency/a_0001_142.jpg,potassium_deficiency,POTASSIUM DEFICIENCY,256,256,11
images/potassium_deficiency/b_0001_19.jpg,potassium_deficiency,POTASSIUM DEFICIENCY,256,256,189
images/potassium_deficiency/b_0001_180.jpg,potassium_deficiency,POTASSIUM DEFICIENCY,256,256,7
images/potassium_deficiency/potassium_0001_5.jpg,potassium_deficiency,POTASSIUM DEFICIENCY,256,256,34
images/potassium_deficiency/d_0001_272.jpg,potassium_deficiency,POTASSIUM DEFICIENCY,256,256,14
images/potassium_deficiency/potassium_0001_174.jpg,potassium_deficiency,POTASSIUM DEFICIENCY,256,256,1
images/potassium_deficiency/d_0001_55.jpg,potassium_deficiency,POTASSIUM DEFICIENCY,256,256,4
images/potassium_deficiency/potassium_0001_93.jpg,potassium_deficiency,POTASSIUM DEFICIENCY,256,256,1
images/potassium_deficiency/b_0001_211.jpg,potassium_deficiency,POTASSIUM DEFICIENCY,256,256,6
images/potassium_deficiency/a_0001_115.jpg,potassium_deficiency,POTASSIUM DEFICIENCY,256,256,190
images/potassium_deficiency/b_0001_138.jpg,potassium_deficiency,POTASSIUM DEFICIENCY,256,256,145
images/potassium_deficiency/c_0001_265.jpg,potassium_deficiency,POTASSIUM DEFICIENCY,256,256,191
images/potassium_deficiency/c_0001_320.jpg,potassium_deficiency,POTASSIUM DEFICIENCY,256,256,19
images/potassium_deficiency/a_0001_114.jpg,potassium_deficiency,POTASSIUM DEFICIENCY,256,256,2
images/potassium_deficiency/c_0001_264.jpg,potassium_deficiency,POTASSIUM DEFICIENCY,256,256,192
images/potassium_deficiency/b_0001_139.jpg,potassium_deficiency,POTASSIUM DEFICIENCY,256,256,28
images/potassium_deficiency/c_0001_321.jpg,potassium_deficiency,POTASSIUM DEFICIENCY,256,256,193
images/potassium_deficiency/potassium_0001_4.jpg,potassium_deficiency,POTASSIUM DEFICIENCY,256,256,34
images/potassium_deficiency/d_0001_273.jpg,potassium_deficiency,POTASSIUM DEFICIENCY,256,256,14
images/potassium_deficiency/potassium_0001_175.jpg,potassium_deficiency,POTASSIUM DEFICIENCY,256,256,47
images/potassium_deficiency/d_0001_54.jpg,potassium_deficiency,POTASSIUM DEFICIENCY,256,256,4
images/potassium_deficiency/potassium_0001_92.jpg,potassium_deficiency,POTASSIUM DEFICIENCY,256,256,1
images/potassium_deficiency/b_0001_210.jpg,potassium_deficiency,POTASSIUM DEFICIENCY,256,256,7
images/potassium_deficiency/c_0001_233.jpg,potassium_deficiency,POTASSIUM DEFICIENCY,256,256,9
images/potassium_deficiency/a_0001_143.jpg,potassium_deficiency,POTASSIUM DEFICIENCY,256,256,11
images/potassium_deficiency/b_0001_18.jpg,potassium_deficiency,POTASSIUM DEFICIENCY,256,256,194
images/potassium_deficiency/b_0001_181.jpg,potassium_deficiency,POTASSIUM DEFICIENCY,256,256,7
images/potassium_deficiency/potassium_0001_122.jpg,potassium_deficiency,POTASSIUM DEFICIENCY,256,256,1
images/potassium_deficiency/a_0001_285.jpg,potassium_deficiency,POTASSIUM DEFICIENCY,256,256,4
images/potassium_deficiency/b_0001_302.jpg,potassium_deficiency,POTASSIUM DEFICIENCY,256,256,9
images/potassium_deficiency/d_0001_224.jpg,potassium_deficiency,POTASSIUM DEFICIENCY,256,256,17
images/potassium_deficiency/b_0001_247.jpg,potassium_deficiency,POTASSIUM DEFICIENCY,256,256,4
images/potassium_deficiency/c_0001_54.jpg,potassium_deficiency,POTASSIUM DEFICIENCY,256,256,11
images/potassium_deficiency/a_0001_155.jpg,potassium_deficiency,POTASSIUM DEFICIENCY,256,256,11
images/potassium_deficiency/b_0001_178.jpg,potassium_deficiency,POTASSIUM DEFICIENCY,256,256,7
images/potassium_deficiency/c_0001_225.jpg,potassium_deficiency,POTASSIUM DEFICIENCY,256,256,9
images/potassium_deficiency/b_0001_197.jpg,potassium_deficiency,POTASSIUM DEFICIENCY,256,256,7
images/potassium_deficiency/d_0001_232.jpg,potassium_deficiency,POTASSIUM DEFICIENCY,256,256,17
images/potassium_deficiency/a_0001_293.jpg,potassium_deficiency,POTASSIUM DEFICIENCY,256,256,16
images/potassium_deficiency/potassium_0001_134.jpg,potassium_deficiency,POTASSIUM DEFICIENCY,256,256,1
images/potassium_deficiency/d_0001_15.jpg,potassium_deficiency,POTASSIUM DEFICIENCY,256,256,14
images/potassium_deficiency/b_0001_7.jpg,potassium_deficiency,POTASSIUM DEFICIENCY,256,256,9
images/potassium_deficiency/c_0001_42.jpg,potassium_deficiency,POTASSIUM DEFICIENCY,256,256,11
images/potassium_deficiency/b_0001_251.jpg,potassium_deficiency,POTASSIUM DEFICIENCY,256,256,4
images/potassium_deficiency/c_0001_272.jpg,potassium_deficiency,POTASSIUM DEFICIENCY,256,256,185
images/potassium_deficiency/a_0001_102.jpg,potassium_deficiency,POTASSIUM DEFICIENCY,256,256,48
images/potassium_deficiency/b_0001_59.jpg,potassium_deficiency,POTASSIUM DEFICIENCY,256,256,142
images/potassium_deficiency/c_0001_337.jpg,potassium_deficiency,POTASSIUM DEFICIENCY,256,256,195
images/potassium_deficiency/potassium_0001_163.jpg,potassium_deficiency,POTASSIUM DEFICIENCY,256,256,1
images/potassium_deficiency/d_0001_265.jpg,potassium_deficiency,POTASSIUM DEFICIENCY,256,256,14
images/potassium_deficiency/b_0001_206.jpg,potassium_deficiency,POTASSIUM DEFICIENCY,256,256,7
images/potassium_deficiency/c_0001_15.jpg,potassium_deficiency,POTASSIUM DEFICIENCY,256,256,196
images/potassium_deficiency/potassium_0001_84.jpg,potassium_deficiency,POTASSIUM DEFICIENCY,256,256,1
images/potassium_deficiency/d_0001_42.jpg,potassium_deficiency,POTASSIUM DEFICIENCY,256,256,5
images/potassium_deficiency/a_0001_196.jpg,potassium_deficiency,POTASSIUM DEFICIENCY,256,256,29
images/potassium_deficiency/b_0001_22.jpg,potassium_deficiency,POTASSIUM DEFICIENCY,256,256,197
images/potassium_deficiency/potassium_0001_231.jpg,potassium_deficiency,POTASSIUM DEFICIENCY,256,256,1
images/potassium_deficiency/d_0001_137.jpg,potassium_deficiency,POTASSIUM DEFICIENCY,256,256,198
images/potassium_deficiency/c_0001_209.jpg,potassium_deficiency,POTASSIUM DEFICIENCY,256,256,9
images/potassium_deficiency/b_0001_154.jpg,potassium_deficiency,POTASSIUM DEFICIENCY,256,256,54
images/potassium_deficiency/a_0001_179.jpg,potassium_deficiency,POTASSIUM DEFICIENCY,256,256,10
images/potassium_deficiency/c_0001_120.jpg,potassium_deficiency,POTASSIUM DEFICIENCY,256,256,15
images/potassium_deficiency/a_0001_98.jpg,potassium_deficiency,POTASSIUM DEFICIENCY,256,256,48
images/potassium_deficiency/a_0001_250.jpg,potassium_deficiency,POTASSIUM DEFICIENCY,256,256,5
images/potassium_deficiency/d_0001_39.jpg,potassium_deficiency,POTASSIUM DEFICIENCY,256,256,5
images/potassium_deficiency/potassium_0001_118.jpg,potassium_deficiency,POTASSIUM DEFICIENCY,256,256,1
images/potassium_deficiency/c_0001_81.jpg,potassium_deficiency,POTASSIUM DEFICIENCY,256,256,45
images/potassium_deficiency/potassium_0001_10.jpg,potassium_deficiency,POTASSIUM DEFICIENCY,256,256,34
images/potassium_deficiency/a_0001_77.jpg,potassium_deficiency,POTASSIUM DEFICIENCY,256,256,114
images/potassium_deficiency/b_0001_292.jpg,potassium_deficiency,POTASSIUM DEFICIENCY,256,256,9
images/potassium_deficiency/d_0001_160.jpg,potassium_deficiency,POTASSIUM DEFICIENCY,256,256,199
images/potassium_deficiency/potassium_0001_266.jpg,potassium_deficiency,POTASSIUM DEFICIENCY,256,256,1
images/potassium_deficiency/b_0001_75.jpg,potassium_deficiency,POTASSIUM DEFICIENCY,256,256,66
images/potassium_deficiency/potassium_0001_289.jpg,potassium_deficiency,POTASSIUM DEFICIENCY,256,256,1
images/potassium_deficiency/b_0001_103.jpg,potassium_deficiency,POTASSIUM DEFICIENCY,256,256,36
images/potassium_deficiency/a_0001_207.jpg,potassium_deficiency,POTASSIUM DEFICIENCY,256,256,10
images/potassium_deficiency/c_0001_39.jpg,potassium_deficiency,POTASSIUM DEFICIENCY,256,256,47
images/potassium_deficiency/c_0001_177.jpg,potassium_deficiency,POTASSIUM DEFICIENCY,256,256,64
images/potassium_deficiency/c_0001_198.jpg,potassium_deficiency,POTASSIUM DEFICIENCY,256,256,9
images/potassium_deficiency/d_0001_249.jpg,potassium_deficiency,POTASSIUM DEFICIENCY,256,256,27
images/potassium_deficiency/potassium_0001_47.jpg,potassium_deficiency,POTASSIUM DEFICIENCY,256,256,18
images/potassium_deficiency/a_0001_20.jpg,potassium_deficiency,POTASSIUM DEFICIENCY,256,256,9
images/potassium_deficiency/d_0001_81.jpg,potassium_deficiency,POTASSIUM DEFICIENCY,256,256,16
images/potassium_deficiency/b_0001_63.jpg,potassium_deficiency,POTASSIUM DEFICIENCY,256,256,2
images/potassium_deficiency/potassium_0001_270.jpg,potassium_deficiency,POTASSIUM DEFICIENCY,256,256,1
images/potassium_deficiency/d_0001_176.jpg,potassium_deficiency,POTASSIUM DEFICIENCY,256,256,200
images/potassium_deficiency/d_0001_199.jpg,potassium_deficiency,POTASSIUM DEFICIENCY,256,256,201
images/potassium_deficiency/b_0001_115.jpg,potassium_deficiency,POTASSIUM DEFICIENCY,256,256,95
images/potassium_deficiency/c_0001_248.jpg,potassium_deficiency,POTASSIUM DEFICIENCY,256,256,202
images/potassium_deficiency/a_0001_138.jpg,potassium_deficiency,POTASSIUM DEFICIENCY,256,256,47
images/potassium_deficiency/c_0001_161.jpg,potassium_deficiency,POTASSIUM DEFICIENCY,256,256,4
images/potassium_deficiency/a_0001_211.jpg,potassium_deficiency,POTASSIUM DEFICIENCY,256,256,10
images/potassium_deficiency/d_0001_78.jpg,potassium_deficiency,POTASSIUM DEFICIENCY,256,256,16
images/potassium_deficiency/potassium_0001_159.jpg,potassium_deficiency,POTASSIUM DEFICIENCY,256,256,1
images/potassium_deficiency/d_0001_97.jpg,potassium_deficiency,POTASSIUM DEFICIENCY,256,256,8
images/potassium_deficiency/potassium_0001_51.jpg,potassium_deficiency,POTASSIUM DEFICIENCY,256,256,18
images/potassium_deficiency/a_0001_36.jpg,potassium_deficiency,POTASSIUM DEFICIENCY,256,256,9
images/potassium_deficiency/d_0001_121.jpg,potassium_deficiency,POTASSIUM DEFICIENCY,256,256,8
images/potassium_deficiency/potassium_0001_227.jpg,potassium_deficiency,POTASSIUM DEFICIENCY,256,256,45
images/potassium_deficiency/b_0001_34.jpg,potassium_deficiency,POTASSIUM DEFICIENCY,256,256,160
images/potassium_deficiency/a_0001_180.jpg,potassium_deficiency,POTASSIUM DEFICIENCY,256,256,45
images/potassium_deficiency/b_0001_142.jpg,potassium_deficiency,POTASSIUM DEFICIENCY,256,256,28
images/potassium_deficiency/a_0001_246.jpg,potassium_deficiency,POTASSIUM DEFICIENCY,256,256,5
images/potassium_deficiency/c_0001_78.jpg,potassium_deficiency,POTASSIUM DEFICIENCY,256,256,45
images/potassium_deficiency/c_0001_136.jpg,potassium_deficiency,POTASSIUM DEFICIENCY,256,256,5
images/potassium_deficiency/b_0001_284.jpg,potassium_deficiency,POTASSIUM DEFICIENCY,256,256,9
images/potassium_deficiency/d_0001_208.jpg,potassium_deficiency,POTASSIUM DEFICIENCY,256,256,12
images/potassium_deficiency/a_0001_61.jpg,potassium_deficiency,POTASSIUM DEFICIENCY,256,256,168
images/potassium_deficiency/c_0001_97.jpg,potassium_deficiency,POTASSIUM DEFICIENCY,256,256,35
images/potassium_deficiency/potassium_0001_179.jpg,potassium_deficiency,POTASSIUM DEFICIENCY,256,256,1
images/potassium_deficiency/potassium_0001_71.jpg,potassium_deficiency,POTASSIUM DEFICIENCY,256,256,1
images/potassium_deficiency/a_0001_16.jpg,potassium_deficiency,POTASSIUM DEFICIENCY,256,256,9
images/potassium_deficiency/potassium_0001_8.jpg,potassium_deficiency,POTASSIUM DEFICIENCY,256,256,34
images/potassium_deficiency/c_0001_141.jpg,potassium_deficiency,POTASSIUM DEFICIENCY,256,256,5
images/potassium_deficiency/a_0001_231.jpg,potassium_deficiency,POTASSIUM DEFICIENCY,256,256,45
images/potassium_deficiency/d_0001_58.jpg,potassium_deficiency,POTASSIUM DEFICIENCY,256,256,4
images/potassium_deficiency/potassium_0001_196.jpg,potassium_deficiency,POTASSIUM DEFICIENCY,256,256,11
images/potassium_deficiency/b_0001_135.jpg,potassium_deficiency,POTASSIUM DEFICIENCY,256,256,5
images/potassium_deficiency/c_0001_268.jpg,potassium_deficiency,POTASSIUM DEFICIENCY,256,256,59
images/potassium_deficiency/a_0001_118.jpg,potassium_deficiency,POTASSIUM DEFICIENCY,256,256,97
images/potassium_deficiency/b_0001_43.jpg,potassium_deficiency,POTASSIUM DEFICIENCY,256,256,61
images/potassium_deficiency/potassium_0001_250.jpg,potassium_deficiency,POTASSIUM DEFICIENCY,256,256,1
images/potassium_deficiency/d_0001_156.jpg,potassium_deficiency,POTASSIUM DEFICIENCY,256,256,203
images/potassium_deficiency/c_0001_287.jpg,potassium_deficiency,POTASSIUM DEFICIENCY,256,256,19
images/potassium_deficiency/d_0001_228.jpg,potassium_deficiency,POTASSIUM DEFICIENCY,256,256,17
images/potassium_deficiency/potassium_0001_26.jpg,potassium_deficiency,POTASSIUM DEFICIENCY,256,256,34
images/potassium_deficiency/a_0001_41.jpg,potassium_deficiency,POTASSIUM DEFICIENCY,256,256,9
images/potassium_deficiency/a_0001_289.jpg,potassium_deficiency,POTASSIUM DEFICIENCY,256,256,4
images/potassium_deficiency/a_0001_266.jpg,potassium_deficiency,POTASSIUM DEFICIENCY,256,256,5
images/potassium_deficiency/c_0001_58.jpg,potassium_deficiency,POTASSIUM DEFICIENCY,256,256,154
images/potassium_deficiency/c_0001_116.jpg,potassium_deficiency,POTASSIUM DEFICIENCY,256,256,15
images/potassium_deficiency/b_0001_162.jpg,potassium_deficiency,POTASSIUM DEFICIENCY,256,256,54
images/potassium_deficiency/d_0001_101.jpg,potassium_deficiency,POTASSIUM DEFICIENCY,256,256,204
images/potassium_deficiency/potassium_0001_207.jpg,potassium_deficiency,POTASSIUM DEFICIENCY,256,256,11
images/potassium_deficiency/b_0001_14.jpg,potassium_deficiency,POTASSIUM DEFICIENCY,256,256,205
images/potassium_deficiency/potassium_0001_138.jpg,potassium_deficiency,POTASSIUM DEFICIENCY,256,256,1
images/potassium_deficiency/potassium_0001_30.jpg,potassium_deficiency,POTASSIUM DEFICIENCY,256,256,18
images/potassium_deficiency/a_0001_57.jpg,potassium_deficiency,POTASSIUM DEFICIENCY,256,256,29
images/potassium_deficiency/c_0001_100.jpg,potassium_deficiency,POTASSIUM DEFICIENCY,256,256,15
images/potassium_deficiency/a_0001_270.jpg,potassium_deficiency,POTASSIUM DEFICIENCY,256,256,4
images/potassium_deficiency/d_0001_19.jpg,potassium_deficiency,POTASSIUM DEFICIENCY,256,256,5
images/potassium_deficiency/c_0001_229.jpg,potassium_deficiency,POTASSIUM DEFICIENCY,256,256,9
images/potassium_deficiency/b_0001_174.jpg,potassium_deficiency,POTASSIUM DEFICIENCY,256,256,54
images/potassium_deficiency/a_0001_159.jpg,potassium_deficiency,POTASSIUM DEFICIENCY,256,256,124
images/potassium_deficiency/potassium_0001_211.jpg,potassium_deficiency,POTASSIUM DEFICIENCY,256,256,55
images/potassium_deficiency/d_0001_117.jpg,potassium_deficiency,POTASSIUM DEFICIENCY,256,256,8
images/potassium_deficiency/d_0001_269.jpg,potassium_deficiency,POTASSIUM DEFICIENCY,256,256,14
images/potassium_deficiency/potassium_0001_67.jpg,potassium_deficiency,POTASSIUM DEFICIENCY,256,256,18
images/potassium_deficiency/potassium_0001_180.jpg,potassium_deficiency,POTASSIUM DEFICIENCY,256,256,83
images/potassium_deficiency/a_0001_227.jpg,potassium_deficiency,POTASSIUM DEFICIENCY,256,256,10
images/potassium_deficiency/potassium_0001_88.jpg,potassium_deficiency,POTASSIUM DEFICIENCY,256,256,1
images/potassium_deficiency/c_0001_19.jpg,potassium_deficiency,POTASSIUM DEFICIENCY,256,256,150
images/potassium_deficiency/c_0001_157.jpg,potassium_deficiency,POTASSIUM DEFICIENCY,256,256,59
images/potassium_deficiency/potassium_0001_303.jpg,potassium_deficiency,POTASSIUM DEFICIENCY,256,256,34
images/potassium_deficiency/b_0001_123.jpg,potassium_deficiency,POTASSIUM DEFICIENCY,256,256,51
images/potassium_deficiency/c_0001_291.jpg,potassium_deficiency,POTASSIUM DEFICIENCY,256,256,59
images/potassium_deficiency/d_0001_140.jpg,potassium_deficiency,POTASSIUM DEFICIENCY,256,256,206
images/potassium_deficiency/potassium_0001_246.jpg,potassium_deficiency,POTASSIUM DEFICIENCY,256,256,1
images/potassium_deficiency/b_0001_55.jpg,potassium_deficiency,POTASSIUM DEFICIENCY,256,256,48
images/potassium_deficiency/d_0001_35.jpg,potassium_deficiency,POTASSIUM DEFICIENCY,256,256,184
images/potassium_deficiency/a_0001_94.jpg,potassium_deficiency,POTASSIUM DEFICIENCY,256,256,61
images/potassium_deficiency/c_0001_62.jpg,potassium_deficiency,POTASSIUM DEFICIENCY,256,256,87
images/potassium_deficiency/b_0001_271.jpg,potassium_deficiency,POTASSIUM DEFICIENCY,256,256,23
images/potassium_deficiency/d_0001_212.jpg,potassium_deficiency,POTASSIUM DEFICIENCY,256,256,12
images/potassium_deficiency/potassium_0001_114.jpg,potassium_deficiency,POTASSIUM DEFICIENCY,256,256,1
images/potassium_deficiency/c_0001_340.jpg,potassium_deficiency,POTASSIUM DEFICIENCY,256,256,85
images/potassium_deficiency/a_0001_175.jpg,potassium_deficiency,POTASSIUM DEFICIENCY,256,256,45
images/potassium_deficiency/b_0001_158.jpg,potassium_deficiency,POTASSIUM DEFICIENCY,256,256,54
images/potassium_deficiency/c_0001_205.jpg,potassium_deficiency,POTASSIUM DEFICIENCY,256,256,9
images/potassium_deficiency/b_0001_226.jpg,potassium_deficiency,POTASSIUM DEFICIENCY,256,256,6
images/potassium_deficiency/c_0001_35.jpg,potassium_deficiency,POTASSIUM DEFICIENCY,256,256,19
images/potassium_deficiency/d_0001_62.jpg,potassium_deficiency,POTASSIUM DEFICIENCY,256,256,4
images/potassium_deficiency/potassium_0001_143.jpg,potassium_deficiency,POTASSIUM DEFICIENCY,256,256,1
images/potassium_deficiency/d_0001_245.jpg,potassium_deficiency,POTASSIUM DEFICIENCY,256,256,17
images/potassium_deficiency/c_0001_194.jpg,potassium_deficiency,POTASSIUM DEFICIENCY,256,256,64
images/potassium_deficiency/b_0001_79.jpg,potassium_deficiency,POTASSIUM DEFICIENCY,256,256,5
images/potassium_deficiency/c_0001_317.jpg,potassium_deficiency,POTASSIUM DEFICIENCY,256,256,207
images/potassium_deficiency/d_0001_183.jpg,potassium_deficiency,POTASSIUM DEFICIENCY,256,256,65
images/potassium_deficiency/c_0001_252.jpg,potassium_deficiency,POTASSIUM DEFICIENCY,256,256,78
images/potassium_deficiency/b_0001_96.jpg,potassium_deficiency,POTASSIUM DEFICIENCY,256,256,36
images/potassium_deficiency/potassium_0001_285.jpg,potassium_deficiency,POTASSIUM DEFICIENCY,256,256,1
images/potassium_deficiency/a_0001_122.jpg,potassium_deficiency,POTASSIUM DEFICIENCY,256,256,83
images/potassium_deficiency/d_0001_74.jpg,potassium_deficiency,POTASSIUM DEFICIENCY,256,256,16
images/potassium_deficiency/c_0001_23.jpg,potassium_deficiency,POTASSIUM DEFICIENCY,256,256,69
images/potassium_deficiency/b_0001_230.jpg,potassium_deficiency,POTASSIUM DEFICIENCY,256,256,5
images/potassium_deficiency/c_0001_182.jpg,potassium_deficiency,POTASSIUM DEFICIENCY,256,256,64
images/potassium_deficiency/d_0001_253.jpg,potassium_deficiency,POTASSIUM DEFICIENCY,256,256,208
images/potassium_deficiency/potassium_0001_155.jpg,potassium_deficiency,POTASSIUM DEFICIENCY,256,256,1
images/potassium_deficiency/c_0001_301.jpg,potassium_deficiency,POTASSIUM DEFICIENCY,256,256,59
images/potassium_deficiency/a_0001_134.jpg,potassium_deficiency,POTASSIUM DEFICIENCY,256,256,100
images/potassium_deficiency/potassium_0001_293.jpg,potassium_deficiency,POTASSIUM DEFICIENCY,256,256,1
images/potassium_deficiency/b_0001_80.jpg,potassium_deficiency,POTASSIUM DEFICIENCY,256,256,138
images/potassium_deficiency/c_0001_244.jpg,potassium_deficiency,POTASSIUM DEFICIENCY,256,256,209
images/potassium_deficiency/b_0001_119.jpg,potassium_deficiency,POTASSIUM DEFICIENCY,256,256,210
images/potassium_deficiency/d_0001_195.jpg,potassium_deficiency,POTASSIUM DEFICIENCY,256,256,211
images/potassium_deficiency/b_0001_267.jpg,potassium_deficiency,POTASSIUM DEFICIENCY,256,256,23
images/potassium_deficiency/c_0001_74.jpg,potassium_deficiency,POTASSIUM DEFICIENCY,256,256,45
images/potassium_deficiency/a_0001_82.jpg,potassium_deficiency,POTASSIUM DEFICIENCY,256,256,143
images/potassium_deficiency/d_0001_23.jpg,potassium_deficiency,POTASSIUM DEFICIENCY,256,256,5
images/potassium_deficiency/c_0001_2.jpg,potassium_deficiency,POTASSIUM DEFICIENCY,256,256,19
images/potassium_deficiency/potassium_0001_102.jpg,potassium_deficiency,POTASSIUM DEFICIENCY,256,256,1
images/potassium_deficiency/d_0001_204.jpg,potassium_deficiency,POTASSIUM DEFICIENCY,256,256,90
images/potassium_deficiency/b_0001_288.jpg,potassium_deficiency,POTASSIUM DEFICIENCY,256,256,9
images/potassium_deficiency/d_0001_1.jpg,potassium_deficiency,POTASSIUM DEFICIENCY,256,256,48
images/potassium_deficiency/b_0001_38.jpg,potassium_deficiency,POTASSIUM DEFICIENCY,256,256,170
images/potassium_deficiency/c_0001_213.jpg,potassium_deficiency,POTASSIUM DEFICIENCY,256,256,9
images/potassium_deficiency/a_0001_163.jpg,potassium_deficiency,POTASSIUM DEFICIENCY,256,256,89
images/potassium_deficiency/a_0001_89.jpg,potassium_deficiency,POTASSIUM DEFICIENCY,256,256,61
images/potassium_deficiency/c_0001_131.jpg,potassium_deficiency,POTASSIUM DEFICIENCY,256,256,5
images/potassium_deficiency/d_0001_28.jpg,potassium_deficiency,POTASSIUM DEFICIENCY,256,256,5
images/potassium_deficiency/a_0001_241.jpg,potassium_deficiency,POTASSIUM DEFICIENCY,256,256,5
images/potassium_deficiency/c_0001_9.jpg,potassium_deficiency,POTASSIUM DEFICIENCY,256,256,25
images/potassium_deficiency/potassium_0001_109.jpg,potassium_deficiency,POTASSIUM DEFICIENCY,256,256,1
images/potassium_deficiency/b_0001_283.jpg,potassium_deficiency,POTASSIUM DEFICIENCY,256,256,5
images/potassium_deficiency/c_0001_90.jpg,potassium_deficiency,POTASSIUM DEFICIENCY,256,256,52
images/potassium_deficiency/a_0001_66.jpg,potassium_deficiency,POTASSIUM DEFICIENCY,256,256,136
images/potassium_deficiency/b_0001_33.jpg,potassium_deficiency,POTASSIUM DEFICIENCY,256,256,114
images/potassium_deficiency/potassium_0001_220.jpg,potassium_deficiency,POTASSIUM DEFICIENCY,256,256,212
images/potassium_deficiency/a_0001_187.jpg,potassium_deficiency,POTASSIUM DEFICIENCY,256,256,29
images/potassium_deficiency/d_0001_126.jpg,potassium_deficiency,POTASSIUM DEFICIENCY,256,256,8
images/potassium_deficiency/c_0001_218.jpg,potassium_deficiency,POTASSIUM DEFICIENCY,256,256,9
images/potassium_deficiency/b_0001_145.jpg,potassium_deficiency,POTASSIUM DEFICIENCY,256,256,28
images/potassium_deficiency/a_0001_168.jpg,potassium_deficiency,POTASSIUM DEFICIENCY,256,256,10
images/potassium_deficiency/a_0001_216.jpg,potassium_deficiency,POTASSIUM DEFICIENCY,256,256,10
images/potassium_deficiency/c_0001_166.jpg,potassium_deficiency,POTASSIUM DEFICIENCY,256,256,4
images/potassium_deficiency/c_0001_28.jpg,potassium_deficiency,POTASSIUM DEFICIENCY,256,256,57
images/potassium_deficiency/potassium_0001_56.jpg,potassium_deficiency,POTASSIUM DEFICIENCY,256,256,18
images/potassium_deficiency/a_0001_31.jpg,potassium_deficiency,POTASSIUM DEFICIENCY,256,256,9
images/potassium_deficiency/c_0001_189.jpg,potassium_deficiency,POTASSIUM DEFICIENCY,256,256,64
images/potassium_deficiency/d_0001_258.jpg,potassium_deficiency,POTASSIUM DEFICIENCY,256,256,27
images/potassium_deficiency/d_0001_90.jpg,potassium_deficiency,POTASSIUM DEFICIENCY,256,256,180
images/potassium_deficiency/d_0001_171.jpg,potassium_deficiency,POTASSIUM DEFICIENCY,256,256,41
images/potassium_deficiency/potassium_0001_277.jpg,potassium_deficiency,POTASSIUM DEFICIENCY,256,256,1
images/potassium_deficiency/b_0001_64.jpg,potassium_deficiency,POTASSIUM DEFICIENCY,256,256,2
images/potassium_deficiency/potassium_0001_298.jpg,potassium_deficiency,POTASSIUM DEFICIENCY,256,256,34
images/potassium_deficiency/b_0001_112.jpg,potassium_deficiency,POTASSIUM DEFICIENCY,256,256,10
images/potassium_deficiency/c_0001_170.jpg,potassium_deficiency,POTASSIUM DEFICIENCY,256,256,4
images/potassium_deficiency/d_0001_69.jpg,potassium_deficiency,POTASSIUM DEFICIENCY,256,256,4
images/potassium_deficiency/a_0001_200.jpg,potassium_deficiency,POTASSIUM DEFICIENCY,256,256,10
images/potassium_deficiency/potassium_0001_148.jpg,potassium_deficiency,POTASSIUM DEFICIENCY,256,256,1
images/potassium_deficiency/d_0001_86.jpg,potassium_deficiency,POTASSIUM DEFICIENCY,256,256,23
images/potassium_deficiency/potassium_0001_40.jpg,potassium_deficiency,POTASSIUM DEFICIENCY,256,256,18
images/potassium_deficiency/a_0001_27.jpg,potassium_deficiency,POTASSIUM DEFICIENCY,256,256,9
images/potassium_deficiency/b_0001_72.jpg,potassium_deficiency,POTASSIUM DEFICIENCY,256,256,97
images/potassium_deficiency/potassium_0001_261.jpg,potassium_deficiency,POTASSIUM DEFICIENCY,256,256,1
images/potassium_deficiency/d_0001_167.jpg,potassium_deficiency,POTASSIUM DEFICIENCY,256,256,37
images/potassium_deficiency/d_0001_188.jpg,potassium_deficiency,POTASSIUM DEFICIENCY,256,256,65
images/potassium_deficiency/b_0001_104.jpg,potassium_deficiency,POTASSIUM DEFICIENCY,256,256,36
images/potassium_deficiency/c_0001_259.jpg,potassium_deficiency,POTASSIUM DEFICIENCY,256,256,44
images/potassium_deficiency/a_0001_129.jpg,potassium_deficiency,POTASSIUM DEFICIENCY,256,256,57
images/potassium_deficiency/a_0001_257.jpg,potassium_deficiency,POTASSIUM DEFICIENCY,256,256,5
images/potassium_deficiency/c_0001_127.jpg,potassium_deficiency,POTASSIUM DEFICIENCY,256,256,5
images/potassium_deficiency/c_0001_69.jpg,potassium_deficiency,POTASSIUM DEFICIENCY,256,256,45
images/potassium_deficiency/potassium_0001_17.jpg,potassium_deficiency,POTASSIUM DEFICIENCY,256,256,34
images/potassium_deficiency/a_0001_70.jpg,potassium_deficiency,POTASSIUM DEFICIENCY,256,256,175
images/potassium_deficiency/c_0001_86.jpg,potassium_deficiency,POTASSIUM DEFICIENCY,256,256,35
images/potassium_deficiency/b_0001_295.jpg,potassium_deficiency,POTASSIUM DEFICIENCY,256,256,9
images/potassium_deficiency/d_0001_219.jpg,potassium_deficiency,POTASSIUM DEFICIENCY,256,256,12
images/potassium_deficiency/d_0001_130.jpg,potassium_deficiency,POTASSIUM DEFICIENCY,256,256,8
images/potassium_deficiency/a_0001_191.jpg,potassium_deficiency,POTASSIUM DEFICIENCY,256,256,29
images/potassium_deficiency/potassium_0001_236.jpg,potassium_deficiency,POTASSIUM DEFICIENCY,256,256,1
images/potassium_deficiency/b_0001_25.jpg,potassium_deficiency,POTASSIUM DEFICIENCY,256,256,175
images/potassium_deficiency/b_0001_153.jpg,potassium_deficiency,POTASSIUM DEFICIENCY,256,256,54
images/potassium_deficiency/d_0001_262.jpg,potassium_deficiency,POTASSIUM DEFICIENCY,256,256,27
images/potassium_deficiency/potassium_0001_164.jpg,potassium_deficiency,POTASSIUM DEFICIENCY,256,256,1
images/potassium_deficiency/d_0001_45.jpg,potassium_deficiency,POTASSIUM DEFICIENCY,256,256,5
images/potassium_deficiency/b_0001_201.jpg,potassium_deficiency,POTASSIUM DEFICIENCY,256,256,5
images/potassium_deficiency/potassium_0001_83.jpg,potassium_deficiency,POTASSIUM DEFICIENCY,256,256,1
images/potassium_deficiency/c_0001_12.jpg,potassium_deficiency,POTASSIUM DEFICIENCY,256,256,25
images/potassium_deficiency/a_0001_105.jpg,potassium_deficiency,POTASSIUM DEFICIENCY,256,256,142
images/potassium_deficiency/c_0001_275.jpg,potassium_deficiency,POTASSIUM DEFICIENCY,256,256,185
images/potassium_deficiency/b_0001_128.jpg,potassium_deficiency,POTASSIUM DEFICIENCY,256,256,51
images/potassium_deficiency/c_0001_330.jpg,potassium_deficiency,POTASSIUM DEFICIENCY,256,256,93
images/potassium_deficiency/a_0001_294.jpg,potassium_deficiency,POTASSIUM DEFICIENCY,256,256,16
images/potassium_deficiency/potassium_0001_133.jpg,potassium_deficiency,POTASSIUM DEFICIENCY,256,256,1
images/potassium_deficiency/d_0001_235.jpg,potassium_deficiency,POTASSIUM DEFICIENCY,256,256,17
images/potassium_deficiency/c_0001_45.jpg,potassium_deficiency,POTASSIUM DEFICIENCY,256,256,11
images/potassium_deficiency/b_0001_256.jpg,potassium_deficiency,POTASSIUM DEFICIENCY,256,256,16
images/potassium_deficiency/d_0001_12.jpg,potassium_deficiency,POTASSIUM DEFICIENCY,256,256,14
images/potassium_deficiency/c_0001_222.jpg,potassium_deficiency,POTASSIUM DEFICIENCY,256,256,9
images/potassium_deficiency/a_0001_152.jpg,potassium_deficiency,POTASSIUM DEFICIENCY,256,256,11
images/potassium_deficiency/b_0001_190.jpg,potassium_deficiency,POTASSIUM DEFICIENCY,256,256,5
images/potassium_deficiency/d_0001_223.jpg,potassium_deficiency,POTASSIUM DEFICIENCY,256,256,213
images/potassium_deficiency/potassium_0001_125.jpg,potassium_deficiency,POTASSIUM DEFICIENCY,256,256,1
images/potassium_deficiency/a_0001_282.jpg,potassium_deficiency,POTASSIUM DEFICIENCY,256,256,4
images/potassium_deficiency/b_0001_240.jpg,potassium_deficiency,POTASSIUM DEFICIENCY,256,256,4
images/potassium_deficiency/c_0001_53.jpg,potassium_deficiency,POTASSIUM DEFICIENCY,256,256,11
images/potassium_deficiency/a_0001_144.jpg,potassium_deficiency,POTASSIUM DEFICIENCY,256,256,11
images/potassium_deficiency/b_0001_169.jpg,potassium_deficiency,POTASSIUM DEFICIENCY,256,256,54
images/potassium_deficiency/c_0001_234.jpg,potassium_deficiency,POTASSIUM DEFICIENCY,256,256,9
images/potassium_deficiency/b_0001_186.jpg,potassium_deficiency,POTASSIUM DEFICIENCY,256,256,7
images/potassium_deficiency/potassium_0001_172.jpg,potassium_deficiency,POTASSIUM DEFICIENCY,256,256,1
images/potassium_deficiency/d_0001_274.jpg,potassium_deficiency,POTASSIUM DEFICIENCY,256,256,14
images/potassium_deficiency/potassium_0001_3.jpg,potassium_deficiency,POTASSIUM DEFICIENCY,256,256,34
images/potassium_deficiency/potassium_0001_95.jpg,potassium_deficiency,POTASSIUM DEFICIENCY,256,256,1
images/potassium_deficiency/b_0001_217.jpg,potassium_deficiency,POTASSIUM DEFICIENCY,256,256,6
images/potassium_deficiency/d_0001_53.jpg,potassium_deficiency,POTASSIUM DEFICIENCY,256,256,4
images/potassium_deficiency/c_0001_263.jpg,potassium_deficiency,POTASSIUM DEFICIENCY,256,256,214
images/potassium_deficiency/a_0001_113.jpg,potassium_deficiency,POTASSIUM DEFICIENCY,256,256,29
images/potassium_deficiency/b_0001_48.jpg,potassium_deficiency,POTASSIUM DEFICIENCY,256,256,215
images/potassium_deficiency/c_0001_326.jpg,potassium_deficiency,POTASSIUM DEFICIENCY,256,256,216
images/potassium_deficiency/c_0001_351.jpg,potassium_deficiency,POTASSIUM DEFICIENCY,256,256,32
images/potassium_deficiency/d_0001_6.jpg,potassium_deficiency,POTASSIUM DEFICIENCY,256,256,14
images/potassium_deficiency/a_0001_164.jpg,potassium_deficiency,POTASSIUM DEFICIENCY,256,256,13
images/potassium_deficiency/b_0001_149.jpg,potassium_deficiency,POTASSIUM DEFICIENCY,256,256,28
images/potassium_deficiency/c_0001_214.jpg,potassium_deficiency,POTASSIUM DEFICIENCY,256,256,9
images/potassium_deficiency/d_0001_24.jpg,potassium_deficiency,POTASSIUM DEFICIENCY,256,256,184
images/potassium_deficiency/b_0001_260.jpg,potassium_deficiency,POTASSIUM DEFICIENCY,256,256,16
images/potassium_deficiency/a_0001_85.jpg,potassium_deficiency,POTASSIUM DEFICIENCY,256,256,109
images/potassium_deficiency/c_0001_73.jpg,potassium_deficiency,POTASSIUM DEFICIENCY,256,256,45
images/potassium_deficiency/d_0001_203.jpg,potassium_deficiency,POTASSIUM DEFICIENCY,256,256,74
images/potassium_deficiency/potassium_0001_105.jpg,potassium_deficiency,POTASSIUM DEFICIENCY,256,256,1
images/potassium_deficiency/c_0001_5.jpg,potassium_deficiency,POTASSIUM DEFICIENCY,256,256,77
images/potassium_deficiency/b_0001_68.jpg,potassium_deficiency,POTASSIUM DEFICIENCY,256,256,5
images/potassium_deficiency/c_0001_306.jpg,potassium_deficiency,POTASSIUM DEFICIENCY,256,256,59
images/potassium_deficiency/d_0001_192.jpg,potassium_deficiency,POTASSIUM DEFICIENCY,256,256,217
images/potassium_deficiency/c_0001_243.jpg,potassium_deficiency,POTASSIUM DEFICIENCY,256,256,177
images/potassium_deficiency/a_0001_133.jpg,potassium_deficiency,POTASSIUM DEFICIENCY,256,256,100
images/potassium_deficiency/b_0001_87.jpg,potassium_deficiency,POTASSIUM DEFICIENCY,256,256,96
images/potassium_deficiency/potassium_0001_294.jpg,potassium_deficiency,POTASSIUM DEFICIENCY,256,256,1
images/potassium_deficiency/c_0001_24.jpg,potassium_deficiency,POTASSIUM DEFICIENCY,256,256,19
images/potassium_deficiency/b_0001_237.jpg,potassium_deficiency,POTASSIUM DEFICIENCY,256,256,4
images/potassium_deficiency/d_0001_73.jpg,potassium_deficiency,POTASSIUM DEFICIENCY,256,256,16
images/potassium_deficiency/potassium_0001_152.jpg,potassium_deficiency,POTASSIUM DEFICIENCY,256,256,1
images/potassium_deficiency/d_0001_254.jpg,potassium_deficiency,POTASSIUM DEFICIENCY,256,256,27
images/potassium_deficiency/c_0001_185.jpg,potassium_deficiency,POTASSIUM DEFICIENCY,256,256,64
images/potassium_deficiency/c_0001_310.jpg,potassium_deficiency,POTASSIUM DEFICIENCY,256,256,218
images/potassium_deficiency/potassium_0001_282.jpg,potassium_deficiency,POTASSIUM DEFICIENCY,256,256,1
images/potassium_deficiency/b_0001_91.jpg,potassium_deficiency,POTASSIUM DEFICIENCY,256,256,96
images/potassium_deficiency/a_0001_125.jpg,potassium_deficiency,POTASSIUM DEFICIENCY,256,256,83
images/potassium_deficiency/c_0001_255.jpg,potassium_deficiency,POTASSIUM DEFICIENCY,256,256,33
images/potassium_deficiency/b_0001_108.jpg,potassium_deficiency,POTASSIUM DEFICIENCY,256,256,36
images/potassium_deficiency/d_0001_184.jpg,potassium_deficiency,POTASSIUM DEFICIENCY,256,256,65
images/potassium_deficiency/d_0001_65.jpg,potassium_deficiency,POTASSIUM DEFICIENCY,256,256,4
images/potassium_deficiency/b_0001_221.jpg,potassium_deficiency,POTASSIUM DEFICIENCY,256,256,6
images/potassium_deficiency/c_0001_32.jpg,potassium_deficiency,POTASSIUM DEFICIENCY,256,256,219
images/potassium_deficiency/c_0001_193.jpg,potassium_deficiency,POTASSIUM DEFICIENCY,256,256,64
images/potassium_deficiency/d_0001_242.jpg,potassium_deficiency,POTASSIUM DEFICIENCY,256,256,220
images/potassium_deficiency/potassium_0001_144.jpg,potassium_deficiency,POTASSIUM DEFICIENCY,256,256,1
images/potassium_deficiency/b_0001_29.jpg,potassium_deficiency,POTASSIUM DEFICIENCY,256,256,137
images/potassium_deficiency/c_0001_347.jpg,potassium_deficiency,POTASSIUM DEFICIENCY,256,256,32
images/potassium_deficiency/c_0001_202.jpg,potassium_deficiency,POTASSIUM DEFICIENCY,256,256,9
images/potassium_deficiency/a_0001_172.jpg,potassium_deficiency,POTASSIUM DEFICIENCY,256,256,45
images/potassium_deficiency/c_0001_65.jpg,potassium_deficiency,POTASSIUM DEFICIENCY,256,256,221
images/potassium_deficiency/a_0001_93.jpg,potassium_deficiency,POTASSIUM DEFICIENCY,256,256,215
images/potassium_deficiency/b_0001_276.jpg,potassium_deficiency,POTASSIUM DEFICIENCY,256,256,9
images/potassium_deficiency/d_0001_32.jpg,potassium_deficiency,POTASSIUM DEFICIENCY,256,256,5
images/potassium_deficiency/potassium_0001_113.jpg,potassium_deficiency,POTASSIUM DEFICIENCY,256,256,1
images/potassium_deficiency/d_0001_215.jpg,potassium_deficiency,POTASSIUM DEFICIENCY,256,256,12
images/potassium_deficiency/b_0001_299.jpg,potassium_deficiency,POTASSIUM DEFICIENCY,256,256,9
images/potassium_deficiency/b_0001_124.jpg,potassium_deficiency,POTASSIUM DEFICIENCY,256,256,5
images/potassium_deficiency/c_0001_279.jpg,potassium_deficiency,POTASSIUM DEFICIENCY,256,256,59
images/potassium_deficiency/potassium_0001_304.jpg,potassium_deficiency,POTASSIUM DEFICIENCY,256,256,34
images/potassium_deficiency/a_0001_109.jpg,potassium_deficiency,POTASSIUM DEFICIENCY,256,256,2
images/potassium_deficiency/a_0001_7.jpg,potassium_deficiency,POTASSIUM DEFICIENCY,256,256,16
images/potassium_deficiency/b_0001_52.jpg,potassium_deficiency,POTASSIUM DEFICIENCY,256,256,48
images/potassium_deficiency/potassium_0001_241.jpg,potassium_deficiency,POTASSIUM DEFICIENCY,256,256,1
images/potassium_deficiency/d_0001_147.jpg,potassium_deficiency,POTASSIUM DEFICIENCY,256,256,222
images/potassium_deficiency/c_0001_296.jpg,potassium_deficiency,POTASSIUM DEFICIENCY,256,256,59
images/potassium_deficiency/potassium_0001_168.jpg,potassium_deficiency,POTASSIUM DEFICIENCY,256,256,1
images/potassium_deficiency/potassium_0001_60.jpg,potassium_deficiency,POTASSIUM DEFICIENCY,256,256,18
images/potassium_deficiency/c_0001_150.jpg,potassium_deficiency,POTASSIUM DEFICIENCY,256,256,5
images/potassium_deficiency/d_0001_49.jpg,potassium_deficiency,POTASSIUM DEFICIENCY,256,256,5
images/potassium_deficiency/potassium_0001_187.jpg,potassium_deficiency,POTASSIUM DEFICIENCY,256,256,100
images/potassium_deficiency/a_0001_220.jpg,potassium_deficiency,POTASSIUM DEFICIENCY,256,256,45
images/potassium_deficiency/b_0001_173.jpg,potassium_deficiency,POTASSIUM DEFICIENCY,256,256,54
images/potassium_deficiency/d_0001_110.jpg,potassium_deficiency,POTASSIUM DEFICIENCY,256,256,8
images/potassium_deficiency/potassium_0001_216.jpg,potassium_deficiency,POTASSIUM DEFICIENCY,256,256,62
images/potassium_deficiency/potassium_0001_37.jpg,potassium_deficiency,POTASSIUM DEFICIENCY,256,256,18
images/potassium_deficiency/a_0001_50.jpg,potassium_deficiency,POTASSIUM DEFICIENCY,256,256,9
images/potassium_deficiency/d_0001_239.jpg,potassium_deficiency,POTASSIUM DEFICIENCY,256,256,17
images/potassium_deficiency/a_0001_277.jpg,potassium_deficiency,POTASSIUM DEFICIENCY,256,256,4
images/potassium_deficiency/c_0001_107.jpg,potassium_deficiency,POTASSIUM DEFICIENCY,256,256,15
images/potassium_deficiency/c_0001_49.jpg,potassium_deficiency,POTASSIUM DEFICIENCY,256,256,11
images/potassium_deficiency/c_0001_238.jpg,potassium_deficiency,POTASSIUM DEFICIENCY,256,256,9
images/potassium_deficiency/b_0001_165.jpg,potassium_deficiency,POTASSIUM DEFICIENCY,256,256,54
images/potassium_deficiency/a_0001_148.jpg,potassium_deficiency,POTASSIUM DEFICIENCY,256,256,11
images/potassium_deficiency/b_0001_13.jpg,potassium_deficiency,POTASSIUM DEFICIENCY,256,256,5
images/potassium_deficiency/potassium_0001_200.jpg,potassium_deficiency,POTASSIUM DEFICIENCY,256,256,11
images/potassium_deficiency/d_0001_106.jpg,potassium_deficiency,POTASSIUM DEFICIENCY,256,256,8
images/potassium_deficiency/potassium_0001_129.jpg,potassium_deficiency,POTASSIUM DEFICIENCY,256,256,1
images/potassium_deficiency/potassium_0001_21.jpg,potassium_deficiency,POTASSIUM DEFICIENCY,256,256,34
images/potassium_deficiency/a_0001_46.jpg,potassium_deficiency,POTASSIUM DEFICIENCY,256,256,29
images/potassium_deficiency/c_0001_111.jpg,potassium_deficiency,POTASSIUM DEFICIENCY,256,256,15
images/potassium_deficiency/a_0001_261.jpg,potassium_deficiency,POTASSIUM DEFICIENCY,256,256,5
images/potassium_deficiency/b_0001_132.jpg,potassium_deficiency,POTASSIUM DEFICIENCY,256,256,51
images/potassium_deficiency/c_0001_280.jpg,potassium_deficiency,POTASSIUM DEFICIENCY,256,256,48
images/potassium_deficiency/d_0001_151.jpg,potassium_deficiency,POTASSIUM DEFICIENCY,256,256,92
images/potassium_deficiency/potassium_0001_257.jpg,potassium_deficiency,POTASSIUM DEFICIENCY,256,256,1
images/potassium_deficiency/b_0001_44.jpg,potassium_deficiency,POTASSIUM DEFICIENCY,256,256,61
images/potassium_deficiency/potassium_0001_76.jpg,potassium_deficiency,POTASSIUM DEFICIENCY,256,256,1
images/potassium_deficiency/a_0001_11.jpg,potassium_deficiency,POTASSIUM DEFICIENCY,256,256,23
images/potassium_deficiency/a_0001_236.jpg,potassium_deficiency,POTASSIUM DEFICIENCY,256,256,5
images/potassium_deficiency/potassium_0001_191.jpg,potassium_deficiency,POTASSIUM DEFICIENCY,256,256,100
images/potassium_deficiency/c_0001_146.jpg,potassium_deficiency,POTASSIUM DEFICIENCY,256,256,59
images/potassium_deficiency/potassium_0001_99.jpg,potassium_deficiency,POTASSIUM DEFICIENCY,256,256,1
images/potassium_deficiency/potassium_0001_77.jpg,potassium_deficiency,POTASSIUM DEFICIENCY,256,256,1
images/potassium_deficiency/a_0001_10.jpg,potassium_deficiency,POTASSIUM DEFICIENCY,256,256,16
images/potassium_deficiency/a_0001_237.jpg,potassium_deficiency,POTASSIUM DEFICIENCY,256,256,5
images/potassium_deficiency/potassium_0001_190.jpg,potassium_deficiency,POTASSIUM DEFICIENCY,256,256,1
images/potassium_deficiency/c_0001_147.jpg,potassium_deficiency,POTASSIUM DEFICIENCY,256,256,5
images/potassium_deficiency/potassium_0001_98.jpg,potassium_deficiency,POTASSIUM DEFICIENCY,256,256,1
images/potassium_deficiency/b_0001_133.jpg,potassium_deficiency,POTASSIUM DEFICIENCY,256,256,51
images/potassium_deficiency/c_0001_281.jpg,potassium_deficiency,POTASSIUM DEFICIENCY,256,256,48
images/potassium_deficiency/d_0001_150.jpg,potassium_deficiency,POTASSIUM DEFICIENCY,256,256,223
images/potassium_deficiency/potassium_0001_256.jpg,potassium_deficiency,POTASSIUM DEFICIENCY,256,256,1
images/potassium_deficiency/b_0001_45.jpg,potassium_deficiency,POTASSIUM DEFICIENCY,256,256,61
images/potassium_deficiency/potassium_0001_128.jpg,potassium_deficiency,POTASSIUM DEFICIENCY,256,256,1
images/potassium_deficiency/potassium_0001_20.jpg,potassium_deficiency,POTASSIUM DEFICIENCY,256,256,34
images/potassium_deficiency/a_0001_47.jpg,potassium_deficiency,POTASSIUM DEFICIENCY,256,256,9
images/potassium_deficiency/c_0001_110.jpg,potassium_deficiency,POTASSIUM DEFICIENCY,256,256,15
images/potassium_deficiency/a_0001_260.jpg,potassium_deficiency,POTASSIUM DEFICIENCY,256,256,5
images/potassium_deficiency/b_0001_164.jpg,potassium_deficiency,POTASSIUM DEFICIENCY,256,256,54
images/potassium_deficiency/c_0001_239.jpg,potassium_deficiency,POTASSIUM DEFICIENCY,256,256,224
images/potassium_deficiency/a_0001_149.jpg,potassium_deficiency,POTASSIUM DEFICIENCY,256,256,11
images/potassium_deficiency/b_0001_12.jpg,potassium_deficiency,POTASSIUM DEFICIENCY,256,256,53
images/potassium_deficiency/potassium_0001_201.jpg,potassium_deficiency,POTASSIUM DEFICIENCY,256,256,1
images/potassium_deficiency/d_0001_107.jpg,potassium_deficiency,POTASSIUM DEFICIENCY,256,256,8
images/potassium_deficiency/potassium_0001_36.jpg,potassium_deficiency,POTASSIUM DEFICIENCY,256,256,18
images/potassium_deficiency/a_0001_51.jpg,potassium_deficiency,POTASSIUM DEFICIENCY,256,256,9
images/potassium_deficiency/d_0001_238.jpg,potassium_deficiency,POTASSIUM DEFICIENCY,256,256,17
images/potassium_deficiency/a_0001_276.jpg,potassium_deficiency,POTASSIUM DEFICIENCY,256,256,4
images/potassium_deficiency/c_0001_106.jpg,potassium_deficiency,POTASSIUM DEFICIENCY,256,256,15
images/potassium_deficiency/c_0001_48.jpg,potassium_deficiency,POTASSIUM DEFICIENCY,256,256,11
images/potassium_deficiency/b_0001_172.jpg,potassium_deficiency,POTASSIUM DEFICIENCY,256,256,54
images/potassium_deficiency/d_0001_111.jpg,potassium_deficiency,POTASSIUM DEFICIENCY,256,256,8
images/potassium_deficiency/potassium_0001_217.jpg,potassium_deficiency,POTASSIUM DEFICIENCY,256,256,89
images/potassium_deficiency/potassium_0001_169.jpg,potassium_deficiency,POTASSIUM DEFICIENCY,256,256,1
images/potassium_deficiency/potassium_0001_61.jpg,potassium_deficiency,POTASSIUM DEFICIENCY,256,256,18
images/potassium_deficiency/c_0001_151.jpg,potassium_deficiency,POTASSIUM DEFICIENCY,256,256,5
images/potassium_deficiency/potassium_0001_186.jpg,potassium_deficiency,POTASSIUM DEFICIENCY,256,256,225
images/potassium_deficiency/d_0001_48.jpg,potassium_deficiency,POTASSIUM DEFICIENCY,256,256,5
images/potassium_deficiency/a_0001_221.jpg,potassium_deficiency,POTASSIUM DEFICIENCY,256,256,10
images/potassium_deficiency/c_0001_278.jpg,potassium_deficiency,POTASSIUM DEFICIENCY,256,256,48
images/potassium_deficiency/b_0001_125.jpg,potassium_deficiency,POTASSIUM DEFICIENCY,256,256,167
images/potassium_deficiency/a_0001_108.jpg,potassium_deficiency,POTASSIUM DEFICIENCY,256,256,2
images/potassium_deficiency/a_0001_6.jpg,potassium_deficiency,POTASSIUM DEFICIENCY,256,256,16
images/potassium_deficiency/b_0001_53.jpg,potassium_deficiency,POTASSIUM DEFICIENCY,256,256,48
images/potassium_deficiency/potassium_0001_240.jpg,potassium_deficiency,POTASSIUM DEFICIENCY,256,256,1
images/potassium_deficiency/d_0001_146.jpg,potassium_deficiency,POTASSIUM DEFICIENCY,256,256,226
images/potassium_deficiency/c_0001_297.jpg,potassium_deficiency,POTASSIUM DEFICIENCY,256,256,59
images/potassium_deficiency/c_0001_64.jpg,potassium_deficiency,POTASSIUM DEFICIENCY,256,256,45
images/potassium_deficiency/a_0001_92.jpg,potassium_deficiency,POTASSIUM DEFICIENCY,256,256,61
images/potassium_deficiency/b_0001_277.jpg,potassium_deficiency,POTASSIUM DEFICIENCY,256,256,9
images/potassium_deficiency/d_0001_33.jpg,potassium_deficiency,POTASSIUM DEFICIENCY,256,256,5
images/potassium_deficiency/potassium_0001_112.jpg,potassium_deficiency,POTASSIUM DEFICIENCY,256,256,1
images/potassium_deficiency/d_0001_214.jpg,potassium_deficiency,POTASSIUM DEFICIENCY,256,256,12
images/potassium_deficiency/b_0001_298.jpg,potassium_deficiency,POTASSIUM DEFICIENCY,256,256,9
images/potassium_deficiency/b_0001_28.jpg,potassium_deficiency,POTASSIUM DEFICIENCY,256,256,82
images/potassium_deficiency/c_0001_346.jpg,potassium_deficiency,POTASSIUM DEFICIENCY,256,256,85
images/potassium_deficiency/c_0001_203.jpg,potassium_deficiency,POTASSIUM DEFICIENCY,256,256,9
images/potassium_deficiency/a_0001_173.jpg,potassium_deficiency,POTASSIUM DEFICIENCY,256,256,45
images/potassium_deficiency/d_0001_64.jpg,potassium_deficiency,POTASSIUM DEFICIENCY,256,256,4
images/potassium_deficiency/b_0001_220.jpg,potassium_deficiency,POTASSIUM DEFICIENCY,256,256,6
images/potassium_deficiency/c_0001_33.jpg,potassium_deficiency,POTASSIUM DEFICIENCY,256,256,100
images/potassium_deficiency/c_0001_192.jpg,potassium_deficiency,POTASSIUM DEFICIENCY,256,256,64
images/potassium_deficiency/d_0001_243.jpg,potassium_deficiency,POTASSIUM DEFICIENCY,256,256,17
images/potassium_deficiency/potassium_0001_145.jpg,potassium_deficiency,POTASSIUM DEFICIENCY,256,256,1
images/potassium_deficiency/c_0001_311.jpg,potassium_deficiency,POTASSIUM DEFICIENCY,256,256,227
images/potassium_deficiency/potassium_0001_283.jpg,potassium_deficiency,POTASSIUM DEFICIENCY,256,256,1
images/potassium_deficiency/b_0001_90.jpg,potassium_deficiency,POTASSIUM DEFICIENCY,256,256,5
images/potassium_deficiency/a_0001_124.jpg,potassium_deficiency,POTASSIUM DEFICIENCY,256,256,29
images/potassium_deficiency/b_0001_109.jpg,potassium_deficiency,POTASSIUM DEFICIENCY,256,256,36
images/potassium_deficiency/c_0001_254.jpg,potassium_deficiency,POTASSIUM DEFICIENCY,256,256,228
images/potassium_deficiency/d_0001_185.jpg,potassium_deficiency,POTASSIUM DEFICIENCY,256,256,65
images/potassium_deficiency/c_0001_25.jpg,potassium_deficiency,POTASSIUM DEFICIENCY,256,256,69
images/potassium_deficiency/b_0001_236.jpg,potassium_deficiency,POTASSIUM DEFICIENCY,256,256,4
images/potassium_deficiency/d_0001_72.jpg,potassium_deficiency,POTASSIUM DEFICIENCY,256,256,16
images/potassium_deficiency/potassium_0001_153.jpg,potassium_deficiency,POTASSIUM DEFICIENCY,256,256,1
images/potassium_deficiency/d_0001_255.jpg,potassium_deficiency,POTASSIUM DEFICIENCY,256,256,27
images/potassium_deficiency/c_0001_184.jpg,potassium_deficiency,POTASSIUM DEFICIENCY,256,256,64
images/potassium_deficiency/b_0001_69.jpg,potassium_deficiency,POTASSIUM DEFICIENCY,256,256,190
images/potassium_deficiency/c_0001_307.jpg,potassium_deficiency,POTASSIUM DEFICIENCY,256,256,229
images/potassium_deficiency/d_0001_193.jpg,potassium_deficiency,POTASSIUM DEFICIENCY,256,256,217
images/potassium_deficiency/c_0001_242.jpg,potassium_deficiency,POTASSIUM DEFICIENCY,256,256,230
images/potassium_deficiency/a_0001_132.jpg,potassium_deficiency,POTASSIUM DEFICIENCY,256,256,225
images/potassium_deficiency/b_0001_86.jpg,potassium_deficiency,POTASSIUM DEFICIENCY,256,256,231
images/potassium_deficiency/potassium_0001_295.jpg,potassium_deficiency,POTASSIUM DEFICIENCY,256,256,1
images/potassium_deficiency/d_0001_25.jpg,potassium_deficiency,POTASSIUM DEFICIENCY,256,256,5
images/potassium_deficiency/b_0001_261.jpg,potassium_deficiency,POTASSIUM DEFICIENCY,256,256,5
images/potassium_deficiency/a_0001_84.jpg,potassium_deficiency,POTASSIUM DEFICIENCY,256,256,169
images/potassium_deficiency/c_0001_72.jpg,potassium_deficiency,POTASSIUM DEFICIENCY,256,256,45
images/potassium_deficiency/d_0001_202.jpg,potassium_deficiency,POTASSIUM DEFICIENCY,256,256,232
images/potassium_deficiency/potassium_0001_104.jpg,potassium_deficiency,POTASSIUM DEFICIENCY,256,256,1
images/potassium_deficiency/c_0001_4.jpg,potassium_deficiency,POTASSIUM DEFICIENCY,256,256,233
images/potassium_deficiency/c_0001_350.jpg,potassium_deficiency,POTASSIUM DEFICIENCY,256,256,32
images/potassium_deficiency/d_0001_7.jpg,potassium_deficiency,POTASSIUM DEFICIENCY,256,256,14
images/potassium_deficiency/a_0001_165.jpg,potassium_deficiency,POTASSIUM DEFICIENCY,256,256,62
images/potassium_deficiency/c_0001_215.jpg,potassium_deficiency,POTASSIUM DEFICIENCY,256,256,9
images/potassium_deficiency/b_0001_148.jpg,potassium_deficiency,POTASSIUM DEFICIENCY,256,256,28
images/potassium_deficiency/c_0001_262.jpg,potassium_deficiency,POTASSIUM DEFICIENCY,256,256,3
images/potassium_deficiency/a_0001_112.jpg,potassium_deficiency,POTASSIUM DEFICIENCY,256,256,45
images/potassium_deficiency/b_0001_49.jpg,potassium_deficiency,POTASSIUM DEFICIENCY,256,256,61
images/potassium_deficiency/c_0001_327.jpg,potassium_deficiency,POTASSIUM DEFICIENCY,256,256,234
images/potassium_deficiency/potassium_0001_173.jpg,potassium_deficiency,POTASSIUM DEFICIENCY,256,256,1
images/potassium_deficiency/potassium_0001_2.jpg,potassium_deficiency,POTASSIUM DEFICIENCY,256,256,1
images/potassium_deficiency/potassium_0001_94.jpg,potassium_deficiency,POTASSIUM DEFICIENCY,256,256,1
images/potassium_deficiency/b_0001_216.jpg,potassium_deficiency,POTASSIUM DEFICIENCY,256,256,6
images/potassium_deficiency/d_0001_52.jpg,potassium_deficiency,POTASSIUM DEFICIENCY,256,256,4
images/potassium_deficiency/a_0001_145.jpg,potassium_deficiency,POTASSIUM DEFICIENCY,256,256,11
images/potassium_deficiency/c_0001_235.jpg,potassium_deficiency,POTASSIUM DEFICIENCY,256,256,59
images/potassium_deficiency/b_0001_168.jpg,potassium_deficiency,POTASSIUM DEFICIENCY,256,256,5
images/potassium_deficiency/b_0001_187.jpg,potassium_deficiency,POTASSIUM DEFICIENCY,256,256,7
images/potassium_deficiency/b_0001_304.jpg,potassium_deficiency,POTASSIUM DEFICIENCY,256,256,9
images/potassium_deficiency/d_0001_222.jpg,potassium_deficiency,POTASSIUM DEFICIENCY,256,256,12
images/potassium_deficiency/potassium_0001_124.jpg,potassium_deficiency,POTASSIUM DEFICIENCY,256,256,1
images/potassium_deficiency/a_0001_283.jpg,potassium_deficiency,POTASSIUM DEFICIENCY,256,256,4
images/potassium_deficiency/b_0001_241.jpg,potassium_deficiency,POTASSIUM DEFICIENCY,256,256,4
images/potassium_deficiency/c_0001_52.jpg,potassium_deficiency,POTASSIUM DEFICIENCY,256,256,11
images/potassium_deficiency/c_0001_223.jpg,potassium_deficiency,POTASSIUM DEFICIENCY,256,256,19
images/potassium_deficiency/a_0001_153.jpg,potassium_deficiency,POTASSIUM DEFICIENCY,256,256,11
images/potassium_deficiency/b_0001_191.jpg,potassium_deficiency,POTASSIUM DEFICIENCY,256,256,7
images/potassium_deficiency/a_0001_295.jpg,potassium_deficiency,POTASSIUM DEFICIENCY,256,256,16
images/potassium_deficiency/potassium_0001_132.jpg,potassium_deficiency,POTASSIUM DEFICIENCY,256,256,1
images/potassium_deficiency/d_0001_234.jpg,potassium_deficiency,POTASSIUM DEFICIENCY,256,256,17
images/potassium_deficiency/c_0001_44.jpg,potassium_deficiency,POTASSIUM DEFICIENCY,256,256,11
images/potassium_deficiency/b_0001_1.jpg,potassium_deficiency,POTASSIUM DEFICIENCY,256,256,10
images/potassium_deficiency/b_0001_257.jpg,potassium_deficiency,POTASSIUM DEFICIENCY,256,256,16
images/potassium_deficiency/d_0001_13.jpg,potassium_deficiency,POTASSIUM DEFICIENCY,256,256,184
images/potassium_deficiency/a_0001_104.jpg,potassium_deficiency,POTASSIUM DEFICIENCY,256,256,235
images/potassium_deficiency/b_0001_129.jpg,potassium_deficiency,POTASSIUM DEFICIENCY,256,256,236
images/potassium_deficiency/c_0001_274.jpg,potassium_deficiency,POTASSIUM DEFICIENCY,256,256,22
images/potassium_deficiency/c_0001_331.jpg,potassium_deficiency,POTASSIUM DEFICIENCY,256,256,19
images/potassium_deficiency/d_0001_263.jpg,potassium_deficiency,POTASSIUM DEFICIENCY,256,256,27
images/potassium_deficiency/potassium_0001_165.jpg,potassium_deficiency,POTASSIUM DEFICIENCY,256,256,1
images/potassium_deficiency/d_0001_44.jpg,potassium_deficiency,POTASSIUM DEFICIENCY,256,256,5
images/potassium_deficiency/b_0001_200.jpg,potassium_deficiency,POTASSIUM DEFICIENCY,256,256,7
images/potassium_deficiency/potassium_0001_82.jpg,potassium_deficiency,POTASSIUM DEFICIENCY,256,256,1
images/potassium_deficiency/c_0001_13.jpg,potassium_deficiency,POTASSIUM DEFICIENCY,256,256,19
images/potassium_deficiency/d_0001_131.jpg,potassium_deficiency,POTASSIUM DEFICIENCY,256,256,237
images/potassium_deficiency/a_0001_190.jpg,potassium_deficiency,POTASSIUM DEFICIENCY,256,256,10
images/potassium_deficiency/potassium_0001_237.jpg,potassium_deficiency,POTASSIUM DEFICIENCY,256,256,1
images/potassium_deficiency/b_0001_24.jpg,potassium_deficiency,POTASSIUM DEFICIENCY,256,256,5
images/potassium_deficiency/b_0001_152.jpg,potassium_deficiency,POTASSIUM DEFICIENCY,256,256,28
images/potassium_deficiency/a_0001_256.jpg,potassium_deficiency,POTASSIUM DEFICIENCY,256,256,5
images/potassium_deficiency/c_0001_126.jpg,potassium_deficiency,POTASSIUM DEFICIENCY,256,256,5
images/potassium_deficiency/c_0001_68.jpg,potassium_deficiency,POTASSIUM DEFICIENCY,256,256,52
images/potassium_deficiency/potassium_0001_16.jpg,potassium_deficiency,POTASSIUM DEFICIENCY,256,256,34
images/potassium_deficiency/a_0001_71.jpg,potassium_deficiency,POTASSIUM DEFICIENCY,256,256,238
images/potassium_deficiency/c_0001_87.jpg,potassium_deficiency,POTASSIUM DEFICIENCY,256,256,35
images/potassium_deficiency/b_0001_294.jpg,potassium_deficiency,POTASSIUM DEFICIENCY,256,256,5
images/potassium_deficiency/d_0001_218.jpg,potassium_deficiency,POTASSIUM DEFICIENCY,256,256,12
images/potassium_deficiency/b_0001_73.jpg,potassium_deficiency,POTASSIUM DEFICIENCY,256,256,97
images/potassium_deficiency/potassium_0001_260.jpg,potassium_deficiency,POTASSIUM DEFICIENCY,256,256,1
images/potassium_deficiency/d_0001_166.jpg,potassium_deficiency,POTASSIUM DEFICIENCY,256,256,239
images/potassium_deficiency/d_0001_189.jpg,potassium_deficiency,POTASSIUM DEFICIENCY,256,256,240
images/potassium_deficiency/c_0001_258.jpg,potassium_deficiency,POTASSIUM DEFICIENCY,256,256,241
images/potassium_deficiency/b_0001_105.jpg,potassium_deficiency,POTASSIUM DEFICIENCY,256,256,36
images/potassium_deficiency/a_0001_128.jpg,potassium_deficiency,POTASSIUM DEFICIENCY,256,256,57
images/potassium_deficiency/c_0001_171.jpg,potassium_deficiency,POTASSIUM DEFICIENCY,256,256,4
images/potassium_deficiency/d_0001_68.jpg,potassium_deficiency,POTASSIUM DEFICIENCY,256,256,180
images/potassium_deficiency/a_0001_201.jpg,potassium_deficiency,POTASSIUM DEFICIENCY,256,256,10
images/potassium_deficiency/d_0001_87.jpg,potassium_deficiency,POTASSIUM DEFICIENCY,256,256,23
images/potassium_deficiency/potassium_0001_149.jpg,potassium_deficiency,POTASSIUM DEFICIENCY,256,256,1
images/potassium_deficiency/potassium_0001_41.jpg,potassium_deficiency,POTASSIUM DEFICIENCY,256,256,18
images/potassium_deficiency/a_0001_26.jpg,potassium_deficiency,POTASSIUM DEFICIENCY,256,256,9
images/potassium_deficiency/d_0001_170.jpg,potassium_deficiency,POTASSIUM DEFICIENCY,256,256,242
images/potassium_deficiency/potassium_0001_276.jpg,potassium_deficiency,POTASSIUM DEFICIENCY,256,256,1
images/potassium_deficiency/b_0001_65.jpg,potassium_deficiency,POTASSIUM DEFICIENCY,256,256,2
images/potassium_deficiency/potassium_0001_299.jpg,potassium_deficiency,POTASSIUM DEFICIENCY,256,256,34
images/potassium_deficiency/b_0001_113.jpg,potassium_deficiency,POTASSIUM DEFICIENCY,256,256,5
images/potassium_deficiency/a_0001_217.jpg,potassium_deficiency,POTASSIUM DEFICIENCY,256,256,10
images/potassium_deficiency/c_0001_167.jpg,potassium_deficiency,POTASSIUM DEFICIENCY,256,256,4
images/potassium_deficiency/c_0001_29.jpg,potassium_deficiency,POTASSIUM DEFICIENCY,256,256,57
images/potassium_deficiency/potassium_0001_57.jpg,potassium_deficiency,POTASSIUM DEFICIENCY,256,256,1
images/potassium_deficiency/a_0001_30.jpg,potassium_deficiency,POTASSIUM DEFICIENCY,256,256,9
images/potassium_deficiency/c_0001_188.jpg,potassium_deficiency,POTASSIUM DEFICIENCY,256,256,64
images/potassium_deficiency/d_0001_259.jpg,potassium_deficiency,POTASSIUM DEFICIENCY,256,256,27
images/potassium_deficiency/d_0001_91.jpg,potassium_deficiency,POTASSIUM DEFICIENCY,256,256,8
images/potassium_deficiency/b_0001_32.jpg,potassium_deficiency,POTASSIUM DEFICIENCY,256,256,114
images/potassium_deficiency/potassium_0001_221.jpg,potassium_deficiency,POTASSIUM DEFICIENCY,256,256,45
images/potassium_deficiency/a_0001_186.jpg,potassium_deficiency,POTASSIUM DEFICIENCY,256,256,29
images/potassium_deficiency/d_0001_127.jpg,potassium_deficiency,POTASSIUM DEFICIENCY,256,256,8
images/potassium_deficiency/b_0001_144.jpg,potassium_deficiency,POTASSIUM DEFICIENCY,256,256,28
images/potassium_deficiency/c_0001_219.jpg,potassium_deficiency,POTASSIUM DEFICIENCY,256,256,9
images/potassium_deficiency/a_0001_169.jpg,potassium_deficiency,POTASSIUM DEFICIENCY,256,256,45
images/potassium_deficiency/a_0001_88.jpg,potassium_deficiency,POTASSIUM DEFICIENCY,256,256,61
images/potassium_deficiency/c_0001_130.jpg,potassium_deficiency,POTASSIUM DEFICIENCY,256,256,5
images/potassium_deficiency/d_0001_29.jpg,potassium_deficiency,POTASSIUM DEFICIENCY,256,256,5
images/potassium_deficiency/a_0001_240.jpg,potassium_deficiency,POTASSIUM DEFICIENCY,256,256,5
images/potassium_deficiency/c_0001_8.jpg,potassium_deficiency,POTASSIUM DEFICIENCY,256,256,243
images/potassium_deficiency/potassium_0001_108.jpg,potassium_deficiency,POTASSIUM DEFICIENCY,256,256,1
images/potassium_deficiency/b_0001_282.jpg,potassium_deficiency,POTASSIUM DEFICIENCY,256,256,9
images/potassium_deficiency/c_0001_91.jpg,potassium_deficiency,POTASSIUM DEFICIENCY,256,256,244
images/potassium_deficiency/a_0001_67.jpg,potassium_deficiency,POTASSIUM DEFICIENCY,256,256,197
images/yellow_sigatoka/yellow_sigatoka_0001_80.jpg,yellow_sigatoka,YELLOW SIGATOKA,256,256,245
images/yellow_sigatoka/yellow_sigatoka_0001_158.jpg,yellow_sigatoka,YELLOW SIGATOKA,256,256,246
images/yellow_sigatoka/yellow_sigatoka_0001_226.jpg,yellow_sigatoka,YELLOW SIGATOKA,256,256,247
images/yellow_sigatoka/yellow_sigatoka_0001_38.jpg,yellow_sigatoka,YELLOW SIGATOKA,256,256,248
images/yellow_sigatoka/yellow_sigatoka_0001_3.jpg,yellow_sigatoka,YELLOW SIGATOKA,256,256,249
images/yellow_sigatoka/yellow_sigatoka_0001_230.jpg,yellow_sigatoka,YELLOW SIGATOKA,256,256,250
images/yellow_sigatoka/yellow_sigatoka_0001_119.jpg,yellow_sigatoka,YELLOW SIGATOKA,256,256,251
images/yellow_sigatoka/yellow_sigatoka_0001_96.jpg,yellow_sigatoka,YELLOW SIGATOKA,256,256,252
images/yellow_sigatoka/yellow_sigatoka_0001_79.jpg,yellow_sigatoka,YELLOW SIGATOKA,256,256,253
images/yellow_sigatoka/yellow_sigatoka_0001_135.jpg,yellow_sigatoka,YELLOW SIGATOKA,256,256,253
images/yellow_sigatoka/yellow_sigatoka_0001_55.jpg,yellow_sigatoka,YELLOW SIGATOKA,256,256,254
images/yellow_sigatoka/yellow_sigatoka_0001_162.jpg,yellow_sigatoka,YELLOW SIGATOKA,256,256,255
images/yellow_sigatoka/yellow_sigatoka_0001_43.jpg,yellow_sigatoka,YELLOW SIGATOKA,256,256,256
images/yellow_sigatoka/yellow_sigatoka_0001_174.jpg,yellow_sigatoka,YELLOW SIGATOKA,256,256,257
images/yellow_sigatoka/yellow_sigatoka_0001_14.jpg,yellow_sigatoka,YELLOW SIGATOKA,256,256,258
images/yellow_sigatoka/yellow_sigatoka_0001_123.jpg,yellow_sigatoka,YELLOW SIGATOKA,256,256,259
images/yellow_sigatoka/yellow_sigatoka_0001_154.jpg,yellow_sigatoka,YELLOW SIGATOKA,256,256,260
images/yellow_sigatoka/yellow_sigatoka_0001_63.jpg,yellow_sigatoka,YELLOW SIGATOKA,256,256,261
images/yellow_sigatoka/yellow_sigatoka_0001_103.jpg,yellow_sigatoka,YELLOW SIGATOKA,256,256,262
images/yellow_sigatoka/yellow_sigatoka_0001_34.jpg,yellow_sigatoka,YELLOW SIGATOKA,256,256,263
images/yellow_sigatoka/yellow_sigatoka_0001_115.jpg,yellow_sigatoka,YELLOW SIGATOKA,256,256,264
images/yellow_sigatoka/yellow_sigatoka_0001_22.jpg,yellow_sigatoka,YELLOW SIGATOKA,256,256,265
images/yellow_sigatoka/yellow_sigatoka_0001_142.jpg,yellow_sigatoka,YELLOW SIGATOKA,256,256,266
images/yellow_sigatoka/yellow_sigatoka_0001_75.jpg,yellow_sigatoka,YELLOW SIGATOKA,256,256,267
images/yellow_sigatoka/yellow_sigatoka_0001_139.jpg,yellow_sigatoka,YELLOW SIGATOKA,256,256,268
images/yellow_sigatoka/yellow_sigatoka_0001_210.jpg,yellow_sigatoka,YELLOW SIGATOKA,256,256,253
images/yellow_sigatoka/yellow_sigatoka_0001_181.jpg,yellow_sigatoka,YELLOW SIGATOKA,256,256,269
images/yellow_sigatoka/yellow_sigatoka_0001_59.jpg,yellow_sigatoka,YELLOW SIGATOKA,256,256,270
images/yellow_sigatoka/yellow_sigatoka_0001_247.jpg,yellow_sigatoka,YELLOW SIGATOKA,256,256,271
images/yellow_sigatoka/yellow_sigatoka_0001_178.jpg,yellow_sigatoka,YELLOW SIGATOKA,256,256,272
images/yellow_sigatoka/yellow_sigatoka_0001_197.jpg,yellow_sigatoka,YELLOW SIGATOKA,256,256,253
images/yellow_sigatoka/yellow_sigatoka_0001_251.jpg,yellow_sigatoka,YELLOW SIGATOKA,256,256,273
images/yellow_sigatoka/yellow_sigatoka_0001_18.jpg,yellow_sigatoka,YELLOW SIGATOKA,256,256,274
images/yellow_sigatoka/yellow_sigatoka_0001_206.jpg,yellow_sigatoka,YELLOW SIGATOKA,256,256,275
images/yellow_sigatoka/yellow_sigatoka_0001_19.jpg,yellow_sigatoka,YELLOW SIGATOKA,256,256,276
images/yellow_sigatoka/yellow_sigatoka_0001_207.jpg,yellow_sigatoka,YELLOW SIGATOKA,256,256,277
images/yellow_sigatoka/yellow_sigatoka_0001_250.jpg,yellow_sigatoka,YELLOW SIGATOKA,256,256,278
images/yellow_sigatoka/yellow_sigatoka_0001_179.jpg,yellow_sigatoka,YELLOW SIGATOKA,256,256,253
images/yellow_sigatoka/yellow_sigatoka_0001_196.jpg,yellow_sigatoka,YELLOW SIGATOKA,256,256,279
images/yellow_sigatoka/yellow_sigatoka_0001_58.jpg,yellow_sigatoka,YELLOW SIGATOKA,256,256,280
images/yellow_sigatoka/yellow_sigatoka_0001_246.jpg,yellow_sigatoka,YELLOW SIGATOKA,256,256,281
images/yellow_sigatoka/yellow_sigatoka_0001_180.jpg,yellow_sigatoka,YELLOW SIGATOKA,256,256,282
images/yellow_sigatoka/yellow_sigatoka_0001_211.jpg,yellow_sigatoka,YELLOW SIGATOKA,256,256,283
images/yellow_sigatoka/yellow_sigatoka_0001_138.jpg,yellow_sigatoka,YELLOW SIGATOKA,256,256,284
images/yellow_sigatoka/yellow_sigatoka_0001_74.jpg,yellow_sigatoka,YELLOW SIGATOKA,256,256,285
images/yellow_sigatoka/yellow_sigatoka_0001_143.jpg,yellow_sigatoka,YELLOW SIGATOKA,256,256,286
images/yellow_sigatoka/yellow_sigatoka_0001_23.jpg,yellow_sigatoka,YELLOW SIGATOKA,256,256,287
images/yellow_sigatoka/yellow_sigatoka_0001_114.jpg,yellow_sigatoka,YELLOW SIGATOKA,256,256,288
images/yellow_sigatoka/yellow_sigatoka_0001_35.jpg,yellow_sigatoka,YELLOW SIGATOKA,256,256,253
images/yellow_sigatoka/yellow_sigatoka_0001_102.jpg,yellow_sigatoka,YELLOW SIGATOKA,256,256,289
images/yellow_sigatoka/yellow_sigatoka_0001_62.jpg,yellow_sigatoka,YELLOW SIGATOKA,256,256,290
images/yellow_sigatoka/yellow_sigatoka_0001_155.jpg,yellow_sigatoka,YELLOW SIGATOKA,256,256,291
images/yellow_sigatoka/yellow_sigatoka_0001_122.jpg,yellow_sigatoka,YELLOW SIGATOKA,256,256,292
images/yellow_sigatoka/yellow_sigatoka_0001_15.jpg,yellow_sigatoka,YELLOW SIGATOKA,256,256,293
images/yellow_sigatoka/yellow_sigatoka_0001_175.jpg,yellow_sigatoka,YELLOW SIGATOKA,256,256,294
images/yellow_sigatoka/yellow_sigatoka_0001_42.jpg,yellow_sigatoka,YELLOW SIGATOKA,256,256,295
images/yellow_sigatoka/yellow_sigatoka_0001_163.jpg,yellow_sigatoka,YELLOW SIGATOKA,256,256,296
images/yellow_sigatoka/yellow_sigatoka_0001_54.jpg,yellow_sigatoka,YELLOW SIGATOKA,256,256,297
images/yellow_sigatoka/yellow_sigatoka_0001_134.jpg,yellow_sigatoka,YELLOW SIGATOKA,256,256,298
images/yellow_sigatoka/yellow_sigatoka_0001_97.jpg,yellow_sigatoka,YELLOW SIGATOKA,256,256,299
images/yellow_sigatoka/yellow_sigatoka_0001_78.jpg,yellow_sigatoka,YELLOW SIGATOKA,256,256,300
images/yellow_sigatoka/yellow_sigatoka_0001_118.jpg,yellow_sigatoka,YELLOW SIGATOKA,256,256,301
images/yellow_sigatoka/yellow_sigatoka_0001_231.jpg,yellow_sigatoka,YELLOW SIGATOKA,256,256,264
images/yellow_sigatoka/yellow_sigatoka_0001_2.jpg,yellow_sigatoka,YELLOW SIGATOKA,256,256,253
images/yellow_sigatoka/yellow_sigatoka_0001_227.jpg,yellow_sigatoka,YELLOW SIGATOKA,256,256,302
images/yellow_sigatoka/yellow_sigatoka_0001_39.jpg,yellow_sigatoka,YELLOW SIGATOKA,256,256,303
images/yellow_sigatoka/yellow_sigatoka_0001_159.jpg,yellow_sigatoka,YELLOW SIGATOKA,256,256,304
images/yellow_sigatoka/yellow_sigatoka_0001_81.jpg,yellow_sigatoka,YELLOW SIGATOKA,256,256,305
images/yellow_sigatoka/yellow_sigatoka_0001_152.jpg,yellow_sigatoka,YELLOW SIGATOKA,256,256,262
images/yellow_sigatoka/yellow_sigatoka_0001_65.jpg,yellow_sigatoka,YELLOW SIGATOKA,256,256,306
images/yellow_sigatoka/yellow_sigatoka_0001_9.jpg,yellow_sigatoka,YELLOW SIGATOKA,256,256,291
images/yellow_sigatoka/yellow_sigatoka_0001_105.jpg,yellow_sigatoka,YELLOW SIGATOKA,256,256,307
images/yellow_sigatoka/yellow_sigatoka_0001_32.jpg,yellow_sigatoka,YELLOW SIGATOKA,256,256,271
images/yellow_sigatoka/yellow_sigatoka_0001_113.jpg,yellow_sigatoka,YELLOW SIGATOKA,256,256,253
images/yellow_sigatoka/yellow_sigatoka_0001_24.jpg,yellow_sigatoka,YELLOW SIGATOKA,256,256,253
images/yellow_sigatoka/yellow_sigatoka_0001_144.jpg,yellow_sigatoka,YELLOW SIGATOKA,256,256,308
images/yellow_sigatoka/yellow_sigatoka_0001_73.jpg,yellow_sigatoka,YELLOW SIGATOKA,256,256,309
images/yellow_sigatoka/yellow_sigatoka_0001_216.jpg,yellow_sigatoka,YELLOW SIGATOKA,256,256,310
images/yellow_sigatoka/yellow_sigatoka_0001_168.jpg,yellow_sigatoka,YELLOW SIGATOKA,256,256,253
images/yellow_sigatoka/yellow_sigatoka_0001_187.jpg,yellow_sigatoka,YELLOW SIGATOKA,256,256,253
images/yellow_sigatoka/yellow_sigatoka_0001_241.jpg,yellow_sigatoka,YELLOW SIGATOKA,256,256,311
images/yellow_sigatoka/yellow_sigatoka_0001_191.jpg,yellow_sigatoka,YELLOW SIGATOKA,256,256,253
images/yellow_sigatoka/yellow_sigatoka_0001_49.jpg,yellow_sigatoka,YELLOW SIGATOKA,256,256,312
images/yellow_sigatoka/yellow_sigatoka_0001_257.jpg,yellow_sigatoka,YELLOW SIGATOKA,256,256,313
images/yellow_sigatoka/yellow_sigatoka_0001_129.jpg,yellow_sigatoka,YELLOW SIGATOKA,256,256,281
images/yellow_sigatoka/yellow_sigatoka_0001_200.jpg,yellow_sigatoka,YELLOW SIGATOKA,256,256,253
images/yellow_sigatoka/yellow_sigatoka_0001_86.jpg,yellow_sigatoka,YELLOW SIGATOKA,256,256,314
images/yellow_sigatoka/yellow_sigatoka_0001_69.jpg,yellow_sigatoka,YELLOW SIGATOKA,256,256,315
images/yellow_sigatoka/yellow_sigatoka_0001_220.jpg,yellow_sigatoka,YELLOW SIGATOKA,256,256,262
images/yellow_sigatoka/yellow_sigatoka_0001_109.jpg,yellow_sigatoka,YELLOW SIGATOKA,256,256,302
images/yellow_sigatoka/yellow_sigatoka_0001_5.jpg,yellow_sigatoka,YELLOW SIGATOKA,256,256,289
images/yellow_sigatoka/yellow_sigatoka_0001_236.jpg,yellow_sigatoka,YELLOW SIGATOKA,256,256,251
images/yellow_sigatoka/yellow_sigatoka_0001_28.jpg,yellow_sigatoka,YELLOW SIGATOKA,256,256,316
images/yellow_sigatoka/yellow_sigatoka_0001_261.jpg,yellow_sigatoka,YELLOW SIGATOKA,256,256,317
images/yellow_sigatoka/yellow_sigatoka_0001_90.jpg,yellow_sigatoka,YELLOW SIGATOKA,256,256,318
images/yellow_sigatoka/yellow_sigatoka_0001_148.jpg,yellow_sigatoka,YELLOW SIGATOKA,256,256,319
images/yellow_sigatoka/yellow_sigatoka_0001_133.jpg,yellow_sigatoka,YELLOW SIGATOKA,256,256,278
images/yellow_sigatoka/yellow_sigatoka_0001_53.jpg,yellow_sigatoka,YELLOW SIGATOKA,256,256,320
images/yellow_sigatoka/yellow_sigatoka_0001_164.jpg,yellow_sigatoka,YELLOW SIGATOKA,256,256,321
images/yellow_sigatoka/yellow_sigatoka_0001_45.jpg,yellow_sigatoka,YELLOW SIGATOKA,256,256,322
images/yellow_sigatoka/yellow_sigatoka_0001_172.jpg,yellow_sigatoka,YELLOW SIGATOKA,256,256,323
images/yellow_sigatoka/yellow_sigatoka_0001_12.jpg,yellow_sigatoka,YELLOW SIGATOKA,256,256,302
images/yellow_sigatoka/yellow_sigatoka_0001_125.jpg,yellow_sigatoka,YELLOW SIGATOKA,256,256,311
images/yellow_sigatoka/yellow_sigatoka_0001_124.jpg,yellow_sigatoka,YELLOW SIGATOKA,256,256,253
images/yellow_sigatoka/yellow_sigatoka_0001_13.jpg,yellow_sigatoka,YELLOW SIGATOKA,256,256,253
images/yellow_sigatoka/yellow_sigatoka_0001_173.jpg,yellow_sigatoka,YELLOW SIGATOKA,256,256,324
images/yellow_sigatoka/yellow_sigatoka_0001_44.jpg,yellow_sigatoka,YELLOW SIGATOKA,256,256,325
images/yellow_sigatoka/yellow_sigatoka_0001_165.jpg,yellow_sigatoka,YELLOW SIGATOKA,256,256,326
images/yellow_sigatoka/yellow_sigatoka_0001_52.jpg,yellow_sigatoka,YELLOW SIGATOKA,256,256,320
images/yellow_sigatoka/yellow_sigatoka_0001_132.jpg,yellow_sigatoka,YELLOW SIGATOKA,256,256,263
images/yellow_sigatoka/yellow_sigatoka_0001_149.jpg,yellow_sigatoka,YELLOW SIGATOKA,256,256,327
images/yellow_sigatoka/yellow_sigatoka_0001_260.jpg,yellow_sigatoka,YELLOW SIGATOKA,256,256,328
images/yellow_sigatoka/yellow_sigatoka_0001_91.jpg,yellow_sigatoka,YELLOW SIGATOKA,256,256,313
images/yellow_sigatoka/yellow_sigatoka_0001_237.jpg,yellow_sigatoka,YELLOW SIGATOKA,256,256,329
images/yellow_sigatoka/yellow_sigatoka_0001_29.jpg,yellow_sigatoka,YELLOW SIGATOKA,256,256,330
images/yellow_sigatoka/yellow_sigatoka_0001_108.jpg,yellow_sigatoka,YELLOW SIGATOKA,256,256,247
images/yellow_sigatoka/yellow_sigatoka_0001_4.jpg,yellow_sigatoka,YELLOW SIGATOKA,256,256,289
images/yellow_sigatoka/yellow_sigatoka_0001_221.jpg,yellow_sigatoka,YELLOW SIGATOKA,256,256,253
images/yellow_sigatoka/yellow_sigatoka_0001_87.jpg,yellow_sigatoka,YELLOW SIGATOKA,256,256,275
images/yellow_sigatoka/yellow_sigatoka_0001_68.jpg,yellow_sigatoka,YELLOW SIGATOKA,256,256,253
images/yellow_sigatoka/yellow_sigatoka_0001_201.jpg,yellow_sigatoka,YELLOW SIGATOKA,256,256,253
images/yellow_sigatoka/yellow_sigatoka_0001_128.jpg,yellow_sigatoka,YELLOW SIGATOKA,256,256,331
images/yellow_sigatoka/yellow_sigatoka_0001_48.jpg,yellow_sigatoka,YELLOW SIGATOKA,256,256,332
images/yellow_sigatoka/yellow_sigatoka_0001_256.jpg,yellow_sigatoka,YELLOW SIGATOKA,256,256,277
images/yellow_sigatoka/yellow_sigatoka_0001_190.jpg,yellow_sigatoka,YELLOW SIGATOKA,256,256,253
images/yellow_sigatoka/yellow_sigatoka_0001_240.jpg,yellow_sigatoka,YELLOW SIGATOKA,256,256,333
images/yellow_sigatoka/yellow_sigatoka_0001_169.jpg,yellow_sigatoka,YELLOW SIGATOKA,256,256,334
images/yellow_sigatoka/yellow_sigatoka_0001_186.jpg,yellow_sigatoka,YELLOW SIGATOKA,256,256,253
images/yellow_sigatoka/yellow_sigatoka_0001_217.jpg,yellow_sigatoka,YELLOW SIGATOKA,256,256,249
images/yellow_sigatoka/yellow_sigatoka_0001_72.jpg,yellow_sigatoka,YELLOW SIGATOKA,256,256,335
images/yellow_sigatoka/yellow_sigatoka_0001_145.jpg,yellow_sigatoka,YELLOW SIGATOKA,256,256,336
images/yellow_sigatoka/yellow_sigatoka_0001_25.jpg,yellow_sigatoka,YELLOW SIGATOKA,256,256,292
images/yellow_sigatoka/yellow_sigatoka_0001_112.jpg,yellow_sigatoka,YELLOW SIGATOKA,256,256,253
images/yellow_sigatoka/yellow_sigatoka_0001_33.jpg,yellow_sigatoka,YELLOW SIGATOKA,256,256,337
images/yellow_sigatoka/yellow_sigatoka_0001_8.jpg,yellow_sigatoka,YELLOW SIGATOKA,256,256,338
images/yellow_sigatoka/yellow_sigatoka_0001_104.jpg,yellow_sigatoka,YELLOW SIGATOKA,256,256,339
images/yellow_sigatoka/yellow_sigatoka_0001_64.jpg,yellow_sigatoka,YELLOW SIGATOKA,256,256,340
images/yellow_sigatoka/yellow_sigatoka_0001_153.jpg,yellow_sigatoka,YELLOW SIGATOKA,256,256,341
images/yellow_sigatoka/yellow_sigatoka_0001_202.jpg,yellow_sigatoka,YELLOW SIGATOKA,256,256,253
images/yellow_sigatoka/yellow_sigatoka_0001_255.jpg,yellow_sigatoka,YELLOW SIGATOKA,256,256,275
images/yellow_sigatoka/yellow_sigatoka_0001_193.jpg,yellow_sigatoka,YELLOW SIGATOKA,256,256,342
images/yellow_sigatoka/yellow_sigatoka_0001_243.jpg,yellow_sigatoka,YELLOW SIGATOKA,256,256,343
images/yellow_sigatoka/yellow_sigatoka_0001_185.jpg,yellow_sigatoka,YELLOW SIGATOKA,256,256,253
images/yellow_sigatoka/yellow_sigatoka_0001_214.jpg,yellow_sigatoka,YELLOW SIGATOKA,256,256,344
images/yellow_sigatoka/yellow_sigatoka_0001_71.jpg,yellow_sigatoka,YELLOW SIGATOKA,256,256,345
images/yellow_sigatoka/yellow_sigatoka_0001_146.jpg,yellow_sigatoka,YELLOW SIGATOKA,256,256,253
images/yellow_sigatoka/yellow_sigatoka_0001_26.jpg,yellow_sigatoka,YELLOW SIGATOKA,256,256,346
images/yellow_sigatoka/yellow_sigatoka_0001_238.jpg,yellow_sigatoka,YELLOW SIGATOKA,256,256,347
images/yellow_sigatoka/yellow_sigatoka_0001_111.jpg,yellow_sigatoka,YELLOW SIGATOKA,256,256,293
images/yellow_sigatoka/yellow_sigatoka_0001_30.jpg,yellow_sigatoka,YELLOW SIGATOKA,256,256,348
images/yellow_sigatoka/yellow_sigatoka_0001_107.jpg,yellow_sigatoka,YELLOW SIGATOKA,256,256,349
images/yellow_sigatoka/yellow_sigatoka_0001_67.jpg,yellow_sigatoka,YELLOW SIGATOKA,256,256,350
images/yellow_sigatoka/yellow_sigatoka_0001_88.jpg,yellow_sigatoka,YELLOW SIGATOKA,256,256,275
images/yellow_sigatoka/yellow_sigatoka_0001_150.jpg,yellow_sigatoka,YELLOW SIGATOKA,256,256,351
images/yellow_sigatoka/yellow_sigatoka_0001_127.jpg,yellow_sigatoka,YELLOW SIGATOKA,256,256,352
images/yellow_sigatoka/yellow_sigatoka_0001_10.jpg,yellow_sigatoka,YELLOW SIGATOKA,256,256,349
images/yellow_sigatoka/yellow_sigatoka_0001_170.jpg,yellow_sigatoka,YELLOW SIGATOKA,256,256,353
images/yellow_sigatoka/yellow_sigatoka_0001_259.jpg,yellow_sigatoka,YELLOW SIGATOKA,256,256,354
images/yellow_sigatoka/yellow_sigatoka_0001_47.jpg,yellow_sigatoka,YELLOW SIGATOKA,256,256,355
images/yellow_sigatoka/yellow_sigatoka_0001_189.jpg,yellow_sigatoka,YELLOW SIGATOKA,256,256,356
images/yellow_sigatoka/yellow_sigatoka_0001_166.jpg,yellow_sigatoka,YELLOW SIGATOKA,256,256,357
images/yellow_sigatoka/yellow_sigatoka_0001_51.jpg,yellow_sigatoka,YELLOW SIGATOKA,256,256,358
images/yellow_sigatoka/yellow_sigatoka_0001_131.jpg,yellow_sigatoka,YELLOW SIGATOKA,256,256,359
images/yellow_sigatoka/yellow_sigatoka_0001_218.jpg,yellow_sigatoka,YELLOW SIGATOKA,256,256,289
images/yellow_sigatoka/yellow_sigatoka_0001_92.jpg,yellow_sigatoka,YELLOW SIGATOKA,256,256,360
images/yellow_sigatoka/yellow_sigatoka_0001_263.jpg,yellow_sigatoka,YELLOW SIGATOKA,256,256,299
images/yellow_sigatoka/yellow_sigatoka_0001_234.jpg,yellow_sigatoka,YELLOW SIGATOKA,256,256,276
images/yellow_sigatoka/yellow_sigatoka_0001_7.jpg,yellow_sigatoka,YELLOW SIGATOKA,256,256,339
images/yellow_sigatoka/yellow_sigatoka_0001_222.jpg,yellow_sigatoka,YELLOW SIGATOKA,256,256,339
images/yellow_sigatoka/yellow_sigatoka_0001_84.jpg,yellow_sigatoka,YELLOW SIGATOKA,256,256,361
images/yellow_sigatoka/yellow_sigatoka_0001_85.jpg,yellow_sigatoka,YELLOW SIGATOKA,256,256,362
images/yellow_sigatoka/yellow_sigatoka_0001_223.jpg,yellow_sigatoka,YELLOW SIGATOKA,256,256,363
images/yellow_sigatoka/yellow_sigatoka_0001_6.jpg,yellow_sigatoka,YELLOW SIGATOKA,256,256,262
images/yellow_sigatoka/yellow_sigatoka_0001_235.jpg,yellow_sigatoka,YELLOW SIGATOKA,256,256,364
images/yellow_sigatoka/yellow_sigatoka_0001_93.jpg,yellow_sigatoka,YELLOW SIGATOKA,256,256,283
images/yellow_sigatoka/yellow_sigatoka_0001_262.jpg,yellow_sigatoka,YELLOW SIGATOKA,256,256,344
images/yellow_sigatoka/yellow_sigatoka_0001_219.jpg,yellow_sigatoka,YELLOW SIGATOKA,256,256,289
images/yellow_sigatoka/yellow_sigatoka_0001_130.jpg,yellow_sigatoka,YELLOW SIGATOKA,256,256,365
images/yellow_sigatoka/yellow_sigatoka_0001_50.jpg,yellow_sigatoka,YELLOW SIGATOKA,256,256,366
images/yellow_sigatoka/yellow_sigatoka_0001_188.jpg,yellow_sigatoka,YELLOW SIGATOKA,256,256,253
images/yellow_sigatoka/yellow_sigatoka_0001_167.jpg,yellow_sigatoka,YELLOW SIGATOKA,256,256,367
images/yellow_sigatoka/yellow_sigatoka_0001_258.jpg,yellow_sigatoka,YELLOW SIGATOKA,256,256,368
images/yellow_sigatoka/yellow_sigatoka_0001_46.jpg,yellow_sigatoka,YELLOW SIGATOKA,256,256,253
images/yellow_sigatoka/yellow_sigatoka_0001_171.jpg,yellow_sigatoka,YELLOW SIGATOKA,256,256,369
images/yellow_sigatoka/yellow_sigatoka_0001_11.jpg,yellow_sigatoka,YELLOW SIGATOKA,256,256,247
images/yellow_sigatoka/yellow_sigatoka_0001_126.jpg,yellow_sigatoka,YELLOW SIGATOKA,256,256,370
images/yellow_sigatoka/yellow_sigatoka_0001_151.jpg,yellow_sigatoka,YELLOW SIGATOKA,256,256,351
images/yellow_sigatoka/yellow_sigatoka_0001_66.jpg,yellow_sigatoka,YELLOW SIGATOKA,256,256,371
images/yellow_sigatoka/yellow_sigatoka_0001_89.jpg,yellow_sigatoka,YELLOW SIGATOKA,256,256,277
images/yellow_sigatoka/yellow_sigatoka_0001_106.jpg,yellow_sigatoka,YELLOW SIGATOKA,256,256,372
images/yellow_sigatoka/yellow_sigatoka_0001_31.jpg,yellow_sigatoka,YELLOW SIGATOKA,256,256,281
images/yellow_sigatoka/yellow_sigatoka_0001_110.jpg,yellow_sigatoka,YELLOW SIGATOKA,256,256,258
images/yellow_sigatoka/yellow_sigatoka_0001_27.jpg,yellow_sigatoka,YELLOW SIGATOKA,256,256,373
images/yellow_sigatoka/yellow_sigatoka_0001_239.jpg,yellow_sigatoka,YELLOW SIGATOKA,256,256,292
images/yellow_sigatoka/yellow_sigatoka_0001_147.jpg,yellow_sigatoka,YELLOW SIGATOKA,256,256,374
images/yellow_sigatoka/yellow_sigatoka_0001_70.jpg,yellow_sigatoka,YELLOW SIGATOKA,256,256,375
images/yellow_sigatoka/yellow_sigatoka_0001_215.jpg,yellow_sigatoka,YELLOW SIGATOKA,256,256,299
images/yellow_sigatoka/yellow_sigatoka_0001_184.jpg,yellow_sigatoka,YELLOW SIGATOKA,256,256,376
images/yellow_sigatoka/yellow_sigatoka_0001_242.jpg,yellow_sigatoka,YELLOW SIGATOKA,256,256,370
images/yellow_sigatoka/yellow_sigatoka_0001_192.jpg,yellow_sigatoka,YELLOW SIGATOKA,256,256,253
images/yellow_sigatoka/yellow_sigatoka_0001_254.jpg,yellow_sigatoka,YELLOW SIGATOKA,256,256,253
images/yellow_sigatoka/yellow_sigatoka_0001_203.jpg,yellow_sigatoka,YELLOW SIGATOKA,256,256,253
images/yellow_sigatoka/yellow_sigatoka_0001_121.jpg,yellow_sigatoka,YELLOW SIGATOKA,256,256,377
images/yellow_sigatoka/yellow_sigatoka_0001_208.jpg,yellow_sigatoka,YELLOW SIGATOKA,256,256,313
images/yellow_sigatoka/yellow_sigatoka_0001_16.jpg,yellow_sigatoka,YELLOW SIGATOKA,256,256,250
images/yellow_sigatoka/yellow_sigatoka_0001_199.jpg,yellow_sigatoka,YELLOW SIGATOKA,256,256,253
images/yellow_sigatoka/yellow_sigatoka_0001_176.jpg,yellow_sigatoka,YELLOW SIGATOKA,256,256,378
images/yellow_sigatoka/yellow_sigatoka_0001_41.jpg,yellow_sigatoka,YELLOW SIGATOKA,256,256,379
images/yellow_sigatoka/yellow_sigatoka_0001_160.jpg,yellow_sigatoka,YELLOW SIGATOKA,256,256,380
images/yellow_sigatoka/yellow_sigatoka_0001_249.jpg,yellow_sigatoka,YELLOW SIGATOKA,256,256,263
images/yellow_sigatoka/yellow_sigatoka_0001_57.jpg,yellow_sigatoka,YELLOW SIGATOKA,256,256,381
images/yellow_sigatoka/yellow_sigatoka_0001_137.jpg,yellow_sigatoka,YELLOW SIGATOKA,256,256,382
images/yellow_sigatoka/yellow_sigatoka_0001_94.jpg,yellow_sigatoka,YELLOW SIGATOKA,256,256,383
images/yellow_sigatoka/yellow_sigatoka_0001_232.jpg,yellow_sigatoka,YELLOW SIGATOKA,256,256,253
images/yellow_sigatoka/yellow_sigatoka_0001_1.jpg,yellow_sigatoka,YELLOW SIGATOKA,256,256,253
images/yellow_sigatoka/yellow_sigatoka_0001_224.jpg,yellow_sigatoka,YELLOW SIGATOKA,256,256,291
images/yellow_sigatoka/yellow_sigatoka_0001_82.jpg,yellow_sigatoka,YELLOW SIGATOKA,256,256,384
images/yellow_sigatoka/yellow_sigatoka_0001_204.jpg,yellow_sigatoka,YELLOW SIGATOKA,256,256,253
images/yellow_sigatoka/yellow_sigatoka_0001_253.jpg,yellow_sigatoka,YELLOW SIGATOKA,256,256,385
images/yellow_sigatoka/yellow_sigatoka_0001_195.jpg,yellow_sigatoka,YELLOW SIGATOKA,256,256,386
images/yellow_sigatoka/yellow_sigatoka_0001_245.jpg,yellow_sigatoka,YELLOW SIGATOKA,256,256,348
images/yellow_sigatoka/yellow_sigatoka_0001_183.jpg,yellow_sigatoka,YELLOW SIGATOKA,256,256,387
images/yellow_sigatoka/yellow_sigatoka_0001_212.jpg,yellow_sigatoka,YELLOW SIGATOKA,256,256,388
images/yellow_sigatoka/yellow_sigatoka_0001_77.jpg,yellow_sigatoka,YELLOW SIGATOKA,256,256,389
images/yellow_sigatoka/yellow_sigatoka_0001_98.jpg,yellow_sigatoka,YELLOW SIGATOKA,256,256,310
images/yellow_sigatoka/yellow_sigatoka_0001_140.jpg,yellow_sigatoka,YELLOW SIGATOKA,256,256,390
images/yellow_sigatoka/yellow_sigatoka_0001_20.jpg,yellow_sigatoka,YELLOW SIGATOKA,256,256,391
images/yellow_sigatoka/yellow_sigatoka_0001_117.jpg,yellow_sigatoka,YELLOW SIGATOKA,256,256,392
images/yellow_sigatoka/yellow_sigatoka_0001_36.jpg,yellow_sigatoka,YELLOW SIGATOKA,256,256,278
images/yellow_sigatoka/yellow_sigatoka_0001_228.jpg,yellow_sigatoka,YELLOW SIGATOKA,256,256,258
images/yellow_sigatoka/yellow_sigatoka_0001_101.jpg,yellow_sigatoka,YELLOW SIGATOKA,256,256,253
images/yellow_sigatoka/yellow_sigatoka_0001_61.jpg,yellow_sigatoka,YELLOW SIGATOKA,256,256,393
images/yellow_sigatoka/yellow_sigatoka_0001_156.jpg,yellow_sigatoka,YELLOW SIGATOKA,256,256,394
images/yellow_sigatoka/yellow_sigatoka_0001_157.jpg,yellow_sigatoka,YELLOW SIGATOKA,256,256,253
images/yellow_sigatoka/yellow_sigatoka_0001_60.jpg,yellow_sigatoka,YELLOW SIGATOKA,256,256,395
images/yellow_sigatoka/yellow_sigatoka_0001_100.jpg,yellow_sigatoka,YELLOW SIGATOKA,256,256,289
images/yellow_sigatoka/yellow_sigatoka_0001_37.jpg,yellow_sigatoka,YELLOW SIGATOKA,256,256,273
images/yellow_sigatoka/yellow_sigatoka_0001_229.jpg,yellow_sigatoka,YELLOW SIGATOKA,256,256,293
images/yellow_sigatoka/yellow_sigatoka_0001_116.jpg,yellow_sigatoka,YELLOW SIGATOKA,256,256,396
images/yellow_sigatoka/yellow_sigatoka_0001_21.jpg,yellow_sigatoka,YELLOW SIGATOKA,256,256,397
images/yellow_sigatoka/yellow_sigatoka_0001_141.jpg,yellow_sigatoka,YELLOW SIGATOKA,256,256,398
images/yellow_sigatoka/yellow_sigatoka_0001_76.jpg,yellow_sigatoka,YELLOW SIGATOKA,256,256,399
images/yellow_sigatoka/yellow_sigatoka_0001_99.jpg,yellow_sigatoka,YELLOW SIGATOKA,256,256,400
images/yellow_sigatoka/yellow_sigatoka_0001_213.jpg,yellow_sigatoka,YELLOW SIGATOKA,256,256,317
images/yellow_sigatoka/yellow_sigatoka_0001_182.jpg,yellow_sigatoka,YELLOW SIGATOKA,256,256,401
images/yellow_sigatoka/yellow_sigatoka_0001_244.jpg,yellow_sigatoka,YELLOW SIGATOKA,256,256,352
images/yellow_sigatoka/yellow_sigatoka_0001_194.jpg,yellow_sigatoka,YELLOW SIGATOKA,256,256,253
images/yellow_sigatoka/yellow_sigatoka_0001_252.jpg,yellow_sigatoka,YELLOW SIGATOKA,256,256,248
images/yellow_sigatoka/yellow_sigatoka_0001_205.jpg,yellow_sigatoka,YELLOW SIGATOKA,256,256,275
images/yellow_sigatoka/yellow_sigatoka_0001_83.jpg,yellow_sigatoka,YELLOW SIGATOKA,256,256,402
images/yellow_sigatoka/yellow_sigatoka_0001_225.jpg,yellow_sigatoka,YELLOW SIGATOKA,256,256,349
images/yellow_sigatoka/yellow_sigatoka_0001_233.jpg,yellow_sigatoka,YELLOW SIGATOKA,256,256,396
images/yellow_sigatoka/yellow_sigatoka_0001_264.jpg,yellow_sigatoka,YELLOW SIGATOKA,256,256,403
images/yellow_sigatoka/yellow_sigatoka_0001_95.jpg,yellow_sigatoka,YELLOW SIGATOKA,256,256,317
images/yellow_sigatoka/yellow_sigatoka_0001_136.jpg,yellow_sigatoka,YELLOW SIGATOKA,256,256,248
images/yellow_sigatoka/yellow_sigatoka_0001_248.jpg,yellow_sigatoka,YELLOW SIGATOKA,256,256,404
images/yellow_sigatoka/yellow_sigatoka_0001_56.jpg,yellow_sigatoka,YELLOW SIGATOKA,256,256,405
images/yellow_sigatoka/yellow_sigatoka_0001_161.jpg,yellow_sigatoka,YELLOW SIGATOKA,256,256,406
images/yellow_sigatoka/yellow_sigatoka_0001_40.jpg,yellow_sigatoka,YELLOW SIGATOKA,256,256,407
images/yellow_sigatoka/yellow_sigatoka_0001_198.jpg,yellow_sigatoka,YELLOW SIGATOKA,256,256,253
images/yellow_sigatoka/yellow_sigatoka_0001_177.jpg,yellow_sigatoka,YELLOW SIGATOKA,256,256,408
images/yellow_sigatoka/yellow_sigatoka_0001_209.jpg,yellow_sigatoka,YELLOW SIGATOKA,256,256,360
images/yellow_sigatoka/yellow_sigatoka_0001_17.jpg,yellow_sigatoka,YELLOW SIGATOKA,256,256,409
images/yellow_sigatoka/yellow_sigatoka_0001_120.jpg,yellow_sigatoka,YELLOW SIGATOKA,256,256,410
images/bacterial_soft_rot/bacterial_soft_rot_519.jpg,bacterial_soft_rot,BACTERIAL SOFT ROT,256,256,411
images/bacterial_soft_rot/bacterial_soft_rot_149.jpg,bacterial_soft_rot,BACTERIAL SOFT ROT,256,256,412
images/bacterial_soft_rot/bacterial_soft_rot_18.jpg,bacterial_soft_rot,BACTERIAL SOFT ROT,256,256,413
images/bacterial_soft_rot/bacterial_soft_rot_325.jpg,bacterial_soft_rot,BACTERIAL SOFT ROT,256,256,414
images/bacterial_soft_rot/bacterial_soft_rot_775.jpg,bacterial_soft_rot,BACTERIAL SOFT ROT,256,256,415
images/bacterial_soft_rot/bacterial_soft_rot_260.jpg,bacterial_soft_rot,BACTERIAL SOFT ROT,256,256,416
images/bacterial_soft_rot/bacterial_soft_rot_1049.jpg,bacterial_soft_rot,BACTERIAL SOFT ROT,256,256,417
images/bacterial_soft_rot/bacterial_soft_rot_630.jpg,bacterial_soft_rot,BACTERIAL SOFT ROT,256,256,418
images/bacterial_soft_rot/bacterial_soft_rot_958.jpg,bacterial_soft_rot,BACTERIAL SOFT ROT,256,256,419
images/bacterial_soft_rot/bacterial_soft_rot_722.jpg,bacterial_soft_rot,BACTERIAL SOFT ROT,256,256,420
images/bacterial_soft_rot/bacterial_soft_rot_372.jpg,bacterial_soft_rot,BACTERIAL SOFT ROT,256,256,421
images/bacterial_soft_rot/bacterial_soft_rot_688.jpg,bacterial_soft_rot,BACTERIAL SOFT ROT,256,256,422
images/bacterial_soft_rot/bacterial_soft_rot_667.jpg,bacterial_soft_rot,BACTERIAL SOFT ROT,256,256,423
images/bacterial_soft_rot/bacterial_soft_rot_237.jpg,bacterial_soft_rot,BACTERIAL SOFT ROT,256,256,424
images/bacterial_soft_rot/bacterial_soft_rot_558.jpg,bacterial_soft_rot,BACTERIAL SOFT ROT,256,256,425
images/bacterial_soft_rot/bacterial_soft_rot_108.jpg,bacterial_soft_rot,BACTERIAL SOFT ROT,256,256,426
images/bacterial_soft_rot/bacterial_soft_rot_59.jpg,bacterial_soft_rot,BACTERIAL SOFT ROT,256,256,427
images/bacterial_soft_rot/bacterial_soft_rot_364.jpg,bacterial_soft_rot,BACTERIAL SOFT ROT,256,256,428
images/bacterial_soft_rot/bacterial_soft_rot_734.jpg,bacterial_soft_rot,BACTERIAL SOFT ROT,256,256,429
images/bacterial_soft_rot/bacterial_soft_rot_221.jpg,bacterial_soft_rot,BACTERIAL SOFT ROT,256,256,429
images/bacterial_soft_rot/bacterial_soft_rot_1008.jpg,bacterial_soft_rot,BACTERIAL SOFT ROT,256,256,430
images/bacterial_soft_rot/bacterial_soft_rot_671.jpg,bacterial_soft_rot,BACTERIAL SOFT ROT,256,256,412
images/bacterial_soft_rot/bacterial_soft_rot_919.jpg,bacterial_soft_rot,BACTERIAL SOFT ROT,256,256,416
images/bacterial_soft_rot/bacterial_soft_rot_763.jpg,bacterial_soft_rot,BACTERIAL SOFT ROT,256,256,431
images/bacterial_soft_rot/bacterial_soft_rot_299.jpg,bacterial_soft_rot,BACTERIAL SOFT ROT,256,256,432
images/bacterial_soft_rot/bacterial_soft_rot_333.jpg,bacterial_soft_rot,BACTERIAL SOFT ROT,256,256,433
images/bacterial_soft_rot/bacterial_soft_rot_626.jpg,bacterial_soft_rot,BACTERIAL SOFT ROT,256,256,434
images/bacterial_soft_rot/bacterial_soft_rot_276.jpg,bacterial_soft_rot,BACTERIAL SOFT ROT,256,256,435
images/bacterial_soft_rot/bacterial_soft_rot_431.jpg,bacterial_soft_rot,BACTERIAL SOFT ROT,256,256,436
images/bacterial_soft_rot/bacterial_soft_rot_962.jpg,bacterial_soft_rot,BACTERIAL SOFT ROT,256,256,437
images/bacterial_soft_rot/bacterial_soft_rot_827.jpg,bacterial_soft_rot,BACTERIAL SOFT ROT,256,256,438
images/bacterial_soft_rot/bacterial_soft_rot_75.jpg,bacterial_soft_rot,BACTERIAL SOFT ROT,256,256,439
images/bacterial_soft_rot/bacterial_soft_rot_124.jpg,bacterial_soft_rot,BACTERIAL SOFT ROT,256,256,440
images/bacterial_soft_rot/bacterial_soft_rot_574.jpg,bacterial_soft_rot,BACTERIAL SOFT ROT,256,256,438
images/bacterial_soft_rot/bacterial_soft_rot_1024.jpg,bacterial_soft_rot,BACTERIAL SOFT ROT,256,256,441
images/bacterial_soft_rot/bacterial_soft_rot_718.jpg,bacterial_soft_rot,BACTERIAL SOFT ROT,256,256,442
images/bacterial_soft_rot/bacterial_soft_rot_348.jpg,bacterial_soft_rot,BACTERIAL SOFT ROT,256,256,443
images/bacterial_soft_rot/bacterial_soft_rot_935.jpg,bacterial_soft_rot,BACTERIAL SOFT ROT,256,256,444
images/bacterial_soft_rot/bacterial_soft_rot_466.jpg,bacterial_soft_rot,BACTERIAL SOFT ROT,256,256,445
images/bacterial_soft_rot/bacterial_soft_rot_523.jpg,bacterial_soft_rot,BACTERIAL SOFT ROT,256,256,411
images/bacterial_soft_rot/bacterial_soft_rot_173.jpg,bacterial_soft_rot,BACTERIAL SOFT ROT,256,256,417
images/bacterial_soft_rot/bacterial_soft_rot_489.jpg,bacterial_soft_rot,BACTERIAL SOFT ROT,256,256,446
images/bacterial_soft_rot/bacterial_soft_rot_870.jpg,bacterial_soft_rot,BACTERIAL SOFT ROT,256,256,429
images/bacterial_soft_rot/bacterial_soft_rot_22.jpg,bacterial_soft_rot,BACTERIAL SOFT ROT,256,256,447
images/bacterial_soft_rot/bacterial_soft_rot_1073.jpg,bacterial_soft_rot,BACTERIAL SOFT ROT,256,256,442
images/bacterial_soft_rot/bacterial_soft_rot_470.jpg,bacterial_soft_rot,BACTERIAL SOFT ROT,256,256,448
images/bacterial_soft_rot/bacterial_soft_rot_923.jpg,bacterial_soft_rot,BACTERIAL SOFT ROT,256,256,449
images/bacterial_soft_rot/bacterial_soft_rot_889.jpg,bacterial_soft_rot,BACTERIAL SOFT ROT,256,256,450
images/bacterial_soft_rot/bacterial_soft_rot_34.jpg,bacterial_soft_rot,BACTERIAL SOFT ROT,256,256,451
images/bacterial_soft_rot/bacterial_soft_rot_866.jpg,bacterial_soft_rot,BACTERIAL SOFT ROT,256,256,452
images/bacterial_soft_rot/bacterial_soft_rot_165.jpg,bacterial_soft_rot,BACTERIAL SOFT ROT,256,256,453
images/bacterial_soft_rot/bacterial_soft_rot_535.jpg,bacterial_soft_rot,BACTERIAL SOFT ROT,256,256,454
images/bacterial_soft_rot/bacterial_soft_rot_1065.jpg,bacterial_soft_rot,BACTERIAL SOFT ROT,256,256,455
images/bacterial_soft_rot/bacterial_soft_rot_759.jpg,bacterial_soft_rot,BACTERIAL SOFT ROT,256,256,424
images/bacterial_soft_rot/bacterial_soft_rot_309.jpg,bacterial_soft_rot,BACTERIAL SOFT ROT,256,256,456
images/bacterial_soft_rot/bacterial_soft_rot_974.jpg,bacterial_soft_rot,BACTERIAL SOFT ROT,256,256,457
images/bacterial_soft_rot/bacterial_soft_rot_427.jpg,bacterial_soft_rot,BACTERIAL SOFT ROT,256,256,458
images/bacterial_soft_rot/bacterial_soft_rot_562.jpg,bacterial_soft_rot,BACTERIAL SOFT ROT,256,256,459
images/bacterial_soft_rot/bacterial_soft_rot_132.jpg,bacterial_soft_rot,BACTERIAL SOFT ROT,256,256,430
images/bacterial_soft_rot/bacterial_soft_rot_63.jpg,bacterial_soft_rot,BACTERIAL SOFT ROT,256,256,460
images/bacterial_soft_rot/bacterial_soft_rot_831.jpg,bacterial_soft_rot,BACTERIAL SOFT ROT,256,256,461
images/bacterial_soft_rot/bacterial_soft_rot_1032.jpg,bacterial_soft_rot,BACTERIAL SOFT ROT,256,256,462
images/bacterial_soft_rot/bacterial_soft_rot_779.jpg,bacterial_soft_rot,BACTERIAL SOFT ROT,256,256,438
images/bacterial_soft_rot/bacterial_soft_rot_283.jpg,bacterial_soft_rot,BACTERIAL SOFT ROT,256,256,463
images/bacterial_soft_rot/bacterial_soft_rot_329.jpg,bacterial_soft_rot,BACTERIAL SOFT ROT,256,256,464
images/bacterial_soft_rot/bacterial_soft_rot_1045.jpg,bacterial_soft_rot,BACTERIAL SOFT ROT,256,256,417
images/bacterial_soft_rot/bacterial_soft_rot_796.jpg,bacterial_soft_rot,BACTERIAL SOFT ROT,256,256,438
images/bacterial_soft_rot/bacterial_soft_rot_14.jpg,bacterial_soft_rot,BACTERIAL SOFT ROT,256,256,465
images/bacterial_soft_rot/bacterial_soft_rot_846.jpg,bacterial_soft_rot,BACTERIAL SOFT ROT,256,256,438
images/bacterial_soft_rot/bacterial_soft_rot_145.jpg,bacterial_soft_rot,BACTERIAL SOFT ROT,256,256,423
images/bacterial_soft_rot/bacterial_soft_rot_515.jpg,bacterial_soft_rot,BACTERIAL SOFT ROT,256,256,466
images/bacterial_soft_rot/bacterial_soft_rot_450.jpg,bacterial_soft_rot,BACTERIAL SOFT ROT,256,256,467
images/bacterial_soft_rot/bacterial_soft_rot_903.jpg,bacterial_soft_rot,BACTERIAL SOFT ROT,256,256,468
images/bacterial_soft_rot/bacterial_soft_rot_684.jpg,bacterial_soft_rot,BACTERIAL SOFT ROT,256,256,469
images/bacterial_soft_rot/bacterial_soft_rot_1012.jpg,bacterial_soft_rot,BACTERIAL SOFT ROT,256,256,470
images/bacterial_soft_rot/bacterial_soft_rot_391.jpg,bacterial_soft_rot,BACTERIAL SOFT ROT,256,256,471
images/bacterial_soft_rot/bacterial_soft_rot_542.jpg,bacterial_soft_rot,BACTERIAL SOFT ROT,256,256,472
images/bacterial_soft_rot/bacterial_soft_rot_112.jpg,bacterial_soft_rot,BACTERIAL SOFT ROT,256,256,473
images/bacterial_soft_rot/bacterial_soft_rot_43.jpg,bacterial_soft_rot,BACTERIAL SOFT ROT,256,256,474
images/bacterial_soft_rot/bacterial_soft_rot_811.jpg,bacterial_soft_rot,BACTERIAL SOFT ROT,256,256,438
images/bacterial_soft_rot/bacterial_soft_rot_954.jpg,bacterial_soft_rot,BACTERIAL SOFT ROT,256,256,475
images/bacterial_soft_rot/bacterial_soft_rot_407.jpg,bacterial_soft_rot,BACTERIAL SOFT ROT,256,256,476
images/bacterial_soft_rot/bacterial_soft_rot_738.jpg,bacterial_soft_rot,BACTERIAL SOFT ROT,256,256,429
images/bacterial_soft_rot/bacterial_soft_rot_368.jpg,bacterial_soft_rot,BACTERIAL SOFT ROT,256,256,477
images/bacterial_soft_rot/bacterial_soft_rot_692.jpg,bacterial_soft_rot,BACTERIAL SOFT ROT,256,256,478
images/bacterial_soft_rot/bacterial_soft_rot_387.jpg,bacterial_soft_rot,BACTERIAL SOFT ROT,256,256,479
images/bacterial_soft_rot/bacterial_soft_rot_1004.jpg,bacterial_soft_rot,BACTERIAL SOFT ROT,256,256,480
images/bacterial_soft_rot/bacterial_soft_rot_807.jpg,bacterial_soft_rot,BACTERIAL SOFT ROT,256,256,438
images/bacterial_soft_rot/bacterial_soft_rot_55.jpg,bacterial_soft_rot,BACTERIAL SOFT ROT,256,256,481
images/bacterial_soft_rot/bacterial_soft_rot_104.jpg,bacterial_soft_rot,BACTERIAL SOFT ROT,256,256,482
images/bacterial_soft_rot/bacterial_soft_rot_554.jpg,bacterial_soft_rot,BACTERIAL SOFT ROT,256,256,483
images/bacterial_soft_rot/bacterial_soft_rot_411.jpg,bacterial_soft_rot,BACTERIAL SOFT ROT,256,256,484
images/bacterial_soft_rot/bacterial_soft_rot_942.jpg,bacterial_soft_rot,BACTERIAL SOFT ROT,256,256,485
images/bacterial_soft_rot/bacterial_soft_rot_295.jpg,bacterial_soft_rot,BACTERIAL SOFT ROT,256,256,486
images/bacterial_soft_rot/bacterial_soft_rot_780.jpg,bacterial_soft_rot,BACTERIAL SOFT ROT,256,256,416
images/bacterial_soft_rot/bacterial_soft_rot_1053.jpg,bacterial_soft_rot,BACTERIAL SOFT ROT,256,256,417
images/bacterial_soft_rot/bacterial_soft_rot_503.jpg,bacterial_soft_rot,BACTERIAL SOFT ROT,256,256,487
images/bacterial_soft_rot/bacterial_soft_rot_153.jpg,bacterial_soft_rot,BACTERIAL SOFT ROT,256,256,488
images/bacterial_soft_rot/bacterial_soft_rot_850.jpg,bacterial_soft_rot,BACTERIAL SOFT ROT,256,256,438
images/bacterial_soft_rot/bacterial_soft_rot_915.jpg,bacterial_soft_rot,BACTERIAL SOFT ROT,256,256,416
images/bacterial_soft_rot/bacterial_soft_rot_446.jpg,bacterial_soft_rot,BACTERIAL SOFT ROT,256,256,489
images/bacterial_soft_rot/bacterial_soft_rot_201.jpg,bacterial_soft_rot,BACTERIAL SOFT ROT,256,256,490
images/bacterial_soft_rot/bacterial_soft_rot_1028.jpg,bacterial_soft_rot,BACTERIAL SOFT ROT,256,256,491
images/bacterial_soft_rot/bacterial_soft_rot_651.jpg,bacterial_soft_rot,BACTERIAL SOFT ROT,256,256,480
images/bacterial_soft_rot/bacterial_soft_rot_7.jpg,bacterial_soft_rot,BACTERIAL SOFT ROT,256,256,492
images/bacterial_soft_rot/bacterial_soft_rot_344.jpg,bacterial_soft_rot,BACTERIAL SOFT ROT,256,256,493
images/bacterial_soft_rot/bacterial_soft_rot_714.jpg,bacterial_soft_rot,BACTERIAL SOFT ROT,256,256,494
images/bacterial_soft_rot/bacterial_soft_rot_96.jpg,bacterial_soft_rot,BACTERIAL SOFT ROT,256,256,495
images/bacterial_soft_rot/bacterial_soft_rot_597.jpg,bacterial_soft_rot,BACTERIAL SOFT ROT,256,256,438
images/bacterial_soft_rot/bacterial_soft_rot_578.jpg,bacterial_soft_rot,BACTERIAL SOFT ROT,256,256,496
images/bacterial_soft_rot/bacterial_soft_rot_128.jpg,bacterial_soft_rot,BACTERIAL SOFT ROT,256,256,497
images/bacterial_soft_rot/bacterial_soft_rot_981.jpg,bacterial_soft_rot,BACTERIAL SOFT ROT,256,256,498
images/bacterial_soft_rot/bacterial_soft_rot_79.jpg,bacterial_soft_rot,BACTERIAL SOFT ROT,256,256,499
images/bacterial_soft_rot/bacterial_soft_rot_606.jpg,bacterial_soft_rot,BACTERIAL SOFT ROT,256,256,438
images/bacterial_soft_rot/bacterial_soft_rot_256.jpg,bacterial_soft_rot,BACTERIAL SOFT ROT,256,256,416
images/bacterial_soft_rot/bacterial_soft_rot_743.jpg,bacterial_soft_rot,BACTERIAL SOFT ROT,256,256,429
images/bacterial_soft_rot/bacterial_soft_rot_313.jpg,bacterial_soft_rot,BACTERIAL SOFT ROT,256,256,500
images/bacterial_soft_rot/bacterial_soft_rot_190.jpg,bacterial_soft_rot,BACTERIAL SOFT ROT,256,256,501
images/bacterial_soft_rot/bacterial_soft_rot_939.jpg,bacterial_soft_rot,BACTERIAL SOFT ROT,256,256,502
images/bacterial_soft_rot/bacterial_soft_rot_893.jpg,bacterial_soft_rot,BACTERIAL SOFT ROT,256,256,503
images/bacterial_soft_rot/bacterial_soft_rot_485.jpg,bacterial_soft_rot,BACTERIAL SOFT ROT,256,256,504
images/bacterial_soft_rot/bacterial_soft_rot_240.jpg,bacterial_soft_rot,BACTERIAL SOFT ROT,256,256,431
images/bacterial_soft_rot/bacterial_soft_rot_1069.jpg,bacterial_soft_rot,BACTERIAL SOFT ROT,256,256,505
images/bacterial_soft_rot/bacterial_soft_rot_610.jpg,bacterial_soft_rot,BACTERIAL SOFT ROT,256,256,438
images/bacterial_soft_rot/bacterial_soft_rot_305.jpg,bacterial_soft_rot,BACTERIAL SOFT ROT,256,256,506
images/bacterial_soft_rot/bacterial_soft_rot_755.jpg,bacterial_soft_rot,BACTERIAL SOFT ROT,256,256,507
images/bacterial_soft_rot/bacterial_soft_rot_885.jpg,bacterial_soft_rot,BACTERIAL SOFT ROT,256,256,508
images/bacterial_soft_rot/bacterial_soft_rot_186.jpg,bacterial_soft_rot,BACTERIAL SOFT ROT,256,256,509
images/bacterial_soft_rot/bacterial_soft_rot_539.jpg,bacterial_soft_rot,BACTERIAL SOFT ROT,256,256,510
images/bacterial_soft_rot/bacterial_soft_rot_169.jpg,bacterial_soft_rot,BACTERIAL SOFT ROT,256,256,511
images/bacterial_soft_rot/bacterial_soft_rot_493.jpg,bacterial_soft_rot,BACTERIAL SOFT ROT,256,256,512
images/bacterial_soft_rot/bacterial_soft_rot_38.jpg,bacterial_soft_rot,BACTERIAL SOFT ROT,256,256,513
images/bacterial_soft_rot/bacterial_soft_rot_647.jpg,bacterial_soft_rot,BACTERIAL SOFT ROT,256,256,500
images/bacterial_soft_rot/bacterial_soft_rot_217.jpg,bacterial_soft_rot,BACTERIAL SOFT ROT,256,256,429
images/bacterial_soft_rot/bacterial_soft_rot_702.jpg,bacterial_soft_rot,BACTERIAL SOFT ROT,256,256,438
images/bacterial_soft_rot/bacterial_soft_rot_352.jpg,bacterial_soft_rot,BACTERIAL SOFT ROT,256,256,514
images/bacterial_soft_rot/bacterial_soft_rot_581.jpg,bacterial_soft_rot,BACTERIAL SOFT ROT,256,256,515
images/bacterial_soft_rot/bacterial_soft_rot_978.jpg,bacterial_soft_rot,BACTERIAL SOFT ROT,256,256,516
images/bacterial_soft_rot/bacterial_soft_rot_80.jpg,bacterial_soft_rot,BACTERIAL SOFT ROT,256,256,517
images/bacterial_soft_rot/bacterial_soft_rot_997.jpg,bacterial_soft_rot,BACTERIAL SOFT ROT,256,256,518
images/bacterial_soft_rot/bacterial_soft_rot_580.jpg,bacterial_soft_rot,BACTERIAL SOFT ROT,256,256,438
images/bacterial_soft_rot/bacterial_soft_rot_979.jpg,bacterial_soft_rot,BACTERIAL SOFT ROT,256,256,519
images/bacterial_soft_rot/bacterial_soft_rot_81.jpg,bacterial_soft_rot,BACTERIAL SOFT ROT,256,256,520
images/bacterial_soft_rot/bacterial_soft_rot_996.jpg,bacterial_soft_rot,BACTERIAL SOFT ROT,256,256,521
images/bacterial_soft_rot/bacterial_soft_rot_646.jpg,bacterial_soft_rot,BACTERIAL SOFT ROT,256,256,438
images/bacterial_soft_rot/bacterial_soft_rot_216.jpg,bacterial_soft_rot,BACTERIAL SOFT ROT,256,256,429
images/bacterial_soft_rot/bacterial_soft_rot_703.jpg,bacterial_soft_rot,BACTERIAL SOFT ROT,256,256,522
images/bacterial_soft_rot/bacterial_soft_rot_353.jpg,bacterial_soft_rot,BACTERIAL SOFT ROT,256,256,514
images/bacterial_soft_rot/bacterial_soft_rot_884.jpg,bacterial_soft_rot,BACTERIAL SOFT ROT,256,256,508
images/bacterial_soft_rot/bacterial_soft_rot_187.jpg,bacterial_soft_rot,BACTERIAL SOFT ROT,256,256,523
images/bacterial_soft_rot/bacterial_soft_rot_538.jpg,bacterial_soft_rot,BACTERIAL SOFT ROT,256,256,524
images/bacterial_soft_rot/bacterial_soft_rot_168.jpg,bacterial_soft_rot,BACTERIAL SOFT ROT,256,256,525
images/bacterial_soft_rot/bacterial_soft_rot_492.jpg,bacterial_soft_rot,BACTERIAL SOFT ROT,256,256,526
images/bacterial_soft_rot/bacterial_soft_rot_39.jpg,bacterial_soft_rot,BACTERIAL SOFT ROT,256,256,474
images/bacterial_soft_rot/bacterial_soft_rot_241.jpg,bacterial_soft_rot,BACTERIAL SOFT ROT,256,256,431
images/bacterial_soft_rot/bacterial_soft_rot_1068.jpg,bacterial_soft_rot,BACTERIAL SOFT ROT,256,256,444
images/bacterial_soft_rot/bacterial_soft_rot_611.jpg,bacterial_soft_rot,BACTERIAL SOFT ROT,256,256,438
images/bacterial_soft_rot/bacterial_soft_rot_304.jpg,bacterial_soft_rot,BACTERIAL SOFT ROT,256,256,527
images/bacterial_soft_rot/bacterial_soft_rot_754.jpg,bacterial_soft_rot,BACTERIAL SOFT ROT,256,256,528
images/bacterial_soft_rot/bacterial_soft_rot_191.jpg,bacterial_soft_rot,BACTERIAL SOFT ROT,256,256,529
images/bacterial_soft_rot/bacterial_soft_rot_938.jpg,bacterial_soft_rot,BACTERIAL SOFT ROT,256,256,530
images/bacterial_soft_rot/bacterial_soft_rot_892.jpg,bacterial_soft_rot,BACTERIAL SOFT ROT,256,256,531
images/bacterial_soft_rot/bacterial_soft_rot_484.jpg,bacterial_soft_rot,BACTERIAL SOFT ROT,256,256,532
images/bacterial_soft_rot/bacterial_soft_rot_607.jpg,bacterial_soft_rot,BACTERIAL SOFT ROT,256,256,438
images/bacterial_soft_rot/bacterial_soft_rot_257.jpg,bacterial_soft_rot,BACTERIAL SOFT ROT,256,256,533
images/bacterial_soft_rot/bacterial_soft_rot_742.jpg,bacterial_soft_rot,BACTERIAL SOFT ROT,256,256,429
images/bacterial_soft_rot/bacterial_soft_rot_312.jpg,bacterial_soft_rot,BACTERIAL SOFT ROT,256,256,534
images/bacterial_soft_rot/bacterial_soft_rot_97.jpg,bacterial_soft_rot,BACTERIAL SOFT ROT,256,256,535
images/bacterial_soft_rot/bacterial_soft_rot_596.jpg,bacterial_soft_rot,BACTERIAL SOFT ROT,256,256,438
images/bacterial_soft_rot/bacterial_soft_rot_579.jpg,bacterial_soft_rot,BACTERIAL SOFT ROT,256,256,496
images/bacterial_soft_rot/bacterial_soft_rot_129.jpg,bacterial_soft_rot,BACTERIAL SOFT ROT,256,256,536
images/bacterial_soft_rot/bacterial_soft_rot_980.jpg,bacterial_soft_rot,BACTERIAL SOFT ROT,256,256,537
images/bacterial_soft_rot/bacterial_soft_rot_78.jpg,bacterial_soft_rot,BACTERIAL SOFT ROT,256,256,439
images/bacterial_soft_rot/bacterial_soft_rot_200.jpg,bacterial_soft_rot,BACTERIAL SOFT ROT,256,256,420
images/bacterial_soft_rot/bacterial_soft_rot_1029.jpg,bacterial_soft_rot,BACTERIAL SOFT ROT,256,256,538
images/bacterial_soft_rot/bacterial_soft_rot_650.jpg,bacterial_soft_rot,BACTERIAL SOFT ROT,256,256,480
images/bacterial_soft_rot/bacterial_soft_rot_6.jpg,bacterial_soft_rot,BACTERIAL SOFT ROT,256,256,492
images/bacterial_soft_rot/bacterial_soft_rot_345.jpg,bacterial_soft_rot,BACTERIAL SOFT ROT,256,256,488
images/bacterial_soft_rot/bacterial_soft_rot_715.jpg,bacterial_soft_rot,BACTERIAL SOFT ROT,256,256,539
images/bacterial_soft_rot/bacterial_soft_rot_502.jpg,bacterial_soft_rot,BACTERIAL SOFT ROT,256,256,540
images/bacterial_soft_rot/bacterial_soft_rot_152.jpg,bacterial_soft_rot,BACTERIAL SOFT ROT,256,256,488
images/bacterial_soft_rot/bacterial_soft_rot_851.jpg,bacterial_soft_rot,BACTERIAL SOFT ROT,256,256,438
images/bacterial_soft_rot/bacterial_soft_rot_914.jpg,bacterial_soft_rot,BACTERIAL SOFT ROT,256,256,416
images/bacterial_soft_rot/bacterial_soft_rot_447.jpg,bacterial_soft_rot,BACTERIAL SOFT ROT,256,256,541
images/bacterial_soft_rot/bacterial_soft_rot_294.jpg,bacterial_soft_rot,BACTERIAL SOFT ROT,256,256,542
images/bacterial_soft_rot/bacterial_soft_rot_1052.jpg,bacterial_soft_rot,BACTERIAL SOFT ROT,256,256,417
images/bacterial_soft_rot/bacterial_soft_rot_781.jpg,bacterial_soft_rot,BACTERIAL SOFT ROT,256,256,543
images/bacterial_soft_rot/bacterial_soft_rot_54.jpg,bacterial_soft_rot,BACTERIAL SOFT ROT,256,256,481
images/bacterial_soft_rot/bacterial_soft_rot_806.jpg,bacterial_soft_rot,BACTERIAL SOFT ROT,256,256,438
images/bacterial_soft_rot/bacterial_soft_rot_105.jpg,bacterial_soft_rot,BACTERIAL SOFT ROT,256,256,544
images/bacterial_soft_rot/bacterial_soft_rot_555.jpg,bacterial_soft_rot,BACTERIAL SOFT ROT,256,256,483
images/bacterial_soft_rot/bacterial_soft_rot_410.jpg,bacterial_soft_rot,BACTERIAL SOFT ROT,256,256,484
images/bacterial_soft_rot/bacterial_soft_rot_943.jpg,bacterial_soft_rot,BACTERIAL SOFT ROT,256,256,545
images/bacterial_soft_rot/bacterial_soft_rot_739.jpg,bacterial_soft_rot,BACTERIAL SOFT ROT,256,256,429
images/bacterial_soft_rot/bacterial_soft_rot_369.jpg,bacterial_soft_rot,BACTERIAL SOFT ROT,256,256,546
images/bacterial_soft_rot/bacterial_soft_rot_693.jpg,bacterial_soft_rot,BACTERIAL SOFT ROT,256,256,417
images/bacterial_soft_rot/bacterial_soft_rot_386.jpg,bacterial_soft_rot,BACTERIAL SOFT ROT,256,256,479
images/bacterial_soft_rot/bacterial_soft_rot_1005.jpg,bacterial_soft_rot,BACTERIAL SOFT ROT,256,256,480
images/bacterial_soft_rot/bacterial_soft_rot_543.jpg,bacterial_soft_rot,BACTERIAL SOFT ROT,256,256,472
images/bacterial_soft_rot/bacterial_soft_rot_113.jpg,bacterial_soft_rot,BACTERIAL SOFT ROT,256,256,440
images/bacterial_soft_rot/bacterial_soft_rot_810.jpg,bacterial_soft_rot,BACTERIAL SOFT ROT,256,256,438
images/bacterial_soft_rot/bacterial_soft_rot_42.jpg,bacterial_soft_rot,BACTERIAL SOFT ROT,256,256,474
images/bacterial_soft_rot/bacterial_soft_rot_955.jpg,bacterial_soft_rot,BACTERIAL SOFT ROT,256,256,547
images/bacterial_soft_rot/bacterial_soft_rot_406.jpg,bacterial_soft_rot,BACTERIAL SOFT ROT,256,256,454
images/bacterial_soft_rot/bacterial_soft_rot_685.jpg,bacterial_soft_rot,BACTERIAL SOFT ROT,256,256,548
images/bacterial_soft_rot/bacterial_soft_rot_1013.jpg,bacterial_soft_rot,BACTERIAL SOFT ROT,256,256,549
images/bacterial_soft_rot/bacterial_soft_rot_390.jpg,bacterial_soft_rot,BACTERIAL SOFT ROT,256,256,550
images/bacterial_soft_rot/bacterial_soft_rot_847.jpg,bacterial_soft_rot,BACTERIAL SOFT ROT,256,256,438
images/bacterial_soft_rot/bacterial_soft_rot_15.jpg,bacterial_soft_rot,BACTERIAL SOFT ROT,256,256,551
images/bacterial_soft_rot/bacterial_soft_rot_144.jpg,bacterial_soft_rot,BACTERIAL SOFT ROT,256,256,552
images/bacterial_soft_rot/bacterial_soft_rot_514.jpg,bacterial_soft_rot,BACTERIAL SOFT ROT,256,256,466
images/bacterial_soft_rot/bacterial_soft_rot_451.jpg,bacterial_soft_rot,BACTERIAL SOFT ROT,256,256,553
images/bacterial_soft_rot/bacterial_soft_rot_902.jpg,bacterial_soft_rot,BACTERIAL SOFT ROT,256,256,554
images/bacterial_soft_rot/bacterial_soft_rot_778.jpg,bacterial_soft_rot,BACTERIAL SOFT ROT,256,256,416
images/bacterial_soft_rot/bacterial_soft_rot_282.jpg,bacterial_soft_rot,BACTERIAL SOFT ROT,256,256,555
images/bacterial_soft_rot/bacterial_soft_rot_328.jpg,bacterial_soft_rot,BACTERIAL SOFT ROT,256,256,556
images/bacterial_soft_rot/bacterial_soft_rot_797.jpg,bacterial_soft_rot,BACTERIAL SOFT ROT,256,256,438
images/bacterial_soft_rot/bacterial_soft_rot_1044.jpg,bacterial_soft_rot,BACTERIAL SOFT ROT,256,256,417
images/bacterial_soft_rot/bacterial_soft_rot_1033.jpg,bacterial_soft_rot,BACTERIAL SOFT ROT,256,256,557
images/bacterial_soft_rot/bacterial_soft_rot_975.jpg,bacterial_soft_rot,BACTERIAL SOFT ROT,256,256,558
images/bacterial_soft_rot/bacterial_soft_rot_426.jpg,bacterial_soft_rot,BACTERIAL SOFT ROT,256,256,458
images/bacterial_soft_rot/bacterial_soft_rot_563.jpg,bacterial_soft_rot,BACTERIAL SOFT ROT,256,256,559
images/bacterial_soft_rot/bacterial_soft_rot_133.jpg,bacterial_soft_rot,BACTERIAL SOFT ROT,256,256,430
images/bacterial_soft_rot/bacterial_soft_rot_830.jpg,bacterial_soft_rot,BACTERIAL SOFT ROT,256,256,438
images/bacterial_soft_rot/bacterial_soft_rot_62.jpg,bacterial_soft_rot,BACTERIAL SOFT ROT,256,256,560
images/bacterial_soft_rot/bacterial_soft_rot_1064.jpg,bacterial_soft_rot,BACTERIAL SOFT ROT,256,256,561
images/bacterial_soft_rot/bacterial_soft_rot_758.jpg,bacterial_soft_rot,BACTERIAL SOFT ROT,256,256,424
images/bacterial_soft_rot/bacterial_soft_rot_308.jpg,bacterial_soft_rot,BACTERIAL SOFT ROT,256,256,562
images/bacterial_soft_rot/bacterial_soft_rot_471.jpg,bacterial_soft_rot,BACTERIAL SOFT ROT,256,256,563
images/bacterial_soft_rot/bacterial_soft_rot_922.jpg,bacterial_soft_rot,BACTERIAL SOFT ROT,256,256,564
images/bacterial_soft_rot/bacterial_soft_rot_888.jpg,bacterial_soft_rot,BACTERIAL SOFT ROT,256,256,508
images/bacterial_soft_rot/bacterial_soft_rot_867.jpg,bacterial_soft_rot,BACTERIAL SOFT ROT,256,256,565
images/bacterial_soft_rot/bacterial_soft_rot_35.jpg,bacterial_soft_rot,BACTERIAL SOFT ROT,256,256,566
images/bacterial_soft_rot/bacterial_soft_rot_164.jpg,bacterial_soft_rot,BACTERIAL SOFT ROT,256,256,548
images/bacterial_soft_rot/bacterial_soft_rot_534.jpg,bacterial_soft_rot,BACTERIAL SOFT ROT,256,256,567
images/bacterial_soft_rot/bacterial_soft_rot_1072.jpg,bacterial_soft_rot,BACTERIAL SOFT ROT,256,256,568
images/bacterial_soft_rot/bacterial_soft_rot_934.jpg,bacterial_soft_rot,BACTERIAL SOFT ROT,256,256,569
images/bacterial_soft_rot/bacterial_soft_rot_467.jpg,bacterial_soft_rot,BACTERIAL SOFT ROT,256,256,570
images/bacterial_soft_rot/bacterial_soft_rot_522.jpg,bacterial_soft_rot,BACTERIAL SOFT ROT,256,256,411
images/bacterial_soft_rot/bacterial_soft_rot_172.jpg,bacterial_soft_rot,BACTERIAL SOFT ROT,256,256,571
images/bacterial_soft_rot/bacterial_soft_rot_488.jpg,bacterial_soft_rot,BACTERIAL SOFT ROT,256,256,572
images/bacterial_soft_rot/bacterial_soft_rot_23.jpg,bacterial_soft_rot,BACTERIAL SOFT ROT,256,256,573
images/bacterial_soft_rot/bacterial_soft_rot_871.jpg,bacterial_soft_rot,BACTERIAL SOFT ROT,256,256,429
images/bacterial_soft_rot/bacterial_soft_rot_1025.jpg,bacterial_soft_rot,BACTERIAL SOFT ROT,256,256,574
images/bacterial_soft_rot/bacterial_soft_rot_719.jpg,bacterial_soft_rot,BACTERIAL SOFT ROT,256,256,575
images/bacterial_soft_rot/bacterial_soft_rot_349.jpg,bacterial_soft_rot,BACTERIAL SOFT ROT,256,256,576
images/bacterial_soft_rot/bacterial_soft_rot_430.jpg,bacterial_soft_rot,BACTERIAL SOFT ROT,256,256,458
images/bacterial_soft_rot/bacterial_soft_rot_963.jpg,bacterial_soft_rot,BACTERIAL SOFT ROT,256,256,577
images/bacterial_soft_rot/bacterial_soft_rot_74.jpg,bacterial_soft_rot,BACTERIAL SOFT ROT,256,256,578
images/bacterial_soft_rot/bacterial_soft_rot_826.jpg,bacterial_soft_rot,BACTERIAL SOFT ROT,256,256,438
images/bacterial_soft_rot/bacterial_soft_rot_125.jpg,bacterial_soft_rot,BACTERIAL SOFT ROT,256,256,500
images/bacterial_soft_rot/bacterial_soft_rot_575.jpg,bacterial_soft_rot,BACTERIAL SOFT ROT,256,256,496
images/bacterial_soft_rot/bacterial_soft_rot_762.jpg,bacterial_soft_rot,BACTERIAL SOFT ROT,256,256,431
images/bacterial_soft_rot/bacterial_soft_rot_298.jpg,bacterial_soft_rot,BACTERIAL SOFT ROT,256,256,579
images/bacterial_soft_rot/bacterial_soft_rot_332.jpg,bacterial_soft_rot,BACTERIAL SOFT ROT,256,256,580
images/bacterial_soft_rot/bacterial_soft_rot_627.jpg,bacterial_soft_rot,BACTERIAL SOFT ROT,256,256,515
images/bacterial_soft_rot/bacterial_soft_rot_277.jpg,bacterial_soft_rot,BACTERIAL SOFT ROT,256,256,581
images/bacterial_soft_rot/bacterial_soft_rot_918.jpg,bacterial_soft_rot,BACTERIAL SOFT ROT,256,256,543
images/bacterial_soft_rot/bacterial_soft_rot_365.jpg,bacterial_soft_rot,BACTERIAL SOFT ROT,256,256,582
images/bacterial_soft_rot/bacterial_soft_rot_735.jpg,bacterial_soft_rot,BACTERIAL SOFT ROT,256,256,438
images/bacterial_soft_rot/bacterial_soft_rot_220.jpg,bacterial_soft_rot,BACTERIAL SOFT ROT,256,256,429
images/bacterial_soft_rot/bacterial_soft_rot_1009.jpg,bacterial_soft_rot,BACTERIAL SOFT ROT,256,256,430
images/bacterial_soft_rot/bacterial_soft_rot_670.jpg,bacterial_soft_rot,BACTERIAL SOFT ROT,256,256,412
images/bacterial_soft_rot/bacterial_soft_rot_559.jpg,bacterial_soft_rot,BACTERIAL SOFT ROT,256,256,425
images/bacterial_soft_rot/bacterial_soft_rot_109.jpg,bacterial_soft_rot,BACTERIAL SOFT ROT,256,256,583
images/bacterial_soft_rot/bacterial_soft_rot_58.jpg,bacterial_soft_rot,BACTERIAL SOFT ROT,256,256,584
images/bacterial_soft_rot/bacterial_soft_rot_723.jpg,bacterial_soft_rot,BACTERIAL SOFT ROT,256,256,420
images/bacterial_soft_rot/bacterial_soft_rot_373.jpg,bacterial_soft_rot,BACTERIAL SOFT ROT,256,256,454
images/bacterial_soft_rot/bacterial_soft_rot_689.jpg,bacterial_soft_rot,BACTERIAL SOFT ROT,256,256,478
images/bacterial_soft_rot/bacterial_soft_rot_666.jpg,bacterial_soft_rot,BACTERIAL SOFT ROT,256,256,552
images/bacterial_soft_rot/bacterial_soft_rot_236.jpg,bacterial_soft_rot,BACTERIAL SOFT ROT,256,256,424
images/bacterial_soft_rot/bacterial_soft_rot_959.jpg,bacterial_soft_rot,BACTERIAL SOFT ROT,256,256,419
images/bacterial_soft_rot/bacterial_soft_rot_324.jpg,bacterial_soft_rot,BACTERIAL SOFT ROT,256,256,585
images/bacterial_soft_rot/bacterial_soft_rot_774.jpg,bacterial_soft_rot,BACTERIAL SOFT ROT,256,256,586
images/bacterial_soft_rot/bacterial_soft_rot_261.jpg,bacterial_soft_rot,BACTERIAL SOFT ROT,256,256,543
images/bacterial_soft_rot/bacterial_soft_rot_1048.jpg,bacterial_soft_rot,BACTERIAL SOFT ROT,256,256,417
images/bacterial_soft_rot/bacterial_soft_rot_631.jpg,bacterial_soft_rot,BACTERIAL SOFT ROT,256,256,426
images/bacterial_soft_rot/bacterial_soft_rot_518.jpg,bacterial_soft_rot,BACTERIAL SOFT ROT,256,256,466
images/bacterial_soft_rot/bacterial_soft_rot_148.jpg,bacterial_soft_rot,BACTERIAL SOFT ROT,256,256,412
images/bacterial_soft_rot/bacterial_soft_rot_19.jpg,bacterial_soft_rot,BACTERIAL SOFT ROT,256,256,587
images/bacterial_soft_rot/bacterial_soft_rot_285.jpg,bacterial_soft_rot,BACTERIAL SOFT ROT,256,256,588
images/bacterial_soft_rot/bacterial_soft_rot_1043.jpg,bacterial_soft_rot,BACTERIAL SOFT ROT,256,256,478
images/bacterial_soft_rot/bacterial_soft_rot_790.jpg,bacterial_soft_rot,BACTERIAL SOFT ROT,256,256,438
images/bacterial_soft_rot/bacterial_soft_rot_143.jpg,bacterial_soft_rot,BACTERIAL SOFT ROT,256,256,423
images/bacterial_soft_rot/bacterial_soft_rot_513.jpg,bacterial_soft_rot,BACTERIAL SOFT ROT,256,256,540
images/bacterial_soft_rot/bacterial_soft_rot_12.jpg,bacterial_soft_rot,BACTERIAL SOFT ROT,256,256,589
images/bacterial_soft_rot/bacterial_soft_rot_840.jpg,bacterial_soft_rot,BACTERIAL SOFT ROT,256,256,438
images/bacterial_soft_rot/bacterial_soft_rot_905.jpg,bacterial_soft_rot,BACTERIAL SOFT ROT,256,256,590
images/bacterial_soft_rot/bacterial_soft_rot_456.jpg,bacterial_soft_rot,BACTERIAL SOFT ROT,256,256,591
images/bacterial_soft_rot/bacterial_soft_rot_378.jpg,bacterial_soft_rot,BACTERIAL SOFT ROT,256,256,421
images/bacterial_soft_rot/bacterial_soft_rot_682.jpg,bacterial_soft_rot,BACTERIAL SOFT ROT,256,256,469
images/bacterial_soft_rot/bacterial_soft_rot_728.jpg,bacterial_soft_rot,BACTERIAL SOFT ROT,256,256,452
images/bacterial_soft_rot/bacterial_soft_rot_1014.jpg,bacterial_soft_rot,BACTERIAL SOFT ROT,256,256,592
images/bacterial_soft_rot/bacterial_soft_rot_397.jpg,bacterial_soft_rot,BACTERIAL SOFT ROT,256,256,593
images/bacterial_soft_rot/bacterial_soft_rot_45.jpg,bacterial_soft_rot,BACTERIAL SOFT ROT,256,256,474
images/bacterial_soft_rot/bacterial_soft_rot_817.jpg,bacterial_soft_rot,BACTERIAL SOFT ROT,256,256,438
images/bacterial_soft_rot/bacterial_soft_rot_544.jpg,bacterial_soft_rot,BACTERIAL SOFT ROT,256,256,472
images/bacterial_soft_rot/bacterial_soft_rot_114.jpg,bacterial_soft_rot,BACTERIAL SOFT ROT,256,256,485
images/bacterial_soft_rot/bacterial_soft_rot_401.jpg,bacterial_soft_rot,BACTERIAL SOFT ROT,256,256,594
images/bacterial_soft_rot/bacterial_soft_rot_952.jpg,bacterial_soft_rot,BACTERIAL SOFT ROT,256,256,475
images/bacterial_soft_rot/bacterial_soft_rot_694.jpg,bacterial_soft_rot,BACTERIAL SOFT ROT,256,256,417
images/bacterial_soft_rot/bacterial_soft_rot_381.jpg,bacterial_soft_rot,BACTERIAL SOFT ROT,256,256,421
images/bacterial_soft_rot/bacterial_soft_rot_1002.jpg,bacterial_soft_rot,BACTERIAL SOFT ROT,256,256,595
images/bacterial_soft_rot/bacterial_soft_rot_102.jpg,bacterial_soft_rot,BACTERIAL SOFT ROT,256,256,596
images/bacterial_soft_rot/bacterial_soft_rot_552.jpg,bacterial_soft_rot,BACTERIAL SOFT ROT,256,256,483
images/bacterial_soft_rot/bacterial_soft_rot_801.jpg,bacterial_soft_rot,BACTERIAL SOFT ROT,256,256,438
images/bacterial_soft_rot/bacterial_soft_rot_53.jpg,bacterial_soft_rot,BACTERIAL SOFT ROT,256,256,481
images/bacterial_soft_rot/bacterial_soft_rot_944.jpg,bacterial_soft_rot,BACTERIAL SOFT ROT,256,256,597
images/bacterial_soft_rot/bacterial_soft_rot_417.jpg,bacterial_soft_rot,BACTERIAL SOFT ROT,256,256,454
images/bacterial_soft_rot/bacterial_soft_rot_339.jpg,bacterial_soft_rot,BACTERIAL SOFT ROT,256,256,556
images/bacterial_soft_rot/bacterial_soft_rot_769.jpg,bacterial_soft_rot,BACTERIAL SOFT ROT,256,256,598
images/bacterial_soft_rot/bacterial_soft_rot_293.jpg,bacterial_soft_rot,BACTERIAL SOFT ROT,256,256,599
images/bacterial_soft_rot/bacterial_soft_rot_786.jpg,bacterial_soft_rot,BACTERIAL SOFT ROT,256,256,600
images/bacterial_soft_rot/bacterial_soft_rot_1055.jpg,bacterial_soft_rot,BACTERIAL SOFT ROT,256,256,601
images/bacterial_soft_rot/bacterial_soft_rot_856.jpg,bacterial_soft_rot,BACTERIAL SOFT ROT,256,256,438
images/bacterial_soft_rot/bacterial_soft_rot_505.jpg,bacterial_soft_rot,BACTERIAL SOFT ROT,256,256,466
images/bacterial_soft_rot/bacterial_soft_rot_155.jpg,bacterial_soft_rot,BACTERIAL SOFT ROT,256,256,602
images/bacterial_soft_rot/bacterial_soft_rot_440.jpg,bacterial_soft_rot,BACTERIAL SOFT ROT,256,256,603
images/bacterial_soft_rot/bacterial_soft_rot_913.jpg,bacterial_soft_rot,BACTERIAL SOFT ROT,256,256,415
images/bacterial_soft_rot/bacterial_soft_rot_207.jpg,bacterial_soft_rot,BACTERIAL SOFT ROT,256,256,429
images/bacterial_soft_rot/bacterial_soft_rot_657.jpg,bacterial_soft_rot,BACTERIAL SOFT ROT,256,256,438
images/bacterial_soft_rot/bacterial_soft_rot_342.jpg,bacterial_soft_rot,BACTERIAL SOFT ROT,256,256,493
images/bacterial_soft_rot/bacterial_soft_rot_1.jpg,bacterial_soft_rot,BACTERIAL SOFT ROT,256,256,604
images/bacterial_soft_rot/bacterial_soft_rot_712.jpg,bacterial_soft_rot,BACTERIAL SOFT ROT,256,256,561
images/bacterial_soft_rot/bacterial_soft_rot_591.jpg,bacterial_soft_rot,BACTERIAL SOFT ROT,256,256,438
images/bacterial_soft_rot/bacterial_soft_rot_90.jpg,bacterial_soft_rot,BACTERIAL SOFT ROT,256,256,605
images/bacterial_soft_rot/bacterial_soft_rot_968.jpg,bacterial_soft_rot,BACTERIAL SOFT ROT,256,256,606
images/bacterial_soft_rot/bacterial_soft_rot_987.jpg,bacterial_soft_rot,BACTERIAL SOFT ROT,256,256,607
images/bacterial_soft_rot/bacterial_soft_rot_600.jpg,bacterial_soft_rot,BACTERIAL SOFT ROT,256,256,438
images/bacterial_soft_rot/bacterial_soft_rot_250.jpg,bacterial_soft_rot,BACTERIAL SOFT ROT,256,256,608
images/bacterial_soft_rot/bacterial_soft_rot_745.jpg,bacterial_soft_rot,BACTERIAL SOFT ROT,256,256,609
images/bacterial_soft_rot/bacterial_soft_rot_315.jpg,bacterial_soft_rot,BACTERIAL SOFT ROT,256,256,610
images/bacterial_soft_rot/bacterial_soft_rot_895.jpg,bacterial_soft_rot,BACTERIAL SOFT ROT,256,256,611
images/bacterial_soft_rot/bacterial_soft_rot_196.jpg,bacterial_soft_rot,BACTERIAL SOFT ROT,256,256,612
images/bacterial_soft_rot/bacterial_soft_rot_179.jpg,bacterial_soft_rot,BACTERIAL SOFT ROT,256,256,613
images/bacterial_soft_rot/bacterial_soft_rot_483.jpg,bacterial_soft_rot,BACTERIAL SOFT ROT,256,256,614
images/bacterial_soft_rot/bacterial_soft_rot_529.jpg,bacterial_soft_rot,BACTERIAL SOFT ROT,256,256,615
images/bacterial_soft_rot/bacterial_soft_rot_28.jpg,bacterial_soft_rot,BACTERIAL SOFT ROT,256,256,616
images/bacterial_soft_rot/bacterial_soft_rot_246.jpg,bacterial_soft_rot,BACTERIAL SOFT ROT,256,256,617
images/bacterial_soft_rot/bacterial_soft_rot_616.jpg,bacterial_soft_rot,BACTERIAL SOFT ROT,256,256,618
images/bacterial_soft_rot/bacterial_soft_rot_303.jpg,bacterial_soft_rot,BACTERIAL SOFT ROT,256,256,619
images/bacterial_soft_rot/bacterial_soft_rot_753.jpg,bacterial_soft_rot,BACTERIAL SOFT ROT,256,256,620
images/bacterial_soft_rot/bacterial_soft_rot_180.jpg,bacterial_soft_rot,BACTERIAL SOFT ROT,256,256,621
images/bacterial_soft_rot/bacterial_soft_rot_883.jpg,bacterial_soft_rot,BACTERIAL SOFT ROT,256,256,508
images/bacterial_soft_rot/bacterial_soft_rot_929.jpg,bacterial_soft_rot,BACTERIAL SOFT ROT,256,256,549
images/bacterial_soft_rot/bacterial_soft_rot_495.jpg,bacterial_soft_rot,BACTERIAL SOFT ROT,256,256,526
images/bacterial_soft_rot/bacterial_soft_rot_641.jpg,bacterial_soft_rot,BACTERIAL SOFT ROT,256,256,622
images/bacterial_soft_rot/bacterial_soft_rot_211.jpg,bacterial_soft_rot,BACTERIAL SOFT ROT,256,256,429
images/bacterial_soft_rot/bacterial_soft_rot_1038.jpg,bacterial_soft_rot,BACTERIAL SOFT ROT,256,256,623
images/bacterial_soft_rot/bacterial_soft_rot_704.jpg,bacterial_soft_rot,BACTERIAL SOFT ROT,256,256,601
images/bacterial_soft_rot/bacterial_soft_rot_354.jpg,bacterial_soft_rot,BACTERIAL SOFT ROT,256,256,624
images/bacterial_soft_rot/bacterial_soft_rot_86.jpg,bacterial_soft_rot,BACTERIAL SOFT ROT,256,256,625
images/bacterial_soft_rot/bacterial_soft_rot_587.jpg,bacterial_soft_rot,BACTERIAL SOFT ROT,256,256,626
images/bacterial_soft_rot/bacterial_soft_rot_138.jpg,bacterial_soft_rot,BACTERIAL SOFT ROT,256,256,627
images/bacterial_soft_rot/bacterial_soft_rot_568.jpg,bacterial_soft_rot,BACTERIAL SOFT ROT,256,256,438
images/bacterial_soft_rot/bacterial_soft_rot_69.jpg,bacterial_soft_rot,BACTERIAL SOFT ROT,256,256,628
images/bacterial_soft_rot/bacterial_soft_rot_991.jpg,bacterial_soft_rot,BACTERIAL SOFT ROT,256,256,629
images/bacterial_soft_rot/bacterial_soft_rot_909.jpg,bacterial_soft_rot,BACTERIAL SOFT ROT,256,256,630
images/bacterial_soft_rot/bacterial_soft_rot_323.jpg,bacterial_soft_rot,BACTERIAL SOFT ROT,256,256,631
images/bacterial_soft_rot/bacterial_soft_rot_773.jpg,bacterial_soft_rot,BACTERIAL SOFT ROT,256,256,632
images/bacterial_soft_rot/bacterial_soft_rot_289.jpg,bacterial_soft_rot,BACTERIAL SOFT ROT,256,256,633
images/bacterial_soft_rot/bacterial_soft_rot_266.jpg,bacterial_soft_rot,BACTERIAL SOFT ROT,256,256,634
images/bacterial_soft_rot/bacterial_soft_rot_636.jpg,bacterial_soft_rot,BACTERIAL SOFT ROT,256,256,485
images/bacterial_soft_rot/bacterial_soft_rot_118.jpg,bacterial_soft_rot,BACTERIAL SOFT ROT,256,256,635
images/bacterial_soft_rot/bacterial_soft_rot_548.jpg,bacterial_soft_rot,BACTERIAL SOFT ROT,256,256,636
images/bacterial_soft_rot/bacterial_soft_rot_49.jpg,bacterial_soft_rot,BACTERIAL SOFT ROT,256,256,474
images/bacterial_soft_rot/bacterial_soft_rot_724.jpg,bacterial_soft_rot,BACTERIAL SOFT ROT,256,256,438
images/bacterial_soft_rot/bacterial_soft_rot_374.jpg,bacterial_soft_rot,BACTERIAL SOFT ROT,256,256,421
images/bacterial_soft_rot/bacterial_soft_rot_661.jpg,bacterial_soft_rot,BACTERIAL SOFT ROT,256,256,592
images/bacterial_soft_rot/bacterial_soft_rot_231.jpg,bacterial_soft_rot,BACTERIAL SOFT ROT,256,256,620
images/bacterial_soft_rot/bacterial_soft_rot_1018.jpg,bacterial_soft_rot,BACTERIAL SOFT ROT,256,256,423
images/bacterial_soft_rot/bacterial_soft_rot_948.jpg,bacterial_soft_rot,BACTERIAL SOFT ROT,256,256,637
images/bacterial_soft_rot/bacterial_soft_rot_362.jpg,bacterial_soft_rot,BACTERIAL SOFT ROT,256,256,454
images/bacterial_soft_rot/bacterial_soft_rot_698.jpg,bacterial_soft_rot,BACTERIAL SOFT ROT,256,256,417
images/bacterial_soft_rot/bacterial_soft_rot_732.jpg,bacterial_soft_rot,BACTERIAL SOFT ROT,256,256,429
images/bacterial_soft_rot/bacterial_soft_rot_227.jpg,bacterial_soft_rot,BACTERIAL SOFT ROT,256,256,609
images/bacterial_soft_rot/bacterial_soft_rot_677.jpg,bacterial_soft_rot,BACTERIAL SOFT ROT,256,256,488
images/bacterial_soft_rot/bacterial_soft_rot_159.jpg,bacterial_soft_rot,BACTERIAL SOFT ROT,256,256,469
images/bacterial_soft_rot/bacterial_soft_rot_509.jpg,bacterial_soft_rot,BACTERIAL SOFT ROT,256,256,466
images/bacterial_soft_rot/bacterial_soft_rot_765.jpg,bacterial_soft_rot,BACTERIAL SOFT ROT,256,256,468
images/bacterial_soft_rot/bacterial_soft_rot_335.jpg,bacterial_soft_rot,BACTERIAL SOFT ROT,256,256,638
images/bacterial_soft_rot/bacterial_soft_rot_620.jpg,bacterial_soft_rot,BACTERIAL SOFT ROT,256,256,438
images/bacterial_soft_rot/bacterial_soft_rot_270.jpg,bacterial_soft_rot,BACTERIAL SOFT ROT,256,256,549
images/bacterial_soft_rot/bacterial_soft_rot_1059.jpg,bacterial_soft_rot,BACTERIAL SOFT ROT,256,256,601
images/bacterial_soft_rot/bacterial_soft_rot_964.jpg,bacterial_soft_rot,BACTERIAL SOFT ROT,256,256,639
images/bacterial_soft_rot/bacterial_soft_rot_437.jpg,bacterial_soft_rot,BACTERIAL SOFT ROT,256,256,640
images/bacterial_soft_rot/bacterial_soft_rot_122.jpg,bacterial_soft_rot,BACTERIAL SOFT ROT,256,256,534
images/bacterial_soft_rot/bacterial_soft_rot_572.jpg,bacterial_soft_rot,BACTERIAL SOFT ROT,256,256,438
images/bacterial_soft_rot/bacterial_soft_rot_821.jpg,bacterial_soft_rot,BACTERIAL SOFT ROT,256,256,438
images/bacterial_soft_rot/bacterial_soft_rot_73.jpg,bacterial_soft_rot,BACTERIAL SOFT ROT,256,256,641
images/bacterial_soft_rot/bacterial_soft_rot_1022.jpg,bacterial_soft_rot,BACTERIAL SOFT ROT,256,256,642
images/bacterial_soft_rot/bacterial_soft_rot_460.jpg,bacterial_soft_rot,BACTERIAL SOFT ROT,256,256,643
images/bacterial_soft_rot/bacterial_soft_rot_899.jpg,bacterial_soft_rot,BACTERIAL SOFT ROT,256,256,644
images/bacterial_soft_rot/bacterial_soft_rot_933.jpg,bacterial_soft_rot,BACTERIAL SOFT ROT,256,256,645
images/bacterial_soft_rot/bacterial_soft_rot_876.jpg,bacterial_soft_rot,BACTERIAL SOFT ROT,256,256,646
images/bacterial_soft_rot/bacterial_soft_rot_24.jpg,bacterial_soft_rot,BACTERIAL SOFT ROT,256,256,566
images/bacterial_soft_rot/bacterial_soft_rot_525.jpg,bacterial_soft_rot,BACTERIAL SOFT ROT,256,256,647
images/bacterial_soft_rot/bacterial_soft_rot_175.jpg,bacterial_soft_rot,BACTERIAL SOFT ROT,256,256,417
images/bacterial_soft_rot/bacterial_soft_rot_1075.jpg,bacterial_soft_rot,BACTERIAL SOFT ROT,256,256,420
images/bacterial_soft_rot/bacterial_soft_rot_319.jpg,bacterial_soft_rot,BACTERIAL SOFT ROT,256,256,648
images/bacterial_soft_rot/bacterial_soft_rot_749.jpg,bacterial_soft_rot,BACTERIAL SOFT ROT,256,256,609
images/bacterial_soft_rot/bacterial_soft_rot_925.jpg,bacterial_soft_rot,BACTERIAL SOFT ROT,256,256,649
images/bacterial_soft_rot/bacterial_soft_rot_476.jpg,bacterial_soft_rot,BACTERIAL SOFT ROT,256,256,650
images/bacterial_soft_rot/bacterial_soft_rot_163.jpg,bacterial_soft_rot,BACTERIAL SOFT ROT,256,256,548
images/bacterial_soft_rot/bacterial_soft_rot_499.jpg,bacterial_soft_rot,BACTERIAL SOFT ROT,256,256,651
images/bacterial_soft_rot/bacterial_soft_rot_533.jpg,bacterial_soft_rot,BACTERIAL SOFT ROT,256,256,652
images/bacterial_soft_rot/bacterial_soft_rot_32.jpg,bacterial_soft_rot,BACTERIAL SOFT ROT,256,256,653
images/bacterial_soft_rot/bacterial_soft_rot_860.jpg,bacterial_soft_rot,BACTERIAL SOFT ROT,256,256,438
images/bacterial_soft_rot/bacterial_soft_rot_1063.jpg,bacterial_soft_rot,BACTERIAL SOFT ROT,256,256,654
images/bacterial_soft_rot/bacterial_soft_rot_421.jpg,bacterial_soft_rot,BACTERIAL SOFT ROT,256,256,484
images/bacterial_soft_rot/bacterial_soft_rot_972.jpg,bacterial_soft_rot,BACTERIAL SOFT ROT,256,256,655
images/bacterial_soft_rot/bacterial_soft_rot_65.jpg,bacterial_soft_rot,BACTERIAL SOFT ROT,256,256,424
images/bacterial_soft_rot/bacterial_soft_rot_837.jpg,bacterial_soft_rot,BACTERIAL SOFT ROT,256,256,438
images/bacterial_soft_rot/bacterial_soft_rot_564.jpg,bacterial_soft_rot,BACTERIAL SOFT ROT,256,256,459
images/bacterial_soft_rot/bacterial_soft_rot_134.jpg,bacterial_soft_rot,BACTERIAL SOFT ROT,256,256,430
images/bacterial_soft_rot/bacterial_soft_rot_1034.jpg,bacterial_soft_rot,BACTERIAL SOFT ROT,256,256,656
images/bacterial_soft_rot/bacterial_soft_rot_358.jpg,bacterial_soft_rot,BACTERIAL SOFT ROT,256,256,657
images/bacterial_soft_rot/bacterial_soft_rot_708.jpg,bacterial_soft_rot,BACTERIAL SOFT ROT,256,256,601
images/bacterial_soft_rot/bacterial_soft_rot_1035.jpg,bacterial_soft_rot,BACTERIAL SOFT ROT,256,256,658
images/bacterial_soft_rot/bacterial_soft_rot_359.jpg,bacterial_soft_rot,BACTERIAL SOFT ROT,256,256,659
images/bacterial_soft_rot/bacterial_soft_rot_709.jpg,bacterial_soft_rot,BACTERIAL SOFT ROT,256,256,601
images/bacterial_soft_rot/bacterial_soft_rot_420.jpg,bacterial_soft_rot,BACTERIAL SOFT ROT,256,256,484
images/bacterial_soft_rot/bacterial_soft_rot_973.jpg,bacterial_soft_rot,BACTERIAL SOFT ROT,256,256,660
images/bacterial_soft_rot/bacterial_soft_rot_836.jpg,bacterial_soft_rot,BACTERIAL SOFT ROT,256,256,438
images/bacterial_soft_rot/bacterial_soft_rot_64.jpg,bacterial_soft_rot,BACTERIAL SOFT ROT,256,256,424
images/bacterial_soft_rot/bacterial_soft_rot_565.jpg,bacterial_soft_rot,BACTERIAL SOFT ROT,256,256,459
images/bacterial_soft_rot/bacterial_soft_rot_135.jpg,bacterial_soft_rot,BACTERIAL SOFT ROT,256,256,440
images/bacterial_soft_rot/bacterial_soft_rot_1062.jpg,bacterial_soft_rot,BACTERIAL SOFT ROT,256,256,661
images/bacterial_soft_rot/bacterial_soft_rot_924.jpg,bacterial_soft_rot,BACTERIAL SOFT ROT,256,256,600
images/bacterial_soft_rot/bacterial_soft_rot_477.jpg,bacterial_soft_rot,BACTERIAL SOFT ROT,256,256,662
images/bacterial_soft_rot/bacterial_soft_rot_162.jpg,bacterial_soft_rot,BACTERIAL SOFT ROT,256,256,548
images/bacterial_soft_rot/bacterial_soft_rot_498.jpg,bacterial_soft_rot,BACTERIAL SOFT ROT,256,256,651
images/bacterial_soft_rot/bacterial_soft_rot_532.jpg,bacterial_soft_rot,BACTERIAL SOFT ROT,256,256,663
images/bacterial_soft_rot/bacterial_soft_rot_861.jpg,bacterial_soft_rot,BACTERIAL SOFT ROT,256,256,438
images/bacterial_soft_rot/bacterial_soft_rot_33.jpg,bacterial_soft_rot,BACTERIAL SOFT ROT,256,256,653
images/bacterial_soft_rot/bacterial_soft_rot_1074.jpg,bacterial_soft_rot,BACTERIAL SOFT ROT,256,256,420
images/bacterial_soft_rot/bacterial_soft_rot_318.jpg,bacterial_soft_rot,BACTERIAL SOFT ROT,256,256,648
images/bacterial_soft_rot/bacterial_soft_rot_748.jpg,bacterial_soft_rot,BACTERIAL SOFT ROT,256,256,609
images/bacterial_soft_rot/bacterial_soft_rot_461.jpg,bacterial_soft_rot,BACTERIAL SOFT ROT,256,256,467
images/bacterial_soft_rot/bacterial_soft_rot_898.jpg,bacterial_soft_rot,BACTERIAL SOFT ROT,256,256,426
images/bacterial_soft_rot/bacterial_soft_rot_932.jpg,bacterial_soft_rot,BACTERIAL SOFT ROT,256,256,658
images/bacterial_soft_rot/bacterial_soft_rot_25.jpg,bacterial_soft_rot,BACTERIAL SOFT ROT,256,256,664
images/bacterial_soft_rot/bacterial_soft_rot_877.jpg,bacterial_soft_rot,BACTERIAL SOFT ROT,256,256,429
images/bacterial_soft_rot/bacterial_soft_rot_524.jpg,bacterial_soft_rot,BACTERIAL SOFT ROT,256,256,540
images/bacterial_soft_rot/bacterial_soft_rot_174.jpg,bacterial_soft_rot,BACTERIAL SOFT ROT,256,256,417
images/bacterial_soft_rot/bacterial_soft_rot_1023.jpg,bacterial_soft_rot,BACTERIAL SOFT ROT,256,256,642
images/bacterial_soft_rot/bacterial_soft_rot_965.jpg,bacterial_soft_rot,BACTERIAL SOFT ROT,256,256,437
images/bacterial_soft_rot/bacterial_soft_rot_436.jpg,bacterial_soft_rot,BACTERIAL SOFT ROT,256,256,665
images/bacterial_soft_rot/bacterial_soft_rot_123.jpg,bacterial_soft_rot,BACTERIAL SOFT ROT,256,256,534
images/bacterial_soft_rot/bacterial_soft_rot_573.jpg,bacterial_soft_rot,BACTERIAL SOFT ROT,256,256,438
images/bacterial_soft_rot/bacterial_soft_rot_72.jpg,bacterial_soft_rot,BACTERIAL SOFT ROT,256,256,641
images/bacterial_soft_rot/bacterial_soft_rot_820.jpg,bacterial_soft_rot,BACTERIAL SOFT ROT,256,256,666
images/bacterial_soft_rot/bacterial_soft_rot_764.jpg,bacterial_soft_rot,BACTERIAL SOFT ROT,256,256,431
images/bacterial_soft_rot/bacterial_soft_rot_334.jpg,bacterial_soft_rot,BACTERIAL SOFT ROT,256,256,638
images/bacterial_soft_rot/bacterial_soft_rot_621.jpg,bacterial_soft_rot,BACTERIAL SOFT ROT,256,256,438
images/bacterial_soft_rot/bacterial_soft_rot_271.jpg,bacterial_soft_rot,BACTERIAL SOFT ROT,256,256,667
images/bacterial_soft_rot/bacterial_soft_rot_1058.jpg,bacterial_soft_rot,BACTERIAL SOFT ROT,256,256,601
images/bacterial_soft_rot/bacterial_soft_rot_158.jpg,bacterial_soft_rot,BACTERIAL SOFT ROT,256,256,668
images/bacterial_soft_rot/bacterial_soft_rot_508.jpg,bacterial_soft_rot,BACTERIAL SOFT ROT,256,256,466
images/bacterial_soft_rot/bacterial_soft_rot_363.jpg,bacterial_soft_rot,BACTERIAL SOFT ROT,256,256,428
images/bacterial_soft_rot/bacterial_soft_rot_699.jpg,bacterial_soft_rot,BACTERIAL SOFT ROT,256,256,417
images/bacterial_soft_rot/bacterial_soft_rot_733.jpg,bacterial_soft_rot,BACTERIAL SOFT ROT,256,256,429
images/bacterial_soft_rot/bacterial_soft_rot_226.jpg,bacterial_soft_rot,BACTERIAL SOFT ROT,256,256,609
images/bacterial_soft_rot/bacterial_soft_rot_676.jpg,bacterial_soft_rot,BACTERIAL SOFT ROT,256,256,669
images/bacterial_soft_rot/bacterial_soft_rot_949.jpg,bacterial_soft_rot,BACTERIAL SOFT ROT,256,256,670
images/bacterial_soft_rot/bacterial_soft_rot_725.jpg,bacterial_soft_rot,BACTERIAL SOFT ROT,256,256,420
images/bacterial_soft_rot/bacterial_soft_rot_375.jpg,bacterial_soft_rot,BACTERIAL SOFT ROT,256,256,421
images/bacterial_soft_rot/bacterial_soft_rot_660.jpg,bacterial_soft_rot,BACTERIAL SOFT ROT,256,256,671
images/bacterial_soft_rot/bacterial_soft_rot_230.jpg,bacterial_soft_rot,BACTERIAL SOFT ROT,256,256,672
images/bacterial_soft_rot/bacterial_soft_rot_1019.jpg,bacterial_soft_rot,BACTERIAL SOFT ROT,256,256,423
images/bacterial_soft_rot/bacterial_soft_rot_119.jpg,bacterial_soft_rot,BACTERIAL SOFT ROT,256,256,673
images/bacterial_soft_rot/bacterial_soft_rot_549.jpg,bacterial_soft_rot,BACTERIAL SOFT ROT,256,256,674
images/bacterial_soft_rot/bacterial_soft_rot_48.jpg,bacterial_soft_rot,BACTERIAL SOFT ROT,256,256,474
images/bacterial_soft_rot/bacterial_soft_rot_322.jpg,bacterial_soft_rot,BACTERIAL SOFT ROT,256,256,631
images/bacterial_soft_rot/bacterial_soft_rot_772.jpg,bacterial_soft_rot,BACTERIAL SOFT ROT,256,256,675
images/bacterial_soft_rot/bacterial_soft_rot_288.jpg,bacterial_soft_rot,BACTERIAL SOFT ROT,256,256,676
images/bacterial_soft_rot/bacterial_soft_rot_267.jpg,bacterial_soft_rot,BACTERIAL SOFT ROT,256,256,558
images/bacterial_soft_rot/bacterial_soft_rot_637.jpg,bacterial_soft_rot,BACTERIAL SOFT ROT,256,256,677
images/bacterial_soft_rot/bacterial_soft_rot_908.jpg,bacterial_soft_rot,BACTERIAL SOFT ROT,256,256,678
images/bacterial_soft_rot/bacterial_soft_rot_87.jpg,bacterial_soft_rot,BACTERIAL SOFT ROT,256,256,679
images/bacterial_soft_rot/bacterial_soft_rot_586.jpg,bacterial_soft_rot,BACTERIAL SOFT ROT,256,256,626
images/bacterial_soft_rot/bacterial_soft_rot_139.jpg,bacterial_soft_rot,BACTERIAL SOFT ROT,256,256,592
images/bacterial_soft_rot/bacterial_soft_rot_569.jpg,bacterial_soft_rot,BACTERIAL SOFT ROT,256,256,438
images/bacterial_soft_rot/bacterial_soft_rot_68.jpg,bacterial_soft_rot,BACTERIAL SOFT ROT,256,256,680
images/bacterial_soft_rot/bacterial_soft_rot_990.jpg,bacterial_soft_rot,BACTERIAL SOFT ROT,256,256,681
images/bacterial_soft_rot/bacterial_soft_rot_640.jpg,bacterial_soft_rot,BACTERIAL SOFT ROT,256,256,635
images/bacterial_soft_rot/bacterial_soft_rot_210.jpg,bacterial_soft_rot,BACTERIAL SOFT ROT,256,256,429
images/bacterial_soft_rot/bacterial_soft_rot_1039.jpg,bacterial_soft_rot,BACTERIAL SOFT ROT,256,256,623
images/bacterial_soft_rot/bacterial_soft_rot_705.jpg,bacterial_soft_rot,BACTERIAL SOFT ROT,256,256,601
images/bacterial_soft_rot/bacterial_soft_rot_355.jpg,bacterial_soft_rot,BACTERIAL SOFT ROT,256,256,682
images/bacterial_soft_rot/bacterial_soft_rot_181.jpg,bacterial_soft_rot,BACTERIAL SOFT ROT,256,256,601
images/bacterial_soft_rot/bacterial_soft_rot_882.jpg,bacterial_soft_rot,BACTERIAL SOFT ROT,256,256,429
images/bacterial_soft_rot/bacterial_soft_rot_928.jpg,bacterial_soft_rot,BACTERIAL SOFT ROT,256,256,595
images/bacterial_soft_rot/bacterial_soft_rot_494.jpg,bacterial_soft_rot,BACTERIAL SOFT ROT,256,256,651
images/bacterial_soft_rot/bacterial_soft_rot_247.jpg,bacterial_soft_rot,BACTERIAL SOFT ROT,256,256,608
images/bacterial_soft_rot/bacterial_soft_rot_617.jpg,bacterial_soft_rot,BACTERIAL SOFT ROT,256,256,683
images/bacterial_soft_rot/bacterial_soft_rot_302.jpg,bacterial_soft_rot,BACTERIAL SOFT ROT,256,256,684
images/bacterial_soft_rot/bacterial_soft_rot_752.jpg,bacterial_soft_rot,BACTERIAL SOFT ROT,256,256,672
images/bacterial_soft_rot/bacterial_soft_rot_894.jpg,bacterial_soft_rot,BACTERIAL SOFT ROT,256,256,685
images/bacterial_soft_rot/bacterial_soft_rot_197.jpg,bacterial_soft_rot,BACTERIAL SOFT ROT,256,256,686
images/bacterial_soft_rot/bacterial_soft_rot_178.jpg,bacterial_soft_rot,BACTERIAL SOFT ROT,256,256,417
images/bacterial_soft_rot/bacterial_soft_rot_482.jpg,bacterial_soft_rot,BACTERIAL SOFT ROT,256,256,614
images/bacterial_soft_rot/bacterial_soft_rot_528.jpg,bacterial_soft_rot,BACTERIAL SOFT ROT,256,256,687
images/bacterial_soft_rot/bacterial_soft_rot_29.jpg,bacterial_soft_rot,BACTERIAL SOFT ROT,256,256,688
images/bacterial_soft_rot/bacterial_soft_rot_601.jpg,bacterial_soft_rot,BACTERIAL SOFT ROT,256,256,438
images/bacterial_soft_rot/bacterial_soft_rot_251.jpg,bacterial_soft_rot,BACTERIAL SOFT ROT,256,256,632
images/bacterial_soft_rot/bacterial_soft_rot_1078.jpg,bacterial_soft_rot,BACTERIAL SOFT ROT,256,256,420
images/bacterial_soft_rot/bacterial_soft_rot_744.jpg,bacterial_soft_rot,BACTERIAL SOFT ROT,256,256,429
images/bacterial_soft_rot/bacterial_soft_rot_314.jpg,bacterial_soft_rot,BACTERIAL SOFT ROT,256,256,689
images/bacterial_soft_rot/bacterial_soft_rot_590.jpg,bacterial_soft_rot,BACTERIAL SOFT ROT,256,256,690
images/bacterial_soft_rot/bacterial_soft_rot_91.jpg,bacterial_soft_rot,BACTERIAL SOFT ROT,256,256,691
images/bacterial_soft_rot/bacterial_soft_rot_969.jpg,bacterial_soft_rot,BACTERIAL SOFT ROT,256,256,692
images/bacterial_soft_rot/bacterial_soft_rot_986.jpg,bacterial_soft_rot,BACTERIAL SOFT ROT,256,256,693
images/bacterial_soft_rot/bacterial_soft_rot_206.jpg,bacterial_soft_rot,BACTERIAL SOFT ROT,256,256,565
images/bacterial_soft_rot/bacterial_soft_rot_656.jpg,bacterial_soft_rot,BACTERIAL SOFT ROT,256,256,430
images/bacterial_soft_rot/bacterial_soft_rot_343.jpg,bacterial_soft_rot,BACTERIAL SOFT ROT,256,256,694
images/bacterial_soft_rot/bacterial_soft_rot_713.jpg,bacterial_soft_rot,BACTERIAL SOFT ROT,256,256,438
images/bacterial_soft_rot/bacterial_soft_rot_857.jpg,bacterial_soft_rot,BACTERIAL SOFT ROT,256,256,438
images/bacterial_soft_rot/bacterial_soft_rot_504.jpg,bacterial_soft_rot,BACTERIAL SOFT ROT,256,256,466
images/bacterial_soft_rot/bacterial_soft_rot_154.jpg,bacterial_soft_rot,BACTERIAL SOFT ROT,256,256,695
images/bacterial_soft_rot/bacterial_soft_rot_441.jpg,bacterial_soft_rot,BACTERIAL SOFT ROT,256,256,696
images/bacterial_soft_rot/bacterial_soft_rot_912.jpg,bacterial_soft_rot,BACTERIAL SOFT ROT,256,256,586
images/bacterial_soft_rot/bacterial_soft_rot_338.jpg,bacterial_soft_rot,BACTERIAL SOFT ROT,256,256,697
images/bacterial_soft_rot/bacterial_soft_rot_768.jpg,bacterial_soft_rot,BACTERIAL SOFT ROT,256,256,438
images/bacterial_soft_rot/bacterial_soft_rot_292.jpg,bacterial_soft_rot,BACTERIAL SOFT ROT,256,256,698
images/bacterial_soft_rot/bacterial_soft_rot_1054.jpg,bacterial_soft_rot,BACTERIAL SOFT ROT,256,256,522
images/bacterial_soft_rot/bacterial_soft_rot_787.jpg,bacterial_soft_rot,BACTERIAL SOFT ROT,256,256,438
images/bacterial_soft_rot/bacterial_soft_rot_103.jpg,bacterial_soft_rot,BACTERIAL SOFT ROT,256,256,699
images/bacterial_soft_rot/bacterial_soft_rot_553.jpg,bacterial_soft_rot,BACTERIAL SOFT ROT,256,256,483
images/bacterial_soft_rot/bacterial_soft_rot_52.jpg,bacterial_soft_rot,BACTERIAL SOFT ROT,256,256,481
images/bacterial_soft_rot/bacterial_soft_rot_800.jpg,bacterial_soft_rot,BACTERIAL SOFT ROT,256,256,438
images/bacterial_soft_rot/bacterial_soft_rot_945.jpg,bacterial_soft_rot,BACTERIAL SOFT ROT,256,256,700
images/bacterial_soft_rot/bacterial_soft_rot_416.jpg,bacterial_soft_rot,BACTERIAL SOFT ROT,256,256,484
images/bacterial_soft_rot/bacterial_soft_rot_695.jpg,bacterial_soft_rot,BACTERIAL SOFT ROT,256,256,417
images/bacterial_soft_rot/bacterial_soft_rot_380.jpg,bacterial_soft_rot,BACTERIAL SOFT ROT,256,256,421
images/bacterial_soft_rot/bacterial_soft_rot_1003.jpg,bacterial_soft_rot,BACTERIAL SOFT ROT,256,256,480
images/bacterial_soft_rot/bacterial_soft_rot_816.jpg,bacterial_soft_rot,BACTERIAL SOFT ROT,256,256,438
images/bacterial_soft_rot/bacterial_soft_rot_44.jpg,bacterial_soft_rot,BACTERIAL SOFT ROT,256,256,474
images/bacterial_soft_rot/bacterial_soft_rot_545.jpg,bacterial_soft_rot,BACTERIAL SOFT ROT,256,256,701
images/bacterial_soft_rot/bacterial_soft_rot_115.jpg,bacterial_soft_rot,BACTERIAL SOFT ROT,256,256,677
images/bacterial_soft_rot/bacterial_soft_rot_400.jpg,bacterial_soft_rot,BACTERIAL SOFT ROT,256,256,702
images/bacterial_soft_rot/bacterial_soft_rot_953.jpg,bacterial_soft_rot,BACTERIAL SOFT ROT,256,256,677
images/bacterial_soft_rot/bacterial_soft_rot_379.jpg,bacterial_soft_rot,BACTERIAL SOFT ROT,256,256,421
images/bacterial_soft_rot/bacterial_soft_rot_683.jpg,bacterial_soft_rot,BACTERIAL SOFT ROT,256,256,703
images/bacterial_soft_rot/bacterial_soft_rot_729.jpg,bacterial_soft_rot,BACTERIAL SOFT ROT,256,256,565
images/bacterial_soft_rot/bacterial_soft_rot_1015.jpg,bacterial_soft_rot,BACTERIAL SOFT ROT,256,256,704
images/bacterial_soft_rot/bacterial_soft_rot_396.jpg,bacterial_soft_rot,BACTERIAL SOFT ROT,256,256,705
images/bacterial_soft_rot/bacterial_soft_rot_142.jpg,bacterial_soft_rot,BACTERIAL SOFT ROT,256,256,706
images/bacterial_soft_rot/bacterial_soft_rot_512.jpg,bacterial_soft_rot,BACTERIAL SOFT ROT,256,256,466
images/bacterial_soft_rot/bacterial_soft_rot_841.jpg,bacterial_soft_rot,BACTERIAL SOFT ROT,256,256,438
images/bacterial_soft_rot/bacterial_soft_rot_13.jpg,bacterial_soft_rot,BACTERIAL SOFT ROT,256,256,707
images/bacterial_soft_rot/bacterial_soft_rot_904.jpg,bacterial_soft_rot,BACTERIAL SOFT ROT,256,256,468
images/bacterial_soft_rot/bacterial_soft_rot_457.jpg,bacterial_soft_rot,BACTERIAL SOFT ROT,256,256,591
images/bacterial_soft_rot/bacterial_soft_rot_284.jpg,bacterial_soft_rot,BACTERIAL SOFT ROT,256,256,708
images/bacterial_soft_rot/bacterial_soft_rot_791.jpg,bacterial_soft_rot,BACTERIAL SOFT ROT,256,256,709
images/bacterial_soft_rot/bacterial_soft_rot_1042.jpg,bacterial_soft_rot,BACTERIAL SOFT ROT,256,256,422
images/bacterial_soft_rot/bacterial_soft_rot_839.jpg,bacterial_soft_rot,BACTERIAL SOFT ROT,256,256,438
images/bacterial_soft_rot/bacterial_soft_rot_993.jpg,bacterial_soft_rot,BACTERIAL SOFT ROT,256,256,710
images/bacterial_soft_rot/bacterial_soft_rot_585.jpg,bacterial_soft_rot,BACTERIAL SOFT ROT,256,256,515
images/bacterial_soft_rot/bacterial_soft_rot_84.jpg,bacterial_soft_rot,BACTERIAL SOFT ROT,256,256,625
images/bacterial_soft_rot/bacterial_soft_rot_706.jpg,bacterial_soft_rot,BACTERIAL SOFT ROT,256,256,601
images/bacterial_soft_rot/bacterial_soft_rot_356.jpg,bacterial_soft_rot,BACTERIAL SOFT ROT,256,256,711
images/bacterial_soft_rot/bacterial_soft_rot_643.jpg,bacterial_soft_rot,BACTERIAL SOFT ROT,256,256,712
images/bacterial_soft_rot/bacterial_soft_rot_213.jpg,bacterial_soft_rot,BACTERIAL SOFT ROT,256,256,429
images/bacterial_soft_rot/bacterial_soft_rot_497.jpg,bacterial_soft_rot,BACTERIAL SOFT ROT,256,256,713
images/bacterial_soft_rot/bacterial_soft_rot_881.jpg,bacterial_soft_rot,BACTERIAL SOFT ROT,256,256,429
images/bacterial_soft_rot/bacterial_soft_rot_478.jpg,bacterial_soft_rot,BACTERIAL SOFT ROT,256,256,714
images/bacterial_soft_rot/bacterial_soft_rot_182.jpg,bacterial_soft_rot,BACTERIAL SOFT ROT,256,256,601
images/bacterial_soft_rot/bacterial_soft_rot_301.jpg,bacterial_soft_rot,BACTERIAL SOFT ROT,256,256,715
images/bacterial_soft_rot/bacterial_soft_rot_751.jpg,bacterial_soft_rot,BACTERIAL SOFT ROT,256,256,528
images/bacterial_soft_rot/bacterial_soft_rot_244.jpg,bacterial_soft_rot,BACTERIAL SOFT ROT,256,256,641
images/bacterial_soft_rot/bacterial_soft_rot_614.jpg,bacterial_soft_rot,BACTERIAL SOFT ROT,256,256,716
images/bacterial_soft_rot/bacterial_soft_rot_878.jpg,bacterial_soft_rot,BACTERIAL SOFT ROT,256,256,429
images/bacterial_soft_rot/bacterial_soft_rot_481.jpg,bacterial_soft_rot,BACTERIAL SOFT ROT,256,256,649
images/bacterial_soft_rot/bacterial_soft_rot_194.jpg,bacterial_soft_rot,BACTERIAL SOFT ROT,256,256,717
images/bacterial_soft_rot/bacterial_soft_rot_897.jpg,bacterial_soft_rot,BACTERIAL SOFT ROT,256,256,718
images/bacterial_soft_rot/bacterial_soft_rot_747.jpg,bacterial_soft_rot,BACTERIAL SOFT ROT,256,256,609
images/bacterial_soft_rot/bacterial_soft_rot_317.jpg,bacterial_soft_rot,BACTERIAL SOFT ROT,256,256,556
images/bacterial_soft_rot/bacterial_soft_rot_602.jpg,bacterial_soft_rot,BACTERIAL SOFT ROT,256,256,438
images/bacterial_soft_rot/bacterial_soft_rot_252.jpg,bacterial_soft_rot,BACTERIAL SOFT ROT,256,256,719
images/bacterial_soft_rot/bacterial_soft_rot_985.jpg,bacterial_soft_rot,BACTERIAL SOFT ROT,256,256,720
images/bacterial_soft_rot/bacterial_soft_rot_92.jpg,bacterial_soft_rot,BACTERIAL SOFT ROT,256,256,721
images/bacterial_soft_rot/bacterial_soft_rot_439.jpg,bacterial_soft_rot,BACTERIAL SOFT ROT,256,256,467
images/bacterial_soft_rot/bacterial_soft_rot_593.jpg,bacterial_soft_rot,BACTERIAL SOFT ROT,256,256,690
images/bacterial_soft_rot/bacterial_soft_rot_340.jpg,bacterial_soft_rot,BACTERIAL SOFT ROT,256,256,722
images/bacterial_soft_rot/bacterial_soft_rot_3.jpg,bacterial_soft_rot,BACTERIAL SOFT ROT,256,256,492
images/bacterial_soft_rot/bacterial_soft_rot_710.jpg,bacterial_soft_rot,BACTERIAL SOFT ROT,256,256,661
images/bacterial_soft_rot/bacterial_soft_rot_205.jpg,bacterial_soft_rot,BACTERIAL SOFT ROT,256,256,452
images/bacterial_soft_rot/bacterial_soft_rot_655.jpg,bacterial_soft_rot,BACTERIAL SOFT ROT,256,256,430
images/bacterial_soft_rot/bacterial_soft_rot_911.jpg,bacterial_soft_rot,BACTERIAL SOFT ROT,256,256,723
images/bacterial_soft_rot/bacterial_soft_rot_442.jpg,bacterial_soft_rot,BACTERIAL SOFT ROT,256,256,696
images/bacterial_soft_rot/bacterial_soft_rot_507.jpg,bacterial_soft_rot,BACTERIAL SOFT ROT,256,256,466
images/bacterial_soft_rot/bacterial_soft_rot_157.jpg,bacterial_soft_rot,BACTERIAL SOFT ROT,256,256,440
images/bacterial_soft_rot/bacterial_soft_rot_854.jpg,bacterial_soft_rot,BACTERIAL SOFT ROT,256,256,438
images/bacterial_soft_rot/bacterial_soft_rot_1057.jpg,bacterial_soft_rot,BACTERIAL SOFT ROT,256,256,724
images/bacterial_soft_rot/bacterial_soft_rot_784.jpg,bacterial_soft_rot,BACTERIAL SOFT ROT,256,256,564
images/bacterial_soft_rot/bacterial_soft_rot_291.jpg,bacterial_soft_rot,BACTERIAL SOFT ROT,256,256,725
images/bacterial_soft_rot/bacterial_soft_rot_415.jpg,bacterial_soft_rot,BACTERIAL SOFT ROT,256,256,484
images/bacterial_soft_rot/bacterial_soft_rot_946.jpg,bacterial_soft_rot,BACTERIAL SOFT ROT,256,256,726
images/bacterial_soft_rot/bacterial_soft_rot_51.jpg,bacterial_soft_rot,BACTERIAL SOFT ROT,256,256,474
images/bacterial_soft_rot/bacterial_soft_rot_803.jpg,bacterial_soft_rot,BACTERIAL SOFT ROT,256,256,438
images/bacterial_soft_rot/bacterial_soft_rot_100.jpg,bacterial_soft_rot,BACTERIAL SOFT ROT,256,256,727
images/bacterial_soft_rot/bacterial_soft_rot_550.jpg,bacterial_soft_rot,BACTERIAL SOFT ROT,256,256,728
images/bacterial_soft_rot/bacterial_soft_rot_679.jpg,bacterial_soft_rot,BACTERIAL SOFT ROT,256,256,438
images/bacterial_soft_rot/bacterial_soft_rot_383.jpg,bacterial_soft_rot,BACTERIAL SOFT ROT,256,256,479
images/bacterial_soft_rot/bacterial_soft_rot_229.jpg,bacterial_soft_rot,BACTERIAL SOFT ROT,256,256,528
images/bacterial_soft_rot/bacterial_soft_rot_1000.jpg,bacterial_soft_rot,BACTERIAL SOFT ROT,256,256,729
images/bacterial_soft_rot/bacterial_soft_rot_696.jpg,bacterial_soft_rot,BACTERIAL SOFT ROT,256,256,417
images/bacterial_soft_rot/bacterial_soft_rot_950.jpg,bacterial_soft_rot,BACTERIAL SOFT ROT,256,256,730
images/bacterial_soft_rot/bacterial_soft_rot_403.jpg,bacterial_soft_rot,BACTERIAL SOFT ROT,256,256,476
images/bacterial_soft_rot/bacterial_soft_rot_546.jpg,bacterial_soft_rot,BACTERIAL SOFT ROT,256,256,454
images/bacterial_soft_rot/bacterial_soft_rot_116.jpg,bacterial_soft_rot,BACTERIAL SOFT ROT,256,256,731
images/bacterial_soft_rot/bacterial_soft_rot_815.jpg,bacterial_soft_rot,BACTERIAL SOFT ROT,256,256,438
images/bacterial_soft_rot/bacterial_soft_rot_47.jpg,bacterial_soft_rot,BACTERIAL SOFT ROT,256,256,474
images/bacterial_soft_rot/bacterial_soft_rot_1016.jpg,bacterial_soft_rot,BACTERIAL SOFT ROT,256,256,732
images/bacterial_soft_rot/bacterial_soft_rot_395.jpg,bacterial_soft_rot,BACTERIAL SOFT ROT,256,256,454
images/bacterial_soft_rot/bacterial_soft_rot_680.jpg,bacterial_soft_rot,BACTERIAL SOFT ROT,256,256,438
images/bacterial_soft_rot/bacterial_soft_rot_454.jpg,bacterial_soft_rot,BACTERIAL SOFT ROT,256,256,733
images/bacterial_soft_rot/bacterial_soft_rot_907.jpg,bacterial_soft_rot,BACTERIAL SOFT ROT,256,256,468
images/bacterial_soft_rot/bacterial_soft_rot_842.jpg,bacterial_soft_rot,BACTERIAL SOFT ROT,256,256,438
images/bacterial_soft_rot/bacterial_soft_rot_10.jpg,bacterial_soft_rot,BACTERIAL SOFT ROT,256,256,734
images/bacterial_soft_rot/bacterial_soft_rot_141.jpg,bacterial_soft_rot,BACTERIAL SOFT ROT,256,256,735
images/bacterial_soft_rot/bacterial_soft_rot_511.jpg,bacterial_soft_rot,BACTERIAL SOFT ROT,256,256,466
images/bacterial_soft_rot/bacterial_soft_rot_638.jpg,bacterial_soft_rot,BACTERIAL SOFT ROT,256,256,736
images/bacterial_soft_rot/bacterial_soft_rot_268.jpg,bacterial_soft_rot,BACTERIAL SOFT ROT,256,256,737
images/bacterial_soft_rot/bacterial_soft_rot_792.jpg,bacterial_soft_rot,BACTERIAL SOFT ROT,256,256,709
images/bacterial_soft_rot/bacterial_soft_rot_1041.jpg,bacterial_soft_rot,BACTERIAL SOFT ROT,256,256,478
images/bacterial_soft_rot/bacterial_soft_rot_287.jpg,bacterial_soft_rot,BACTERIAL SOFT ROT,256,256,738
images/bacterial_soft_rot/bacterial_soft_rot_1036.jpg,bacterial_soft_rot,BACTERIAL SOFT ROT,256,256,739
images/bacterial_soft_rot/bacterial_soft_rot_566.jpg,bacterial_soft_rot,BACTERIAL SOFT ROT,256,256,740
images/bacterial_soft_rot/bacterial_soft_rot_136.jpg,bacterial_soft_rot,BACTERIAL SOFT ROT,256,256,430
images/bacterial_soft_rot/bacterial_soft_rot_835.jpg,bacterial_soft_rot,BACTERIAL SOFT ROT,256,256,438
images/bacterial_soft_rot/bacterial_soft_rot_67.jpg,bacterial_soft_rot,BACTERIAL SOFT ROT,256,256,628
images/bacterial_soft_rot/bacterial_soft_rot_88.jpg,bacterial_soft_rot,BACTERIAL SOFT ROT,256,256,625
images/bacterial_soft_rot/bacterial_soft_rot_970.jpg,bacterial_soft_rot,BACTERIAL SOFT ROT,256,256,741
images/bacterial_soft_rot/bacterial_soft_rot_423.jpg,bacterial_soft_rot,BACTERIAL SOFT ROT,256,256,484
images/bacterial_soft_rot/bacterial_soft_rot_589.jpg,bacterial_soft_rot,BACTERIAL SOFT ROT,256,256,461
images/bacterial_soft_rot/bacterial_soft_rot_618.jpg,bacterial_soft_rot,BACTERIAL SOFT ROT,256,256,742
images/bacterial_soft_rot/bacterial_soft_rot_248.jpg,bacterial_soft_rot,BACTERIAL SOFT ROT,256,256,608
images/bacterial_soft_rot/bacterial_soft_rot_1061.jpg,bacterial_soft_rot,BACTERIAL SOFT ROT,256,256,601
images/bacterial_soft_rot/bacterial_soft_rot_862.jpg,bacterial_soft_rot,BACTERIAL SOFT ROT,256,256,438
images/bacterial_soft_rot/bacterial_soft_rot_30.jpg,bacterial_soft_rot,BACTERIAL SOFT ROT,256,256,653
images/bacterial_soft_rot/bacterial_soft_rot_161.jpg,bacterial_soft_rot,BACTERIAL SOFT ROT,256,256,469
images/bacterial_soft_rot/bacterial_soft_rot_531.jpg,bacterial_soft_rot,BACTERIAL SOFT ROT,256,256,663
images/bacterial_soft_rot/bacterial_soft_rot_474.jpg,bacterial_soft_rot,BACTERIAL SOFT ROT,256,256,743
images/bacterial_soft_rot/bacterial_soft_rot_927.jpg,bacterial_soft_rot,BACTERIAL SOFT ROT,256,256,558
images/bacterial_soft_rot/bacterial_soft_rot_1077.jpg,bacterial_soft_rot,BACTERIAL SOFT ROT,256,256,420
images/bacterial_soft_rot/bacterial_soft_rot_527.jpg,bacterial_soft_rot,BACTERIAL SOFT ROT,256,256,744
images/bacterial_soft_rot/bacterial_soft_rot_177.jpg,bacterial_soft_rot,BACTERIAL SOFT ROT,256,256,417
images/bacterial_soft_rot/bacterial_soft_rot_26.jpg,bacterial_soft_rot,BACTERIAL SOFT ROT,256,256,745
images/bacterial_soft_rot/bacterial_soft_rot_874.jpg,bacterial_soft_rot,BACTERIAL SOFT ROT,256,256,429
images/bacterial_soft_rot/bacterial_soft_rot_931.jpg,bacterial_soft_rot,BACTERIAL SOFT ROT,256,256,746
images/bacterial_soft_rot/bacterial_soft_rot_462.jpg,bacterial_soft_rot,BACTERIAL SOFT ROT,256,256,591
images/bacterial_soft_rot/bacterial_soft_rot_198.jpg,bacterial_soft_rot,BACTERIAL SOFT ROT,256,256,442
images/bacterial_soft_rot/bacterial_soft_rot_659.jpg,bacterial_soft_rot,BACTERIAL SOFT ROT,256,256,592
images/bacterial_soft_rot/bacterial_soft_rot_209.jpg,bacterial_soft_rot,BACTERIAL SOFT ROT,256,256,429
images/bacterial_soft_rot/bacterial_soft_rot_1020.jpg,bacterial_soft_rot,BACTERIAL SOFT ROT,256,256,423
images/bacterial_soft_rot/bacterial_soft_rot_71.jpg,bacterial_soft_rot,BACTERIAL SOFT ROT,256,256,628
images/bacterial_soft_rot/bacterial_soft_rot_823.jpg,bacterial_soft_rot,BACTERIAL SOFT ROT,256,256,438
images/bacterial_soft_rot/bacterial_soft_rot_989.jpg,bacterial_soft_rot,BACTERIAL SOFT ROT,256,256,747
images/bacterial_soft_rot/bacterial_soft_rot_120.jpg,bacterial_soft_rot,BACTERIAL SOFT ROT,256,256,748
images/bacterial_soft_rot/bacterial_soft_rot_570.jpg,bacterial_soft_rot,BACTERIAL SOFT ROT,256,256,438
images/bacterial_soft_rot/bacterial_soft_rot_435.jpg,bacterial_soft_rot,BACTERIAL SOFT ROT,256,256,749
images/bacterial_soft_rot/bacterial_soft_rot_966.jpg,bacterial_soft_rot,BACTERIAL SOFT ROT,256,256,577
images/bacterial_soft_rot/bacterial_soft_rot_622.jpg,bacterial_soft_rot,BACTERIAL SOFT ROT,256,256,438
images/bacterial_soft_rot/bacterial_soft_rot_272.jpg,bacterial_soft_rot,BACTERIAL SOFT ROT,256,256,658
images/bacterial_soft_rot/bacterial_soft_rot_788.jpg,bacterial_soft_rot,BACTERIAL SOFT ROT,256,256,438
images/bacterial_soft_rot/bacterial_soft_rot_767.jpg,bacterial_soft_rot,BACTERIAL SOFT ROT,256,256,750
images/bacterial_soft_rot/bacterial_soft_rot_337.jpg,bacterial_soft_rot,BACTERIAL SOFT ROT,256,256,751
images/bacterial_soft_rot/bacterial_soft_rot_858.jpg,bacterial_soft_rot,BACTERIAL SOFT ROT,256,256,438
images/bacterial_soft_rot/bacterial_soft_rot_225.jpg,bacterial_soft_rot,BACTERIAL SOFT ROT,256,256,609
images/bacterial_soft_rot/bacterial_soft_rot_675.jpg,bacterial_soft_rot,BACTERIAL SOFT ROT,256,256,488
images/bacterial_soft_rot/bacterial_soft_rot_360.jpg,bacterial_soft_rot,BACTERIAL SOFT ROT,256,256,752
images/bacterial_soft_rot/bacterial_soft_rot_730.jpg,bacterial_soft_rot,BACTERIAL SOFT ROT,256,256,429
images/bacterial_soft_rot/bacterial_soft_rot_419.jpg,bacterial_soft_rot,BACTERIAL SOFT ROT,256,256,484
images/bacterial_soft_rot/bacterial_soft_rot_663.jpg,bacterial_soft_rot,BACTERIAL SOFT ROT,256,256,753
images/bacterial_soft_rot/bacterial_soft_rot_399.jpg,bacterial_soft_rot,BACTERIAL SOFT ROT,256,256,754
images/bacterial_soft_rot/bacterial_soft_rot_233.jpg,bacterial_soft_rot,BACTERIAL SOFT ROT,256,256,507
images/bacterial_soft_rot/bacterial_soft_rot_726.jpg,bacterial_soft_rot,BACTERIAL SOFT ROT,256,256,420
images/bacterial_soft_rot/bacterial_soft_rot_376.jpg,bacterial_soft_rot,BACTERIAL SOFT ROT,256,256,421
images/bacterial_soft_rot/bacterial_soft_rot_819.jpg,bacterial_soft_rot,BACTERIAL SOFT ROT,256,256,438
images/bacterial_soft_rot/bacterial_soft_rot_264.jpg,bacterial_soft_rot,BACTERIAL SOFT ROT,256,256,600
images/bacterial_soft_rot/bacterial_soft_rot_634.jpg,bacterial_soft_rot,BACTERIAL SOFT ROT,256,256,746
images/bacterial_soft_rot/bacterial_soft_rot_321.jpg,bacterial_soft_rot,BACTERIAL SOFT ROT,256,256,631
images/bacterial_soft_rot/bacterial_soft_rot_771.jpg,bacterial_soft_rot,BACTERIAL SOFT ROT,256,256,755
images/bacterial_soft_rot/bacterial_soft_rot_458.jpg,bacterial_soft_rot,BACTERIAL SOFT ROT,256,256,591
images/bacterial_soft_rot/bacterial_soft_rot_459.jpg,bacterial_soft_rot,BACTERIAL SOFT ROT,256,256,591
images/bacterial_soft_rot/bacterial_soft_rot_265.jpg,bacterial_soft_rot,BACTERIAL SOFT ROT,256,256,649
images/bacterial_soft_rot/bacterial_soft_rot_635.jpg,bacterial_soft_rot,BACTERIAL SOFT ROT,256,256,438
images/bacterial_soft_rot/bacterial_soft_rot_320.jpg,bacterial_soft_rot,BACTERIAL SOFT ROT,256,256,756
images/bacterial_soft_rot/bacterial_soft_rot_770.jpg,bacterial_soft_rot,BACTERIAL SOFT ROT,256,256,675
images/bacterial_soft_rot/bacterial_soft_rot_818.jpg,bacterial_soft_rot,BACTERIAL SOFT ROT,256,256,438
images/bacterial_soft_rot/bacterial_soft_rot_662.jpg,bacterial_soft_rot,BACTERIAL SOFT ROT,256,256,757
images/bacterial_soft_rot/bacterial_soft_rot_398.jpg,bacterial_soft_rot,BACTERIAL SOFT ROT,256,256,758
images/bacterial_soft_rot/bacterial_soft_rot_232.jpg,bacterial_soft_rot,BACTERIAL SOFT ROT,256,256,528
images/bacterial_soft_rot/bacterial_soft_rot_727.jpg,bacterial_soft_rot,BACTERIAL SOFT ROT,256,256,420
images/bacterial_soft_rot/bacterial_soft_rot_377.jpg,bacterial_soft_rot,BACTERIAL SOFT ROT,256,256,421
images/bacterial_soft_rot/bacterial_soft_rot_418.jpg,bacterial_soft_rot,BACTERIAL SOFT ROT,256,256,484
images/bacterial_soft_rot/bacterial_soft_rot_224.jpg,bacterial_soft_rot,BACTERIAL SOFT ROT,256,256,759
images/bacterial_soft_rot/bacterial_soft_rot_674.jpg,bacterial_soft_rot,BACTERIAL SOFT ROT,256,256,488
images/bacterial_soft_rot/bacterial_soft_rot_361.jpg,bacterial_soft_rot,BACTERIAL SOFT ROT,256,256,710
images/bacterial_soft_rot/bacterial_soft_rot_731.jpg,bacterial_soft_rot,BACTERIAL SOFT ROT,256,256,429
images/bacterial_soft_rot/bacterial_soft_rot_859.jpg,bacterial_soft_rot,BACTERIAL SOFT ROT,256,256,438
images/bacterial_soft_rot/bacterial_soft_rot_623.jpg,bacterial_soft_rot,BACTERIAL SOFT ROT,256,256,438
images/bacterial_soft_rot/bacterial_soft_rot_273.jpg,bacterial_soft_rot,BACTERIAL SOFT ROT,256,256,596
images/bacterial_soft_rot/bacterial_soft_rot_789.jpg,bacterial_soft_rot,BACTERIAL SOFT ROT,256,256,438
images/bacterial_soft_rot/bacterial_soft_rot_766.jpg,bacterial_soft_rot,BACTERIAL SOFT ROT,256,256,468
images/bacterial_soft_rot/bacterial_soft_rot_336.jpg,bacterial_soft_rot,BACTERIAL SOFT ROT,256,256,751
images/bacterial_soft_rot/bacterial_soft_rot_822.jpg,bacterial_soft_rot,BACTERIAL SOFT ROT,256,256,438
images/bacterial_soft_rot/bacterial_soft_rot_70.jpg,bacterial_soft_rot,BACTERIAL SOFT ROT,256,256,628
images/bacterial_soft_rot/bacterial_soft_rot_988.jpg,bacterial_soft_rot,BACTERIAL SOFT ROT,256,256,760
images/bacterial_soft_rot/bacterial_soft_rot_121.jpg,bacterial_soft_rot,BACTERIAL SOFT ROT,256,256,712
images/bacterial_soft_rot/bacterial_soft_rot_571.jpg,bacterial_soft_rot,BACTERIAL SOFT ROT,256,256,438
images/bacterial_soft_rot/bacterial_soft_rot_434.jpg,bacterial_soft_rot,BACTERIAL SOFT ROT,256,256,761
images/bacterial_soft_rot/bacterial_soft_rot_967.jpg,bacterial_soft_rot,BACTERIAL SOFT ROT,256,256,692
images/bacterial_soft_rot/bacterial_soft_rot_658.jpg,bacterial_soft_rot,BACTERIAL SOFT ROT,256,256,430
images/bacterial_soft_rot/bacterial_soft_rot_208.jpg,bacterial_soft_rot,BACTERIAL SOFT ROT,256,256,429
images/bacterial_soft_rot/bacterial_soft_rot_1021.jpg,bacterial_soft_rot,BACTERIAL SOFT ROT,256,256,423
images/bacterial_soft_rot/bacterial_soft_rot_526.jpg,bacterial_soft_rot,BACTERIAL SOFT ROT,256,256,762
images/bacterial_soft_rot/bacterial_soft_rot_176.jpg,bacterial_soft_rot,BACTERIAL SOFT ROT,256,256,417
images/bacterial_soft_rot/bacterial_soft_rot_875.jpg,bacterial_soft_rot,BACTERIAL SOFT ROT,256,256,429
images/bacterial_soft_rot/bacterial_soft_rot_27.jpg,bacterial_soft_rot,BACTERIAL SOFT ROT,256,256,763
images/bacterial_soft_rot/bacterial_soft_rot_930.jpg,bacterial_soft_rot,BACTERIAL SOFT ROT,256,256,441
images/bacterial_soft_rot/bacterial_soft_rot_463.jpg,bacterial_soft_rot,BACTERIAL SOFT ROT,256,256,643
images/bacterial_soft_rot/bacterial_soft_rot_199.jpg,bacterial_soft_rot,BACTERIAL SOFT ROT,256,256,420
images/bacterial_soft_rot/bacterial_soft_rot_1076.jpg,bacterial_soft_rot,BACTERIAL SOFT ROT,256,256,420
images/bacterial_soft_rot/bacterial_soft_rot_31.jpg,bacterial_soft_rot,BACTERIAL SOFT ROT,256,256,764
images/bacterial_soft_rot/bacterial_soft_rot_863.jpg,bacterial_soft_rot,BACTERIAL SOFT ROT,256,256,438
images/bacterial_soft_rot/bacterial_soft_rot_160.jpg,bacterial_soft_rot,BACTERIAL SOFT ROT,256,256,765
images/bacterial_soft_rot/bacterial_soft_rot_530.jpg,bacterial_soft_rot,BACTERIAL SOFT ROT,256,256,766
images/bacterial_soft_rot/bacterial_soft_rot_475.jpg,bacterial_soft_rot,BACTERIAL SOFT ROT,256,256,767
images/bacterial_soft_rot/bacterial_soft_rot_926.jpg,bacterial_soft_rot,BACTERIAL SOFT ROT,256,256,634
images/bacterial_soft_rot/bacterial_soft_rot_619.jpg,bacterial_soft_rot,BACTERIAL SOFT ROT,256,256,438
images/bacterial_soft_rot/bacterial_soft_rot_249.jpg,bacterial_soft_rot,BACTERIAL SOFT ROT,256,256,608
images/bacterial_soft_rot/bacterial_soft_rot_1060.jpg,bacterial_soft_rot,BACTERIAL SOFT ROT,256,256,601
images/bacterial_soft_rot/bacterial_soft_rot_567.jpg,bacterial_soft_rot,BACTERIAL SOFT ROT,256,256,768
images/bacterial_soft_rot/bacterial_soft_rot_137.jpg,bacterial_soft_rot,BACTERIAL SOFT ROT,256,256,592
images/bacterial_soft_rot/bacterial_soft_rot_66.jpg,bacterial_soft_rot,BACTERIAL SOFT ROT,256,256,718
images/bacterial_soft_rot/bacterial_soft_rot_834.jpg,bacterial_soft_rot,BACTERIAL SOFT ROT,256,256,438
images/bacterial_soft_rot/bacterial_soft_rot_89.jpg,bacterial_soft_rot,BACTERIAL SOFT ROT,256,256,769
images/bacterial_soft_rot/bacterial_soft_rot_971.jpg,bacterial_soft_rot,BACTERIAL SOFT ROT,256,256,770
images/bacterial_soft_rot/bacterial_soft_rot_422.jpg,bacterial_soft_rot,BACTERIAL SOFT ROT,256,256,484
images/bacterial_soft_rot/bacterial_soft_rot_588.jpg,bacterial_soft_rot,BACTERIAL SOFT ROT,256,256,626
images/bacterial_soft_rot/bacterial_soft_rot_1037.jpg,bacterial_soft_rot,BACTERIAL SOFT ROT,256,256,548
images/bacterial_soft_rot/bacterial_soft_rot_639.jpg,bacterial_soft_rot,BACTERIAL SOFT ROT,256,256,771
images/bacterial_soft_rot/bacterial_soft_rot_269.jpg,bacterial_soft_rot,BACTERIAL SOFT ROT,256,256,772
images/bacterial_soft_rot/bacterial_soft_rot_1040.jpg,bacterial_soft_rot,BACTERIAL SOFT ROT,256,256,422
images/bacterial_soft_rot/bacterial_soft_rot_793.jpg,bacterial_soft_rot,BACTERIAL SOFT ROT,256,256,709
images/bacterial_soft_rot/bacterial_soft_rot_286.jpg,bacterial_soft_rot,BACTERIAL SOFT ROT,256,256,773
images/bacterial_soft_rot/bacterial_soft_rot_455.jpg,bacterial_soft_rot,BACTERIAL SOFT ROT,256,256,774
images/bacterial_soft_rot/bacterial_soft_rot_906.jpg,bacterial_soft_rot,BACTERIAL SOFT ROT,256,256,468
images/bacterial_soft_rot/bacterial_soft_rot_11.jpg,bacterial_soft_rot,BACTERIAL SOFT ROT,256,256,775
images/bacterial_soft_rot/bacterial_soft_rot_843.jpg,bacterial_soft_rot,BACTERIAL SOFT ROT,256,256,438
images/bacterial_soft_rot/bacterial_soft_rot_140.jpg,bacterial_soft_rot,BACTERIAL SOFT ROT,256,256,776
images/bacterial_soft_rot/bacterial_soft_rot_510.jpg,bacterial_soft_rot,BACTERIAL SOFT ROT,256,256,466
images/bacterial_soft_rot/bacterial_soft_rot_1017.jpg,bacterial_soft_rot,BACTERIAL SOFT ROT,256,256,777
images/bacterial_soft_rot/bacterial_soft_rot_394.jpg,bacterial_soft_rot,BACTERIAL SOFT ROT,256,256,778
images/bacterial_soft_rot/bacterial_soft_rot_681.jpg,bacterial_soft_rot,BACTERIAL SOFT ROT,256,256,668
images/bacterial_soft_rot/bacterial_soft_rot_951.jpg,bacterial_soft_rot,BACTERIAL SOFT ROT,256,256,779
images/bacterial_soft_rot/bacterial_soft_rot_402.jpg,bacterial_soft_rot,BACTERIAL SOFT ROT,256,256,780
images/bacterial_soft_rot/bacterial_soft_rot_547.jpg,bacterial_soft_rot,BACTERIAL SOFT ROT,256,256,781
images/bacterial_soft_rot/bacterial_soft_rot_117.jpg,bacterial_soft_rot,BACTERIAL SOFT ROT,256,256,771
images/bacterial_soft_rot/bacterial_soft_rot_46.jpg,bacterial_soft_rot,BACTERIAL SOFT ROT,256,256,566
images/bacterial_soft_rot/bacterial_soft_rot_814.jpg,bacterial_soft_rot,BACTERIAL SOFT ROT,256,256,438
images/bacterial_soft_rot/bacterial_soft_rot_678.jpg,bacterial_soft_rot,BACTERIAL SOFT ROT,256,256,488
images/bacterial_soft_rot/bacterial_soft_rot_382.jpg,bacterial_soft_rot,BACTERIAL SOFT ROT,256,256,782
images/bacterial_soft_rot/bacterial_soft_rot_228.jpg,bacterial_soft_rot,BACTERIAL SOFT ROT,256,256,609
images/bacterial_soft_rot/bacterial_soft_rot_1001.jpg,bacterial_soft_rot,BACTERIAL SOFT ROT,256,256,783
images/bacterial_soft_rot/bacterial_soft_rot_697.jpg,bacterial_soft_rot,BACTERIAL SOFT ROT,256,256,417
images/bacterial_soft_rot/bacterial_soft_rot_414.jpg,bacterial_soft_rot,BACTERIAL SOFT ROT,256,256,484
images/bacterial_soft_rot/bacterial_soft_rot_947.jpg,bacterial_soft_rot,BACTERIAL SOFT ROT,256,256,784
images/bacterial_soft_rot/bacterial_soft_rot_802.jpg,bacterial_soft_rot,BACTERIAL SOFT ROT,256,256,438
images/bacterial_soft_rot/bacterial_soft_rot_50.jpg,bacterial_soft_rot,BACTERIAL SOFT ROT,256,256,474
images/bacterial_soft_rot/bacterial_soft_rot_101.jpg,bacterial_soft_rot,BACTERIAL SOFT ROT,256,256,440
images/bacterial_soft_rot/bacterial_soft_rot_551.jpg,bacterial_soft_rot,BACTERIAL SOFT ROT,256,256,785
images/bacterial_soft_rot/bacterial_soft_rot_785.jpg,bacterial_soft_rot,BACTERIAL SOFT ROT,256,256,449
images/bacterial_soft_rot/bacterial_soft_rot_1056.jpg,bacterial_soft_rot,BACTERIAL SOFT ROT,256,256,601
images/bacterial_soft_rot/bacterial_soft_rot_290.jpg,bacterial_soft_rot,BACTERIAL SOFT ROT,256,256,786
images/bacterial_soft_rot/bacterial_soft_rot_910.jpg,bacterial_soft_rot,BACTERIAL SOFT ROT,256,256,468
images/bacterial_soft_rot/bacterial_soft_rot_443.jpg,bacterial_soft_rot,BACTERIAL SOFT ROT,256,256,696
images/bacterial_soft_rot/bacterial_soft_rot_506.jpg,bacterial_soft_rot,BACTERIAL SOFT ROT,256,256,466
images/bacterial_soft_rot/bacterial_soft_rot_156.jpg,bacterial_soft_rot,BACTERIAL SOFT ROT,256,256,488
images/bacterial_soft_rot/bacterial_soft_rot_855.jpg,bacterial_soft_rot,BACTERIAL SOFT ROT,256,256,438
images/bacterial_soft_rot/bacterial_soft_rot_341.jpg,bacterial_soft_rot,BACTERIAL SOFT ROT,256,256,493
images/bacterial_soft_rot/bacterial_soft_rot_2.jpg,bacterial_soft_rot,BACTERIAL SOFT ROT,256,256,787
images/bacterial_soft_rot/bacterial_soft_rot_711.jpg,bacterial_soft_rot,BACTERIAL SOFT ROT,256,256,654
images/bacterial_soft_rot/bacterial_soft_rot_204.jpg,bacterial_soft_rot,BACTERIAL SOFT ROT,256,256,420
images/bacterial_soft_rot/bacterial_soft_rot_654.jpg,bacterial_soft_rot,BACTERIAL SOFT ROT,256,256,430
images/bacterial_soft_rot/bacterial_soft_rot_984.jpg,bacterial_soft_rot,BACTERIAL SOFT ROT,256,256,693
images/bacterial_soft_rot/bacterial_soft_rot_93.jpg,bacterial_soft_rot,BACTERIAL SOFT ROT,256,256,788
images/bacterial_soft_rot/bacterial_soft_rot_438.jpg,bacterial_soft_rot,BACTERIAL SOFT ROT,256,256,789
images/bacterial_soft_rot/bacterial_soft_rot_592.jpg,bacterial_soft_rot,BACTERIAL SOFT ROT,256,256,690
images/bacterial_soft_rot/bacterial_soft_rot_746.jpg,bacterial_soft_rot,BACTERIAL SOFT ROT,256,256,438
images/bacterial_soft_rot/bacterial_soft_rot_316.jpg,bacterial_soft_rot,BACTERIAL SOFT ROT,256,256,790
images/bacterial_soft_rot/bacterial_soft_rot_603.jpg,bacterial_soft_rot,BACTERIAL SOFT ROT,256,256,438
images/bacterial_soft_rot/bacterial_soft_rot_253.jpg,bacterial_soft_rot,BACTERIAL SOFT ROT,256,256,791
images/bacterial_soft_rot/bacterial_soft_rot_879.jpg,bacterial_soft_rot,BACTERIAL SOFT ROT,256,256,429
images/bacterial_soft_rot/bacterial_soft_rot_480.jpg,bacterial_soft_rot,BACTERIAL SOFT ROT,256,256,792
images/bacterial_soft_rot/bacterial_soft_rot_195.jpg,bacterial_soft_rot,BACTERIAL SOFT ROT,256,256,793
images/bacterial_soft_rot/bacterial_soft_rot_896.jpg,bacterial_soft_rot,BACTERIAL SOFT ROT,256,256,611
images/bacterial_soft_rot/bacterial_soft_rot_300.jpg,bacterial_soft_rot,BACTERIAL SOFT ROT,256,256,794
images/bacterial_soft_rot/bacterial_soft_rot_750.jpg,bacterial_soft_rot,BACTERIAL SOFT ROT,256,256,609
images/bacterial_soft_rot/bacterial_soft_rot_245.jpg,bacterial_soft_rot,BACTERIAL SOFT ROT,256,256,750
images/bacterial_soft_rot/bacterial_soft_rot_615.jpg,bacterial_soft_rot,BACTERIAL SOFT ROT,256,256,795
images/bacterial_soft_rot/bacterial_soft_rot_496.jpg,bacterial_soft_rot,BACTERIAL SOFT ROT,256,256,651
images/bacterial_soft_rot/bacterial_soft_rot_880.jpg,bacterial_soft_rot,BACTERIAL SOFT ROT,256,256,429
images/bacterial_soft_rot/bacterial_soft_rot_479.jpg,bacterial_soft_rot,BACTERIAL SOFT ROT,256,256,796
images/bacterial_soft_rot/bacterial_soft_rot_183.jpg,bacterial_soft_rot,BACTERIAL SOFT ROT,256,256,601
images/bacterial_soft_rot/bacterial_soft_rot_707.jpg,bacterial_soft_rot,BACTERIAL SOFT ROT,256,256,601
images/bacterial_soft_rot/bacterial_soft_rot_357.jpg,bacterial_soft_rot,BACTERIAL SOFT ROT,256,256,797
images/bacterial_soft_rot/bacterial_soft_rot_642.jpg,bacterial_soft_rot,BACTERIAL SOFT ROT,256,256,748
images/bacterial_soft_rot/bacterial_soft_rot_212.jpg,bacterial_soft_rot,BACTERIAL SOFT ROT,256,256,798
images/bacterial_soft_rot/bacterial_soft_rot_838.jpg,bacterial_soft_rot,BACTERIAL SOFT ROT,256,256,438
images/bacterial_soft_rot/bacterial_soft_rot_992.jpg,bacterial_soft_rot,BACTERIAL SOFT ROT,256,256,681
images/bacterial_soft_rot/bacterial_soft_rot_584.jpg,bacterial_soft_rot,BACTERIAL SOFT ROT,256,256,515
images/bacterial_soft_rot/bacterial_soft_rot_85.jpg,bacterial_soft_rot,BACTERIAL SOFT ROT,256,256,625
images/bacterial_soft_rot/bacterial_soft_rot_219.jpg,bacterial_soft_rot,BACTERIAL SOFT ROT,256,256,429
images/bacterial_soft_rot/bacterial_soft_rot_1030.jpg,bacterial_soft_rot,BACTERIAL SOFT ROT,256,256,491
images/bacterial_soft_rot/bacterial_soft_rot_649.jpg,bacterial_soft_rot,BACTERIAL SOFT ROT,256,256,783
images/bacterial_soft_rot/bacterial_soft_rot_999.jpg,bacterial_soft_rot,BACTERIAL SOFT ROT,256,256,799
images/bacterial_soft_rot/bacterial_soft_rot_833.jpg,bacterial_soft_rot,BACTERIAL SOFT ROT,256,256,438
images/bacterial_soft_rot/bacterial_soft_rot_61.jpg,bacterial_soft_rot,BACTERIAL SOFT ROT,256,256,584
images/bacterial_soft_rot/bacterial_soft_rot_560.jpg,bacterial_soft_rot,BACTERIAL SOFT ROT,256,256,800
images/bacterial_soft_rot/bacterial_soft_rot_130.jpg,bacterial_soft_rot,BACTERIAL SOFT ROT,256,256,536
images/bacterial_soft_rot/bacterial_soft_rot_425.jpg,bacterial_soft_rot,BACTERIAL SOFT ROT,256,256,458
images/bacterial_soft_rot/bacterial_soft_rot_976.jpg,bacterial_soft_rot,BACTERIAL SOFT ROT,256,256,801
images/bacterial_soft_rot/bacterial_soft_rot_1067.jpg,bacterial_soft_rot,BACTERIAL SOFT ROT,256,256,561
images/bacterial_soft_rot/bacterial_soft_rot_167.jpg,bacterial_soft_rot,BACTERIAL SOFT ROT,256,256,802
images/bacterial_soft_rot/bacterial_soft_rot_537.jpg,bacterial_soft_rot,BACTERIAL SOFT ROT,256,256,803
images/bacterial_soft_rot/bacterial_soft_rot_864.jpg,bacterial_soft_rot,BACTERIAL SOFT ROT,256,256,634
images/bacterial_soft_rot/bacterial_soft_rot_36.jpg,bacterial_soft_rot,BACTERIAL SOFT ROT,256,256,804
images/bacterial_soft_rot/bacterial_soft_rot_921.jpg,bacterial_soft_rot,BACTERIAL SOFT ROT,256,256,805
images/bacterial_soft_rot/bacterial_soft_rot_472.jpg,bacterial_soft_rot,BACTERIAL SOFT ROT,256,256,710
images/bacterial_soft_rot/bacterial_soft_rot_188.jpg,bacterial_soft_rot,BACTERIAL SOFT ROT,256,256,806
images/bacterial_soft_rot/bacterial_soft_rot_258.jpg,bacterial_soft_rot,BACTERIAL SOFT ROT,256,256,416
images/bacterial_soft_rot/bacterial_soft_rot_1071.jpg,bacterial_soft_rot,BACTERIAL SOFT ROT,256,256,807
images/bacterial_soft_rot/bacterial_soft_rot_608.jpg,bacterial_soft_rot,BACTERIAL SOFT ROT,256,256,438
images/bacterial_soft_rot/bacterial_soft_rot_20.jpg,bacterial_soft_rot,BACTERIAL SOFT ROT,256,256,808
images/bacterial_soft_rot/bacterial_soft_rot_872.jpg,bacterial_soft_rot,BACTERIAL SOFT ROT,256,256,429
images/bacterial_soft_rot/bacterial_soft_rot_521.jpg,bacterial_soft_rot,BACTERIAL SOFT ROT,256,256,411
images/bacterial_soft_rot/bacterial_soft_rot_171.jpg,bacterial_soft_rot,BACTERIAL SOFT ROT,256,256,417
images/bacterial_soft_rot/bacterial_soft_rot_464.jpg,bacterial_soft_rot,BACTERIAL SOFT ROT,256,256,809
images/bacterial_soft_rot/bacterial_soft_rot_937.jpg,bacterial_soft_rot,BACTERIAL SOFT ROT,256,256,646
images/bacterial_soft_rot/bacterial_soft_rot_9.jpg,bacterial_soft_rot,BACTERIAL SOFT ROT,256,256,810
images/bacterial_soft_rot/bacterial_soft_rot_1026.jpg,bacterial_soft_rot,BACTERIAL SOFT ROT,256,256,811
images/bacterial_soft_rot/bacterial_soft_rot_126.jpg,bacterial_soft_rot,BACTERIAL SOFT ROT,256,256,812
images/bacterial_soft_rot/bacterial_soft_rot_576.jpg,bacterial_soft_rot,BACTERIAL SOFT ROT,256,256,496
images/bacterial_soft_rot/bacterial_soft_rot_77.jpg,bacterial_soft_rot,BACTERIAL SOFT ROT,256,256,813
images/bacterial_soft_rot/bacterial_soft_rot_825.jpg,bacterial_soft_rot,BACTERIAL SOFT ROT,256,256,438
images/bacterial_soft_rot/bacterial_soft_rot_960.jpg,bacterial_soft_rot,BACTERIAL SOFT ROT,256,256,419
images/bacterial_soft_rot/bacterial_soft_rot_98.jpg,bacterial_soft_rot,BACTERIAL SOFT ROT,256,256,814
images/bacterial_soft_rot/bacterial_soft_rot_599.jpg,bacterial_soft_rot,BACTERIAL SOFT ROT,256,256,438
images/bacterial_soft_rot/bacterial_soft_rot_433.jpg,bacterial_soft_rot,BACTERIAL SOFT ROT,256,256,815
images/bacterial_soft_rot/bacterial_soft_rot_624.jpg,bacterial_soft_rot,BACTERIAL SOFT ROT,256,256,438
images/bacterial_soft_rot/bacterial_soft_rot_274.jpg,bacterial_soft_rot,BACTERIAL SOFT ROT,256,256,724
images/bacterial_soft_rot/bacterial_soft_rot_761.jpg,bacterial_soft_rot,BACTERIAL SOFT ROT,256,256,431
images/bacterial_soft_rot/bacterial_soft_rot_331.jpg,bacterial_soft_rot,BACTERIAL SOFT ROT,256,256,816
images/bacterial_soft_rot/bacterial_soft_rot_448.jpg,bacterial_soft_rot,BACTERIAL SOFT ROT,256,256,817
images/bacterial_soft_rot/bacterial_soft_rot_223.jpg,bacterial_soft_rot,BACTERIAL SOFT ROT,256,256,473
images/bacterial_soft_rot/bacterial_soft_rot_673.jpg,bacterial_soft_rot,BACTERIAL SOFT ROT,256,256,818
images/bacterial_soft_rot/bacterial_soft_rot_389.jpg,bacterial_soft_rot,BACTERIAL SOFT ROT,256,256,479
images/bacterial_soft_rot/bacterial_soft_rot_366.jpg,bacterial_soft_rot,BACTERIAL SOFT ROT,256,256,582
images/bacterial_soft_rot/bacterial_soft_rot_736.jpg,bacterial_soft_rot,BACTERIAL SOFT ROT,256,256,429
images/bacterial_soft_rot/bacterial_soft_rot_809.jpg,bacterial_soft_rot,BACTERIAL SOFT ROT,256,256,666
images/bacterial_soft_rot/bacterial_soft_rot_665.jpg,bacterial_soft_rot,BACTERIAL SOFT ROT,256,256,819
images/bacterial_soft_rot/bacterial_soft_rot_235.jpg,bacterial_soft_rot,BACTERIAL SOFT ROT,256,256,820
images/bacterial_soft_rot/bacterial_soft_rot_720.jpg,bacterial_soft_rot,BACTERIAL SOFT ROT,256,256,568
images/bacterial_soft_rot/bacterial_soft_rot_370.jpg,bacterial_soft_rot,BACTERIAL SOFT ROT,256,256,421
images/bacterial_soft_rot/bacterial_soft_rot_409.jpg,bacterial_soft_rot,BACTERIAL SOFT ROT,256,256,821
images/bacterial_soft_rot/bacterial_soft_rot_262.jpg,bacterial_soft_rot,BACTERIAL SOFT ROT,256,256,564
images/bacterial_soft_rot/bacterial_soft_rot_798.jpg,bacterial_soft_rot,BACTERIAL SOFT ROT,256,256,438
images/bacterial_soft_rot/bacterial_soft_rot_632.jpg,bacterial_soft_rot,BACTERIAL SOFT ROT,256,256,583
images/bacterial_soft_rot/bacterial_soft_rot_327.jpg,bacterial_soft_rot,BACTERIAL SOFT ROT,256,256,414
images/bacterial_soft_rot/bacterial_soft_rot_777.jpg,bacterial_soft_rot,BACTERIAL SOFT ROT,256,256,416
images/bacterial_soft_rot/bacterial_soft_rot_848.jpg,bacterial_soft_rot,BACTERIAL SOFT ROT,256,256,438
images/bacterial_soft_rot/bacterial_soft_rot_995.jpg,bacterial_soft_rot,BACTERIAL SOFT ROT,256,256,822
images/bacterial_soft_rot/bacterial_soft_rot_82.jpg,bacterial_soft_rot,BACTERIAL SOFT ROT,256,256,823
images/bacterial_soft_rot/bacterial_soft_rot_583.jpg,bacterial_soft_rot,BACTERIAL SOFT ROT,256,256,515
images/bacterial_soft_rot/bacterial_soft_rot_429.jpg,bacterial_soft_rot,BACTERIAL SOFT ROT,256,256,458
images/bacterial_soft_rot/bacterial_soft_rot_700.jpg,bacterial_soft_rot,BACTERIAL SOFT ROT,256,256,417
images/bacterial_soft_rot/bacterial_soft_rot_350.jpg,bacterial_soft_rot,BACTERIAL SOFT ROT,256,256,787
images/bacterial_soft_rot/bacterial_soft_rot_645.jpg,bacterial_soft_rot,BACTERIAL SOFT ROT,256,256,534
images/bacterial_soft_rot/bacterial_soft_rot_215.jpg,bacterial_soft_rot,BACTERIAL SOFT ROT,256,256,429
images/bacterial_soft_rot/bacterial_soft_rot_868.jpg,bacterial_soft_rot,BACTERIAL SOFT ROT,256,256,429
images/bacterial_soft_rot/bacterial_soft_rot_491.jpg,bacterial_soft_rot,BACTERIAL SOFT ROT,256,256,540
images/bacterial_soft_rot/bacterial_soft_rot_184.jpg,bacterial_soft_rot,BACTERIAL SOFT ROT,256,256,509
images/bacterial_soft_rot/bacterial_soft_rot_887.jpg,bacterial_soft_rot,BACTERIAL SOFT ROT,256,256,824
images/bacterial_soft_rot/bacterial_soft_rot_307.jpg,bacterial_soft_rot,BACTERIAL SOFT ROT,256,256,825
images/bacterial_soft_rot/bacterial_soft_rot_757.jpg,bacterial_soft_rot,BACTERIAL SOFT ROT,256,256,438
images/bacterial_soft_rot/bacterial_soft_rot_242.jpg,bacterial_soft_rot,BACTERIAL SOFT ROT,256,256,431
images/bacterial_soft_rot/bacterial_soft_rot_612.jpg,bacterial_soft_rot,BACTERIAL SOFT ROT,256,256,438
images/bacterial_soft_rot/bacterial_soft_rot_487.jpg,bacterial_soft_rot,BACTERIAL SOFT ROT,256,256,826
images/bacterial_soft_rot/bacterial_soft_rot_891.jpg,bacterial_soft_rot,BACTERIAL SOFT ROT,256,256,827
images/bacterial_soft_rot/bacterial_soft_rot_468.jpg,bacterial_soft_rot,BACTERIAL SOFT ROT,256,256,828
images/bacterial_soft_rot/bacterial_soft_rot_192.jpg,bacterial_soft_rot,BACTERIAL SOFT ROT,256,256,539
images/bacterial_soft_rot/bacterial_soft_rot_741.jpg,bacterial_soft_rot,BACTERIAL SOFT ROT,256,256,429
images/bacterial_soft_rot/bacterial_soft_rot_311.jpg,bacterial_soft_rot,BACTERIAL SOFT ROT,256,256,534
images/bacterial_soft_rot/bacterial_soft_rot_604.jpg,bacterial_soft_rot,BACTERIAL SOFT ROT,256,256,438
images/bacterial_soft_rot/bacterial_soft_rot_254.jpg,bacterial_soft_rot,BACTERIAL SOFT ROT,256,256,829
images/bacterial_soft_rot/bacterial_soft_rot_983.jpg,bacterial_soft_rot,BACTERIAL SOFT ROT,256,256,693
images/bacterial_soft_rot/bacterial_soft_rot_829.jpg,bacterial_soft_rot,BACTERIAL SOFT ROT,256,256,438
images/bacterial_soft_rot/bacterial_soft_rot_595.jpg,bacterial_soft_rot,BACTERIAL SOFT ROT,256,256,438
images/bacterial_soft_rot/bacterial_soft_rot_94.jpg,bacterial_soft_rot,BACTERIAL SOFT ROT,256,256,830
images/bacterial_soft_rot/bacterial_soft_rot_5.jpg,bacterial_soft_rot,BACTERIAL SOFT ROT,256,256,492
images/bacterial_soft_rot/bacterial_soft_rot_346.jpg,bacterial_soft_rot,BACTERIAL SOFT ROT,256,256,831
images/bacterial_soft_rot/bacterial_soft_rot_716.jpg,bacterial_soft_rot,BACTERIAL SOFT ROT,256,256,561
images/bacterial_soft_rot/bacterial_soft_rot_203.jpg,bacterial_soft_rot,BACTERIAL SOFT ROT,256,256,420
images/bacterial_soft_rot/bacterial_soft_rot_653.jpg,bacterial_soft_rot,BACTERIAL SOFT ROT,256,256,832
images/bacterial_soft_rot/bacterial_soft_rot_444.jpg,bacterial_soft_rot,BACTERIAL SOFT ROT,256,256,696
images/bacterial_soft_rot/bacterial_soft_rot_917.jpg,bacterial_soft_rot,BACTERIAL SOFT ROT,256,256,416
images/bacterial_soft_rot/bacterial_soft_rot_852.jpg,bacterial_soft_rot,BACTERIAL SOFT ROT,256,256,438
images/bacterial_soft_rot/bacterial_soft_rot_501.jpg,bacterial_soft_rot,BACTERIAL SOFT ROT,256,256,833
images/bacterial_soft_rot/bacterial_soft_rot_151.jpg,bacterial_soft_rot,BACTERIAL SOFT ROT,256,256,834
images/bacterial_soft_rot/bacterial_soft_rot_278.jpg,bacterial_soft_rot,BACTERIAL SOFT ROT,256,256,835
images/bacterial_soft_rot/bacterial_soft_rot_1051.jpg,bacterial_soft_rot,BACTERIAL SOFT ROT,256,256,417
images/bacterial_soft_rot/bacterial_soft_rot_782.jpg,bacterial_soft_rot,BACTERIAL SOFT ROT,256,256,416
images/bacterial_soft_rot/bacterial_soft_rot_628.jpg,bacterial_soft_rot,BACTERIAL SOFT ROT,256,256,438
images/bacterial_soft_rot/bacterial_soft_rot_297.jpg,bacterial_soft_rot,BACTERIAL SOFT ROT,256,256,836
images/bacterial_soft_rot/bacterial_soft_rot_940.jpg,bacterial_soft_rot,BACTERIAL SOFT ROT,256,256,837
images/bacterial_soft_rot/bacterial_soft_rot_413.jpg,bacterial_soft_rot,BACTERIAL SOFT ROT,256,256,484
images/bacterial_soft_rot/bacterial_soft_rot_106.jpg,bacterial_soft_rot,BACTERIAL SOFT ROT,256,256,838
images/bacterial_soft_rot/bacterial_soft_rot_556.jpg,bacterial_soft_rot,BACTERIAL SOFT ROT,256,256,425
images/bacterial_soft_rot/bacterial_soft_rot_57.jpg,bacterial_soft_rot,BACTERIAL SOFT ROT,256,256,566
images/bacterial_soft_rot/bacterial_soft_rot_805.jpg,bacterial_soft_rot,BACTERIAL SOFT ROT,256,256,438
images/bacterial_soft_rot/bacterial_soft_rot_385.jpg,bacterial_soft_rot,BACTERIAL SOFT ROT,256,256,479
images/bacterial_soft_rot/bacterial_soft_rot_1006.jpg,bacterial_soft_rot,BACTERIAL SOFT ROT,256,256,839
images/bacterial_soft_rot/bacterial_soft_rot_690.jpg,bacterial_soft_rot,BACTERIAL SOFT ROT,256,256,422
images/bacterial_soft_rot/bacterial_soft_rot_405.jpg,bacterial_soft_rot,BACTERIAL SOFT ROT,256,256,476
images/bacterial_soft_rot/bacterial_soft_rot_956.jpg,bacterial_soft_rot,BACTERIAL SOFT ROT,256,256,840
images/bacterial_soft_rot/bacterial_soft_rot_813.jpg,bacterial_soft_rot,BACTERIAL SOFT ROT,256,256,438
images/bacterial_soft_rot/bacterial_soft_rot_41.jpg,bacterial_soft_rot,BACTERIAL SOFT ROT,256,256,474
images/bacterial_soft_rot/bacterial_soft_rot_540.jpg,bacterial_soft_rot,BACTERIAL SOFT ROT,256,256,841
images/bacterial_soft_rot/bacterial_soft_rot_110.jpg,bacterial_soft_rot,BACTERIAL SOFT ROT,256,256,842
images/bacterial_soft_rot/bacterial_soft_rot_239.jpg,bacterial_soft_rot,BACTERIAL SOFT ROT,256,256,431
images/bacterial_soft_rot/bacterial_soft_rot_1010.jpg,bacterial_soft_rot,BACTERIAL SOFT ROT,256,256,843
images/bacterial_soft_rot/bacterial_soft_rot_669.jpg,bacterial_soft_rot,BACTERIAL SOFT ROT,256,256,423
images/bacterial_soft_rot/bacterial_soft_rot_393.jpg,bacterial_soft_rot,BACTERIAL SOFT ROT,256,256,844
images/bacterial_soft_rot/bacterial_soft_rot_686.jpg,bacterial_soft_rot,BACTERIAL SOFT ROT,256,256,548
images/bacterial_soft_rot/bacterial_soft_rot_901.jpg,bacterial_soft_rot,BACTERIAL SOFT ROT,256,256,644
images/bacterial_soft_rot/bacterial_soft_rot_452.jpg,bacterial_soft_rot,BACTERIAL SOFT ROT,256,256,817
images/bacterial_soft_rot/bacterial_soft_rot_147.jpg,bacterial_soft_rot,BACTERIAL SOFT ROT,256,256,423
images/bacterial_soft_rot/bacterial_soft_rot_517.jpg,bacterial_soft_rot,BACTERIAL SOFT ROT,256,256,466
images/bacterial_soft_rot/bacterial_soft_rot_844.jpg,bacterial_soft_rot,BACTERIAL SOFT ROT,256,256,438
images/bacterial_soft_rot/bacterial_soft_rot_16.jpg,bacterial_soft_rot,BACTERIAL SOFT ROT,256,256,845
images/bacterial_soft_rot/bacterial_soft_rot_794.jpg,bacterial_soft_rot,BACTERIAL SOFT ROT,256,256,709
images/bacterial_soft_rot/bacterial_soft_rot_1047.jpg,bacterial_soft_rot,BACTERIAL SOFT ROT,256,256,417
images/bacterial_soft_rot/bacterial_soft_rot_281.jpg,bacterial_soft_rot,BACTERIAL SOFT ROT,256,256,846
images/bacterial_soft_rot/bacterial_soft_rot_1046.jpg,bacterial_soft_rot,BACTERIAL SOFT ROT,256,256,596
images/bacterial_soft_rot/bacterial_soft_rot_795.jpg,bacterial_soft_rot,BACTERIAL SOFT ROT,256,256,438
images/bacterial_soft_rot/bacterial_soft_rot_280.jpg,bacterial_soft_rot,BACTERIAL SOFT ROT,256,256,847
images/bacterial_soft_rot/bacterial_soft_rot_900.jpg,bacterial_soft_rot,BACTERIAL SOFT ROT,256,256,848
images/bacterial_soft_rot/bacterial_soft_rot_453.jpg,bacterial_soft_rot,BACTERIAL SOFT ROT,256,256,733
images/bacterial_soft_rot/bacterial_soft_rot_146.jpg,bacterial_soft_rot,BACTERIAL SOFT ROT,256,256,525
images/bacterial_soft_rot/bacterial_soft_rot_516.jpg,bacterial_soft_rot,BACTERIAL SOFT ROT,256,256,466
images/bacterial_soft_rot/bacterial_soft_rot_17.jpg,bacterial_soft_rot,BACTERIAL SOFT ROT,256,256,849
images/bacterial_soft_rot/bacterial_soft_rot_845.jpg,bacterial_soft_rot,BACTERIAL SOFT ROT,256,256,438
images/bacterial_soft_rot/bacterial_soft_rot_238.jpg,bacterial_soft_rot,BACTERIAL SOFT ROT,256,256,718
images/bacterial_soft_rot/bacterial_soft_rot_1011.jpg,bacterial_soft_rot,BACTERIAL SOFT ROT,256,256,592
images/bacterial_soft_rot/bacterial_soft_rot_668.jpg,bacterial_soft_rot,BACTERIAL SOFT ROT,256,256,438
images/bacterial_soft_rot/bacterial_soft_rot_392.jpg,bacterial_soft_rot,BACTERIAL SOFT ROT,256,256,850
images/bacterial_soft_rot/bacterial_soft_rot_687.jpg,bacterial_soft_rot,BACTERIAL SOFT ROT,256,256,548
images/bacterial_soft_rot/bacterial_soft_rot_404.jpg,bacterial_soft_rot,BACTERIAL SOFT ROT,256,256,780
images/bacterial_soft_rot/bacterial_soft_rot_957.jpg,bacterial_soft_rot,BACTERIAL SOFT ROT,256,256,851
images/bacterial_soft_rot/bacterial_soft_rot_40.jpg,bacterial_soft_rot,BACTERIAL SOFT ROT,256,256,474
images/bacterial_soft_rot/bacterial_soft_rot_812.jpg,bacterial_soft_rot,BACTERIAL SOFT ROT,256,256,438
images/bacterial_soft_rot/bacterial_soft_rot_541.jpg,bacterial_soft_rot,BACTERIAL SOFT ROT,256,256,472
images/bacterial_soft_rot/bacterial_soft_rot_111.jpg,bacterial_soft_rot,BACTERIAL SOFT ROT,256,256,746
images/bacterial_soft_rot/bacterial_soft_rot_384.jpg,bacterial_soft_rot,BACTERIAL SOFT ROT,256,256,454
images/bacterial_soft_rot/bacterial_soft_rot_1007.jpg,bacterial_soft_rot,BACTERIAL SOFT ROT,256,256,430
images/bacterial_soft_rot/bacterial_soft_rot_691.jpg,bacterial_soft_rot,BACTERIAL SOFT ROT,256,256,438
images/bacterial_soft_rot/bacterial_soft_rot_941.jpg,bacterial_soft_rot,BACTERIAL SOFT ROT,256,256,852
images/bacterial_soft_rot/bacterial_soft_rot_412.jpg,bacterial_soft_rot,BACTERIAL SOFT ROT,256,256,484
images/bacterial_soft_rot/bacterial_soft_rot_107.jpg,bacterial_soft_rot,BACTERIAL SOFT ROT,256,256,418
images/bacterial_soft_rot/bacterial_soft_rot_557.jpg,bacterial_soft_rot,BACTERIAL SOFT ROT,256,256,454
images/bacterial_soft_rot/bacterial_soft_rot_804.jpg,bacterial_soft_rot,BACTERIAL SOFT ROT,256,256,438
images/bacterial_soft_rot/bacterial_soft_rot_56.jpg,bacterial_soft_rot,BACTERIAL SOFT ROT,256,256,481
images/bacterial_soft_rot/bacterial_soft_rot_279.jpg,bacterial_soft_rot,BACTERIAL SOFT ROT,256,256,853
images/bacterial_soft_rot/bacterial_soft_rot_783.jpg,bacterial_soft_rot,BACTERIAL SOFT ROT,256,256,543
images/bacterial_soft_rot/bacterial_soft_rot_1050.jpg,bacterial_soft_rot,BACTERIAL SOFT ROT,256,256,417
images/bacterial_soft_rot/bacterial_soft_rot_629.jpg,bacterial_soft_rot,BACTERIAL SOFT ROT,256,256,438
images/bacterial_soft_rot/bacterial_soft_rot_296.jpg,bacterial_soft_rot,BACTERIAL SOFT ROT,256,256,854
images/bacterial_soft_rot/bacterial_soft_rot_445.jpg,bacterial_soft_rot,BACTERIAL SOFT ROT,256,256,817
images/bacterial_soft_rot/bacterial_soft_rot_916.jpg,bacterial_soft_rot,BACTERIAL SOFT ROT,256,256,416
images/bacterial_soft_rot/bacterial_soft_rot_853.jpg,bacterial_soft_rot,BACTERIAL SOFT ROT,256,256,438
images/bacterial_soft_rot/bacterial_soft_rot_500.jpg,bacterial_soft_rot,BACTERIAL SOFT ROT,256,256,855
images/bacterial_soft_rot/bacterial_soft_rot_150.jpg,bacterial_soft_rot,BACTERIAL SOFT ROT,256,256,856
images/bacterial_soft_rot/bacterial_soft_rot_4.jpg,bacterial_soft_rot,BACTERIAL SOFT ROT,256,256,857
images/bacterial_soft_rot/bacterial_soft_rot_347.jpg,bacterial_soft_rot,BACTERIAL SOFT ROT,256,256,576
images/bacterial_soft_rot/bacterial_soft_rot_717.jpg,bacterial_soft_rot,BACTERIAL SOFT ROT,256,256,505
images/bacterial_soft_rot/bacterial_soft_rot_202.jpg,bacterial_soft_rot,BACTERIAL SOFT ROT,256,256,420
images/bacterial_soft_rot/bacterial_soft_rot_652.jpg,bacterial_soft_rot,BACTERIAL SOFT ROT,256,256,480
images/bacterial_soft_rot/bacterial_soft_rot_982.jpg,bacterial_soft_rot,BACTERIAL SOFT ROT,256,256,858
images/bacterial_soft_rot/bacterial_soft_rot_828.jpg,bacterial_soft_rot,BACTERIAL SOFT ROT,256,256,438
images/bacterial_soft_rot/bacterial_soft_rot_594.jpg,bacterial_soft_rot,BACTERIAL SOFT ROT,256,256,690
images/bacterial_soft_rot/bacterial_soft_rot_95.jpg,bacterial_soft_rot,BACTERIAL SOFT ROT,256,256,859
images/bacterial_soft_rot/bacterial_soft_rot_740.jpg,bacterial_soft_rot,BACTERIAL SOFT ROT,256,256,429
images/bacterial_soft_rot/bacterial_soft_rot_310.jpg,bacterial_soft_rot,BACTERIAL SOFT ROT,256,256,860
images/bacterial_soft_rot/bacterial_soft_rot_605.jpg,bacterial_soft_rot,BACTERIAL SOFT ROT,256,256,438
images/bacterial_soft_rot/bacterial_soft_rot_255.jpg,bacterial_soft_rot,BACTERIAL SOFT ROT,256,256,416
images/bacterial_soft_rot/bacterial_soft_rot_486.jpg,bacterial_soft_rot,BACTERIAL SOFT ROT,256,256,446
images/bacterial_soft_rot/bacterial_soft_rot_890.jpg,bacterial_soft_rot,BACTERIAL SOFT ROT,256,256,827
images/bacterial_soft_rot/bacterial_soft_rot_469.jpg,bacterial_soft_rot,BACTERIAL SOFT ROT,256,256,861
images/bacterial_soft_rot/bacterial_soft_rot_193.jpg,bacterial_soft_rot,BACTERIAL SOFT ROT,256,256,862
images/bacterial_soft_rot/bacterial_soft_rot_306.jpg,bacterial_soft_rot,BACTERIAL SOFT ROT,256,256,556
images/bacterial_soft_rot/bacterial_soft_rot_756.jpg,bacterial_soft_rot,BACTERIAL SOFT ROT,256,256,424
images/bacterial_soft_rot/bacterial_soft_rot_243.jpg,bacterial_soft_rot,BACTERIAL SOFT ROT,256,256,641
images/bacterial_soft_rot/bacterial_soft_rot_613.jpg,bacterial_soft_rot,BACTERIAL SOFT ROT,256,256,438
images/bacterial_soft_rot/bacterial_soft_rot_869.jpg,bacterial_soft_rot,BACTERIAL SOFT ROT,256,256,429
images/bacterial_soft_rot/bacterial_soft_rot_490.jpg,bacterial_soft_rot,BACTERIAL SOFT ROT,256,256,863
images/bacterial_soft_rot/bacterial_soft_rot_185.jpg,bacterial_soft_rot,BACTERIAL SOFT ROT,256,256,509
images/bacterial_soft_rot/bacterial_soft_rot_886.jpg,bacterial_soft_rot,BACTERIAL SOFT ROT,256,256,508
images/bacterial_soft_rot/bacterial_soft_rot_701.jpg,bacterial_soft_rot,BACTERIAL SOFT ROT,256,256,417
images/bacterial_soft_rot/bacterial_soft_rot_351.jpg,bacterial_soft_rot,BACTERIAL SOFT ROT,256,256,864
images/bacterial_soft_rot/bacterial_soft_rot_644.jpg,bacterial_soft_rot,BACTERIAL SOFT ROT,256,256,534
images/bacterial_soft_rot/bacterial_soft_rot_214.jpg,bacterial_soft_rot,BACTERIAL SOFT ROT,256,256,429
images/bacterial_soft_rot/bacterial_soft_rot_994.jpg,bacterial_soft_rot,BACTERIAL SOFT ROT,256,256,622
images/bacterial_soft_rot/bacterial_soft_rot_83.jpg,bacterial_soft_rot,BACTERIAL SOFT ROT,256,256,865
images/bacterial_soft_rot/bacterial_soft_rot_582.jpg,bacterial_soft_rot,BACTERIAL SOFT ROT,256,256,515
images/bacterial_soft_rot/bacterial_soft_rot_428.jpg,bacterial_soft_rot,BACTERIAL SOFT ROT,256,256,866
images/bacterial_soft_rot/bacterial_soft_rot_849.jpg,bacterial_soft_rot,BACTERIAL SOFT ROT,256,256,438
images/bacterial_soft_rot/bacterial_soft_rot_263.jpg,bacterial_soft_rot,BACTERIAL SOFT ROT,256,256,867
images/bacterial_soft_rot/bacterial_soft_rot_799.jpg,bacterial_soft_rot,BACTERIAL SOFT ROT,256,256,438
images/bacterial_soft_rot/bacterial_soft_rot_633.jpg,bacterial_soft_rot,BACTERIAL SOFT ROT,256,256,842
images/bacterial_soft_rot/bacterial_soft_rot_326.jpg,bacterial_soft_rot,BACTERIAL SOFT ROT,256,256,868
images/bacterial_soft_rot/bacterial_soft_rot_776.jpg,bacterial_soft_rot,BACTERIAL SOFT ROT,256,256,416
images/bacterial_soft_rot/bacterial_soft_rot_408.jpg,bacterial_soft_rot,BACTERIAL SOFT ROT,256,256,869
images/bacterial_soft_rot/bacterial_soft_rot_664.jpg,bacterial_soft_rot,BACTERIAL SOFT ROT,256,256,706
images/bacterial_soft_rot/bacterial_soft_rot_234.jpg,bacterial_soft_rot,BACTERIAL SOFT ROT,256,256,424
images/bacterial_soft_rot/bacterial_soft_rot_721.jpg,bacterial_soft_rot,BACTERIAL SOFT ROT,256,256,442
images/bacterial_soft_rot/bacterial_soft_rot_371.jpg,bacterial_soft_rot,BACTERIAL SOFT ROT,256,256,546
images/bacterial_soft_rot/bacterial_soft_rot_808.jpg,bacterial_soft_rot,BACTERIAL SOFT ROT,256,256,438
images/bacterial_soft_rot/bacterial_soft_rot_222.jpg,bacterial_soft_rot,BACTERIAL SOFT ROT,256,256,609
images/bacterial_soft_rot/bacterial_soft_rot_672.jpg,bacterial_soft_rot,BACTERIAL SOFT ROT,256,256,870
images/bacterial_soft_rot/bacterial_soft_rot_388.jpg,bacterial_soft_rot,BACTERIAL SOFT ROT,256,256,479
images/bacterial_soft_rot/bacterial_soft_rot_367.jpg,bacterial_soft_rot,BACTERIAL SOFT ROT,256,256,582
images/bacterial_soft_rot/bacterial_soft_rot_737.jpg,bacterial_soft_rot,BACTERIAL SOFT ROT,256,256,429
images/bacterial_soft_rot/bacterial_soft_rot_449.jpg,bacterial_soft_rot,BACTERIAL SOFT ROT,256,256,817
images/bacterial_soft_rot/bacterial_soft_rot_625.jpg,bacterial_soft_rot,BACTERIAL SOFT ROT,256,256,438
images/bacterial_soft_rot/bacterial_soft_rot_275.jpg,bacterial_soft_rot,BACTERIAL SOFT ROT,256,256,871
images/bacterial_soft_rot/bacterial_soft_rot_760.jpg,bacterial_soft_rot,BACTERIAL SOFT ROT,256,256,718
images/bacterial_soft_rot/bacterial_soft_rot_330.jpg,bacterial_soft_rot,BACTERIAL SOFT ROT,256,256,872
images/bacterial_soft_rot/bacterial_soft_rot_127.jpg,bacterial_soft_rot,BACTERIAL SOFT ROT,256,256,873
images/bacterial_soft_rot/bacterial_soft_rot_577.jpg,bacterial_soft_rot,BACTERIAL SOFT ROT,256,256,496
images/bacterial_soft_rot/bacterial_soft_rot_824.jpg,bacterial_soft_rot,BACTERIAL SOFT ROT,256,256,438
images/bacterial_soft_rot/bacterial_soft_rot_76.jpg,bacterial_soft_rot,BACTERIAL SOFT ROT,256,256,439
images/bacterial_soft_rot/bacterial_soft_rot_961.jpg,bacterial_soft_rot,BACTERIAL SOFT ROT,256,256,874
images/bacterial_soft_rot/bacterial_soft_rot_99.jpg,bacterial_soft_rot,BACTERIAL SOFT ROT,256,256,667
images/bacterial_soft_rot/bacterial_soft_rot_598.jpg,bacterial_soft_rot,BACTERIAL SOFT ROT,256,256,438
images/bacterial_soft_rot/bacterial_soft_rot_432.jpg,bacterial_soft_rot,BACTERIAL SOFT ROT,256,256,875
images/bacterial_soft_rot/bacterial_soft_rot_8.jpg,bacterial_soft_rot,BACTERIAL SOFT ROT,256,256,876
images/bacterial_soft_rot/bacterial_soft_rot_1027.jpg,bacterial_soft_rot,BACTERIAL SOFT ROT,256,256,491
images/bacterial_soft_rot/bacterial_soft_rot_873.jpg,bacterial_soft_rot,BACTERIAL SOFT ROT,256,256,429
images/bacterial_soft_rot/bacterial_soft_rot_21.jpg,bacterial_soft_rot,BACTERIAL SOFT ROT,256,256,877
images/bacterial_soft_rot/bacterial_soft_rot_520.jpg,bacterial_soft_rot,BACTERIAL SOFT ROT,256,256,411
images/bacterial_soft_rot/bacterial_soft_rot_170.jpg,bacterial_soft_rot,BACTERIAL SOFT ROT,256,256,417
images/bacterial_soft_rot/bacterial_soft_rot_465.jpg,bacterial_soft_rot,BACTERIAL SOFT ROT,256,256,878
images/bacterial_soft_rot/bacterial_soft_rot_936.jpg,bacterial_soft_rot,BACTERIAL SOFT ROT,256,256,879
images/bacterial_soft_rot/bacterial_soft_rot_259.jpg,bacterial_soft_rot,BACTERIAL SOFT ROT,256,256,543
images/bacterial_soft_rot/bacterial_soft_rot_1070.jpg,bacterial_soft_rot,BACTERIAL SOFT ROT,256,256,442
images/bacterial_soft_rot/bacterial_soft_rot_609.jpg,bacterial_soft_rot,BACTERIAL SOFT ROT,256,256,438
images/bacterial_soft_rot/bacterial_soft_rot_166.jpg,bacterial_soft_rot,BACTERIAL SOFT ROT,256,256,511
images/bacterial_soft_rot/bacterial_soft_rot_536.jpg,bacterial_soft_rot,BACTERIAL SOFT ROT,256,256,880
images/bacterial_soft_rot/bacterial_soft_rot_37.jpg,bacterial_soft_rot,BACTERIAL SOFT ROT,256,256,513
images/bacterial_soft_rot/bacterial_soft_rot_865.jpg,bacterial_soft_rot,BACTERIAL SOFT ROT,256,256,879
images/bacterial_soft_rot/bacterial_soft_rot_920.jpg,bacterial_soft_rot,BACTERIAL SOFT ROT,256,256,881
images/bacterial_soft_rot/bacterial_soft_rot_473.jpg,bacterial_soft_rot,BACTERIAL SOFT ROT,256,256,614
images/bacterial_soft_rot/bacterial_soft_rot_189.jpg,bacterial_soft_rot,BACTERIAL SOFT ROT,256,256,862
images/bacterial_soft_rot/bacterial_soft_rot_1066.jpg,bacterial_soft_rot,BACTERIAL SOFT ROT,256,256,539
images/bacterial_soft_rot/bacterial_soft_rot_998.jpg,bacterial_soft_rot,BACTERIAL SOFT ROT,256,256,518
images/bacterial_soft_rot/bacterial_soft_rot_60.jpg,bacterial_soft_rot,BACTERIAL SOFT ROT,256,256,427
images/bacterial_soft_rot/bacterial_soft_rot_832.jpg,bacterial_soft_rot,BACTERIAL SOFT ROT,256,256,438
images/bacterial_soft_rot/bacterial_soft_rot_561.jpg,bacterial_soft_rot,BACTERIAL SOFT ROT,256,256,459
images/bacterial_soft_rot/bacterial_soft_rot_131.jpg,bacterial_soft_rot,BACTERIAL SOFT ROT,256,256,882
images/bacterial_soft_rot/bacterial_soft_rot_424.jpg,bacterial_soft_rot,BACTERIAL SOFT ROT,256,256,484
images/bacterial_soft_rot/bacterial_soft_rot_977.jpg,bacterial_soft_rot,BACTERIAL SOFT ROT,256,256,516
images/bacterial_soft_rot/bacterial_soft_rot_218.jpg,bacterial_soft_rot,BACTERIAL SOFT ROT,256,256,429
images/bacterial_soft_rot/bacterial_soft_rot_1031.jpg,bacterial_soft_rot,BACTERIAL SOFT ROT,256,256,488
images/bacterial_soft_rot/bacterial_soft_rot_648.jpg,bacterial_soft_rot,BACTERIAL SOFT ROT,256,256,883
images/black_sigatoka/black_sigatoka_0001_206.jpg,black_sigatoka,BLACK SIGATOKA,256,256,884
images/black_sigatoka/black_sigatoka_0001_343.jpg,black_sigatoka,BLACK SIGATOKA,256,256,885
images/black_sigatoka/black_sigatoka_0001_68.jpg,black_sigatoka,BLACK SIGATOKA,256,256,886
images/black_sigatoka/black_sigatoka_0001_87.jpg,black_sigatoka,BLACK SIGATOKA,256,256,887
images/black_sigatoka/black_sigatoka_0001_251.jpg,black_sigatoka,BLACK SIGATOKA,256,256,888
images/black_sigatoka/black_sigatoka_0001_314.jpg,black_sigatoka,BLACK SIGATOKA,256,256,889
images/black_sigatoka/black_sigatoka_0001_197.jpg,black_sigatoka,BLACK SIGATOKA,256,256,890
images/black_sigatoka/black_sigatoka_0001_178.jpg,black_sigatoka,BLACK SIGATOKA,256,256,891
images/black_sigatoka/black_sigatoka_0001_247.jpg,black_sigatoka,BLACK SIGATOKA,256,256,892
images/black_sigatoka/black_sigatoka_0001_302.jpg,black_sigatoka,BLACK SIGATOKA,256,256,893
images/black_sigatoka/black_sigatoka_0001_29.jpg,black_sigatoka,BLACK SIGATOKA,256,256,894
images/black_sigatoka/black_sigatoka_0001_181.jpg,black_sigatoka,BLACK SIGATOKA,256,256,895
images/black_sigatoka/black_sigatoka_0001_210.jpg,black_sigatoka,BLACK SIGATOKA,256,256,896
images/black_sigatoka/black_sigatoka_0001_355.jpg,black_sigatoka,BLACK SIGATOKA,256,256,897
images/black_sigatoka/black_sigatoka_0001_91.jpg,black_sigatoka,BLACK SIGATOKA,256,256,887
images/black_sigatoka/black_sigatoka_0001_139.jpg,black_sigatoka,BLACK SIGATOKA,256,256,898
images/black_sigatoka/black_sigatoka_0001_284.jpg,black_sigatoka,BLACK SIGATOKA,256,256,899
images/black_sigatoka/black_sigatoka_0001_142.jpg,black_sigatoka,BLACK SIGATOKA,256,256,900
images/black_sigatoka/black_sigatoka_0001_457.jpg,black_sigatoka,BLACK SIGATOKA,256,256,901
images/black_sigatoka/black_sigatoka_0001_379.jpg,black_sigatoka,BLACK SIGATOKA,256,256,886
images/black_sigatoka/black_sigatoka_0001_396.jpg,black_sigatoka,BLACK SIGATOKA,256,256,902
images/black_sigatoka/black_sigatoka_0001_115.jpg,black_sigatoka,BLACK SIGATOKA,256,256,894
images/black_sigatoka/black_sigatoka_0001_52.jpg,black_sigatoka,BLACK SIGATOKA,256,256,903
images/black_sigatoka/black_sigatoka_0001_400.jpg,black_sigatoka,BLACK SIGATOKA,256,256,904
images/black_sigatoka/black_sigatoka_0001_380.jpg,black_sigatoka,BLACK SIGATOKA,256,256,905
images/black_sigatoka/black_sigatoka_0001_103.jpg,black_sigatoka,BLACK SIGATOKA,256,256,906
images/black_sigatoka/black_sigatoka_0001_416.jpg,black_sigatoka,BLACK SIGATOKA,256,256,907
images/black_sigatoka/black_sigatoka_0001_44.jpg,black_sigatoka,BLACK SIGATOKA,256,256,908
images/black_sigatoka/black_sigatoka_0001_338.jpg,black_sigatoka,BLACK SIGATOKA,256,256,909
images/black_sigatoka/black_sigatoka_0001_292.jpg,black_sigatoka,BLACK SIGATOKA,256,256,910
images/black_sigatoka/black_sigatoka_0001_154.jpg,black_sigatoka,BLACK SIGATOKA,256,256,911
images/black_sigatoka/black_sigatoka_0001_13.jpg,black_sigatoka,BLACK SIGATOKA,256,256,886
images/black_sigatoka/black_sigatoka_0001_441.jpg,black_sigatoka,BLACK SIGATOKA,256,256,886
images/black_sigatoka/black_sigatoka_0001_436.jpg,black_sigatoka,BLACK SIGATOKA,256,256,886
images/black_sigatoka/black_sigatoka_0001_64.jpg,black_sigatoka,BLACK SIGATOKA,256,256,912
images/black_sigatoka/black_sigatoka_0001_123.jpg,black_sigatoka,BLACK SIGATOKA,256,256,913
images/black_sigatoka/black_sigatoka_0001_33.jpg,black_sigatoka,BLACK SIGATOKA,256,256,914
images/black_sigatoka/black_sigatoka_0001_461.jpg,black_sigatoka,BLACK SIGATOKA,256,256,915
images/black_sigatoka/black_sigatoka_0001_174.jpg,black_sigatoka,BLACK SIGATOKA,256,256,916
images/black_sigatoka/black_sigatoka_0001_318.jpg,black_sigatoka,BLACK SIGATOKA,256,256,917
images/black_sigatoka/black_sigatoka_0001_25.jpg,black_sigatoka,BLACK SIGATOKA,256,256,894
images/black_sigatoka/black_sigatoka_0001_162.jpg,black_sigatoka,BLACK SIGATOKA,256,256,918
images/black_sigatoka/black_sigatoka_0001_72.jpg,black_sigatoka,BLACK SIGATOKA,256,256,901
images/black_sigatoka/black_sigatoka_0001_420.jpg,black_sigatoka,BLACK SIGATOKA,256,256,886
images/black_sigatoka/black_sigatoka_0001_135.jpg,black_sigatoka,BLACK SIGATOKA,256,256,886
images/black_sigatoka/black_sigatoka_0001_359.jpg,black_sigatoka,BLACK SIGATOKA,256,256,919
images/black_sigatoka/black_sigatoka_0001_322.jpg,black_sigatoka,BLACK SIGATOKA,256,256,917
images/black_sigatoka/black_sigatoka_0001_288.jpg,black_sigatoka,BLACK SIGATOKA,256,256,920
images/black_sigatoka/black_sigatoka_0001_267.jpg,black_sigatoka,BLACK SIGATOKA,256,256,921
images/black_sigatoka/black_sigatoka_0001_119.jpg,black_sigatoka,BLACK SIGATOKA,256,256,922
images/black_sigatoka/black_sigatoka_0001_375.jpg,black_sigatoka,BLACK SIGATOKA,256,256,923
images/black_sigatoka/black_sigatoka_0001_230.jpg,black_sigatoka,BLACK SIGATOKA,256,256,924
images/black_sigatoka/black_sigatoka_0001_48.jpg,black_sigatoka,BLACK SIGATOKA,256,256,925
images/black_sigatoka/black_sigatoka_0001_363.jpg,black_sigatoka,BLACK SIGATOKA,256,256,913
images/black_sigatoka/black_sigatoka_0001_226.jpg,black_sigatoka,BLACK SIGATOKA,256,256,924
images/black_sigatoka/black_sigatoka_0001_158.jpg,black_sigatoka,BLACK SIGATOKA,256,256,926
images/black_sigatoka/black_sigatoka_0001_334.jpg,black_sigatoka,BLACK SIGATOKA,256,256,886
images/black_sigatoka/black_sigatoka_0001_271.jpg,black_sigatoka,BLACK SIGATOKA,256,256,927
images/black_sigatoka/black_sigatoka_0001_335.jpg,black_sigatoka,BLACK SIGATOKA,256,256,886
images/black_sigatoka/black_sigatoka_0001_270.jpg,black_sigatoka,BLACK SIGATOKA,256,256,928
images/black_sigatoka/black_sigatoka_0001_159.jpg,black_sigatoka,BLACK SIGATOKA,256,256,926
images/black_sigatoka/black_sigatoka_0001_362.jpg,black_sigatoka,BLACK SIGATOKA,256,256,913
images/black_sigatoka/black_sigatoka_0001_227.jpg,black_sigatoka,BLACK SIGATOKA,256,256,924
images/black_sigatoka/black_sigatoka_0001_49.jpg,black_sigatoka,BLACK SIGATOKA,256,256,929
images/black_sigatoka/black_sigatoka_0001_374.jpg,black_sigatoka,BLACK SIGATOKA,256,256,929
images/black_sigatoka/black_sigatoka_0001_231.jpg,black_sigatoka,BLACK SIGATOKA,256,256,930
images/black_sigatoka/black_sigatoka_0001_118.jpg,black_sigatoka,BLACK SIGATOKA,256,256,931
images/black_sigatoka/black_sigatoka_0001_323.jpg,black_sigatoka,BLACK SIGATOKA,256,256,886
images/black_sigatoka/black_sigatoka_0001_289.jpg,black_sigatoka,BLACK SIGATOKA,256,256,932
images/black_sigatoka/black_sigatoka_0001_266.jpg,black_sigatoka,BLACK SIGATOKA,256,256,933
images/black_sigatoka/black_sigatoka_0001_358.jpg,black_sigatoka,BLACK SIGATOKA,256,256,934
images/black_sigatoka/black_sigatoka_0001_73.jpg,black_sigatoka,BLACK SIGATOKA,256,256,915
images/black_sigatoka/black_sigatoka_0001_1.jpg,black_sigatoka,BLACK SIGATOKA,256,256,886
images/black_sigatoka/black_sigatoka_0001_421.jpg,black_sigatoka,BLACK SIGATOKA,256,256,886
images/black_sigatoka/black_sigatoka_0001_134.jpg,black_sigatoka,BLACK SIGATOKA,256,256,935
images/black_sigatoka/black_sigatoka_0001_24.jpg,black_sigatoka,BLACK SIGATOKA,256,256,886
images/black_sigatoka/black_sigatoka_0001_163.jpg,black_sigatoka,BLACK SIGATOKA,256,256,936
images/black_sigatoka/black_sigatoka_0001_319.jpg,black_sigatoka,BLACK SIGATOKA,256,256,917
images/black_sigatoka/black_sigatoka_0001_32.jpg,black_sigatoka,BLACK SIGATOKA,256,256,937
images/black_sigatoka/black_sigatoka_0001_460.jpg,black_sigatoka,BLACK SIGATOKA,256,256,915
images/black_sigatoka/black_sigatoka_0001_175.jpg,black_sigatoka,BLACK SIGATOKA,256,256,891
images/black_sigatoka/black_sigatoka_0001_437.jpg,black_sigatoka,BLACK SIGATOKA,256,256,886
images/black_sigatoka/black_sigatoka_0001_65.jpg,black_sigatoka,BLACK SIGATOKA,256,256,938
images/black_sigatoka/black_sigatoka_0001_122.jpg,black_sigatoka,BLACK SIGATOKA,256,256,939
images/black_sigatoka/black_sigatoka_0001_155.jpg,black_sigatoka,BLACK SIGATOKA,256,256,926
images/black_sigatoka/black_sigatoka_0001_12.jpg,black_sigatoka,BLACK SIGATOKA,256,256,909
images/black_sigatoka/black_sigatoka_0001_440.jpg,black_sigatoka,BLACK SIGATOKA,256,256,940
images/black_sigatoka/black_sigatoka_0001_339.jpg,black_sigatoka,BLACK SIGATOKA,256,256,909
images/black_sigatoka/black_sigatoka_0001_293.jpg,black_sigatoka,BLACK SIGATOKA,256,256,941
images/black_sigatoka/black_sigatoka_0001_102.jpg,black_sigatoka,BLACK SIGATOKA,256,256,909
images/black_sigatoka/black_sigatoka_0001_417.jpg,black_sigatoka,BLACK SIGATOKA,191,229,942
images/black_sigatoka/black_sigatoka_0001_45.jpg,black_sigatoka,BLACK SIGATOKA,256,256,908
images/black_sigatoka/black_sigatoka_0001_381.jpg,black_sigatoka,BLACK SIGATOKA,256,256,943
images/black_sigatoka/black_sigatoka_0001_114.jpg,black_sigatoka,BLACK SIGATOKA,256,256,894
images/black_sigatoka/black_sigatoka_0001_53.jpg,black_sigatoka,BLACK SIGATOKA,256,256,944
images/black_sigatoka/black_sigatoka_0001_401.jpg,black_sigatoka,BLACK SIGATOKA,256,256,886
images/black_sigatoka/black_sigatoka_0001_378.jpg,black_sigatoka,BLACK SIGATOKA,256,256,944
images/black_sigatoka/black_sigatoka_0001_397.jpg,black_sigatoka,BLACK SIGATOKA,256,256,945
images/black_sigatoka/black_sigatoka_0001_143.jpg,black_sigatoka,BLACK SIGATOKA,256,256,946
images/black_sigatoka/black_sigatoka_0001_456.jpg,black_sigatoka,BLACK SIGATOKA,256,256,901
images/black_sigatoka/black_sigatoka_0001_285.jpg,black_sigatoka,BLACK SIGATOKA,256,256,947
images/black_sigatoka/black_sigatoka_0001_90.jpg,black_sigatoka,BLACK SIGATOKA,256,256,886
images/black_sigatoka/black_sigatoka_0001_138.jpg,black_sigatoka,BLACK SIGATOKA,256,256,923
images/black_sigatoka/black_sigatoka_0001_211.jpg,black_sigatoka,BLACK SIGATOKA,256,256,896
images/black_sigatoka/black_sigatoka_0001_354.jpg,black_sigatoka,BLACK SIGATOKA,256,256,948
images/black_sigatoka/black_sigatoka_0001_28.jpg,black_sigatoka,BLACK SIGATOKA,256,256,894
images/black_sigatoka/black_sigatoka_0001_180.jpg,black_sigatoka,BLACK SIGATOKA,256,256,891
images/black_sigatoka/black_sigatoka_0001_246.jpg,black_sigatoka,BLACK SIGATOKA,256,256,886
images/black_sigatoka/black_sigatoka_0001_303.jpg,black_sigatoka,BLACK SIGATOKA,256,256,949
images/black_sigatoka/black_sigatoka_0001_196.jpg,black_sigatoka,BLACK SIGATOKA,256,256,950
images/black_sigatoka/black_sigatoka_0001_179.jpg,black_sigatoka,BLACK SIGATOKA,256,256,886
images/black_sigatoka/black_sigatoka_0001_250.jpg,black_sigatoka,BLACK SIGATOKA,256,256,888
images/black_sigatoka/black_sigatoka_0001_315.jpg,black_sigatoka,BLACK SIGATOKA,256,256,951
images/black_sigatoka/black_sigatoka_0001_69.jpg,black_sigatoka,BLACK SIGATOKA,256,256,901
images/black_sigatoka/black_sigatoka_0001_86.jpg,black_sigatoka,BLACK SIGATOKA,256,256,887
images/black_sigatoka/black_sigatoka_0001_207.jpg,black_sigatoka,BLACK SIGATOKA,256,256,952
images/black_sigatoka/black_sigatoka_0001_342.jpg,black_sigatoka,BLACK SIGATOKA,256,256,885
images/black_sigatoka/black_sigatoka_0001_62.jpg,black_sigatoka,BLACK SIGATOKA,256,256,953
images/black_sigatoka/black_sigatoka_0001_430.jpg,black_sigatoka,BLACK SIGATOKA,256,256,886
images/black_sigatoka/black_sigatoka_0001_125.jpg,black_sigatoka,BLACK SIGATOKA,256,256,913
images/black_sigatoka/black_sigatoka_0001_349.jpg,black_sigatoka,BLACK SIGATOKA,256,256,954
images/black_sigatoka/black_sigatoka_0001_467.jpg,black_sigatoka,BLACK SIGATOKA,256,256,917
images/black_sigatoka/black_sigatoka_0001_35.jpg,black_sigatoka,BLACK SIGATOKA,256,256,886
images/black_sigatoka/black_sigatoka_0001_172.jpg,black_sigatoka,BLACK SIGATOKA,256,256,955
images/black_sigatoka/black_sigatoka_0001_23.jpg,black_sigatoka,BLACK SIGATOKA,256,256,894
images/black_sigatoka/black_sigatoka_0001_471.jpg,black_sigatoka,BLACK SIGATOKA,256,256,917
images/black_sigatoka/black_sigatoka_0001_164.jpg,black_sigatoka,BLACK SIGATOKA,256,256,936
images/black_sigatoka/black_sigatoka_0001_308.jpg,black_sigatoka,BLACK SIGATOKA,256,256,901
images/black_sigatoka/black_sigatoka_0001_426.jpg,black_sigatoka,BLACK SIGATOKA,256,256,886
images/black_sigatoka/black_sigatoka_0001_6.jpg,black_sigatoka,BLACK SIGATOKA,256,256,956
images/black_sigatoka/black_sigatoka_0001_74.jpg,black_sigatoka,BLACK SIGATOKA,256,256,915
images/black_sigatoka/black_sigatoka_0001_133.jpg,black_sigatoka,BLACK SIGATOKA,256,256,902
images/black_sigatoka/black_sigatoka_0001_148.jpg,black_sigatoka,BLACK SIGATOKA,256,256,957
images/black_sigatoka/black_sigatoka_0001_324.jpg,black_sigatoka,BLACK SIGATOKA,256,256,958
images/black_sigatoka/black_sigatoka_0001_261.jpg,black_sigatoka,BLACK SIGATOKA,256,256,933
images/black_sigatoka/black_sigatoka_0001_58.jpg,black_sigatoka,BLACK SIGATOKA,256,256,959
images/black_sigatoka/black_sigatoka_0001_373.jpg,black_sigatoka,BLACK SIGATOKA,256,256,925
images/black_sigatoka/black_sigatoka_0001_236.jpg,black_sigatoka,BLACK SIGATOKA,256,256,930
images/black_sigatoka/black_sigatoka_0001_109.jpg,black_sigatoka,BLACK SIGATOKA,256,256,894
images/black_sigatoka/black_sigatoka_0001_365.jpg,black_sigatoka,BLACK SIGATOKA,256,256,960
images/black_sigatoka/black_sigatoka_0001_220.jpg,black_sigatoka,BLACK SIGATOKA,256,256,961
images/black_sigatoka/black_sigatoka_0001_19.jpg,black_sigatoka,BLACK SIGATOKA,256,256,962
images/black_sigatoka/black_sigatoka_0001_298.jpg,black_sigatoka,BLACK SIGATOKA,256,256,963
images/black_sigatoka/black_sigatoka_0001_332.jpg,black_sigatoka,BLACK SIGATOKA,256,256,964
images/black_sigatoka/black_sigatoka_0001_277.jpg,black_sigatoka,BLACK SIGATOKA,256,256,965
images/black_sigatoka/black_sigatoka_0001_200.jpg,black_sigatoka,BLACK SIGATOKA,256,256,890
images/black_sigatoka/black_sigatoka_0001_345.jpg,black_sigatoka,BLACK SIGATOKA,256,256,885
images/black_sigatoka/black_sigatoka_0001_81.jpg,black_sigatoka,BLACK SIGATOKA,256,256,917
images/black_sigatoka/black_sigatoka_0001_129.jpg,black_sigatoka,BLACK SIGATOKA,256,256,913
images/black_sigatoka/black_sigatoka_0001_257.jpg,black_sigatoka,BLACK SIGATOKA,256,256,886
images/black_sigatoka/black_sigatoka_0001_312.jpg,black_sigatoka,BLACK SIGATOKA,256,256,886
images/black_sigatoka/black_sigatoka_0001_39.jpg,black_sigatoka,BLACK SIGATOKA,256,256,913
images/black_sigatoka/black_sigatoka_0001_191.jpg,black_sigatoka,BLACK SIGATOKA,256,256,966
images/black_sigatoka/black_sigatoka_0001_241.jpg,black_sigatoka,BLACK SIGATOKA,256,256,967
images/black_sigatoka/black_sigatoka_0001_304.jpg,black_sigatoka,BLACK SIGATOKA,256,256,968
images/black_sigatoka/black_sigatoka_0001_187.jpg,black_sigatoka,BLACK SIGATOKA,256,256,969
images/black_sigatoka/black_sigatoka_0001_168.jpg,black_sigatoka,BLACK SIGATOKA,256,256,886
images/black_sigatoka/black_sigatoka_0001_216.jpg,black_sigatoka,BLACK SIGATOKA,256,256,970
images/black_sigatoka/black_sigatoka_0001_353.jpg,black_sigatoka,BLACK SIGATOKA,256,256,971
images/black_sigatoka/black_sigatoka_0001_78.jpg,black_sigatoka,BLACK SIGATOKA,256,256,915
images/black_sigatoka/black_sigatoka_0001_97.jpg,black_sigatoka,BLACK SIGATOKA,256,256,909
images/black_sigatoka/black_sigatoka_0001_282.jpg,black_sigatoka,BLACK SIGATOKA,256,256,972
images/black_sigatoka/black_sigatoka_0001_328.jpg,black_sigatoka,BLACK SIGATOKA,256,256,887
images/black_sigatoka/black_sigatoka_0001_144.jpg,black_sigatoka,BLACK SIGATOKA,256,256,973
images/black_sigatoka/black_sigatoka_0001_451.jpg,black_sigatoka,BLACK SIGATOKA,256,256,886
images/black_sigatoka/black_sigatoka_0001_390.jpg,black_sigatoka,BLACK SIGATOKA,256,256,886
images/black_sigatoka/black_sigatoka_0001_113.jpg,black_sigatoka,BLACK SIGATOKA,256,256,886
images/black_sigatoka/black_sigatoka_0001_406.jpg,black_sigatoka,BLACK SIGATOKA,256,256,974
images/black_sigatoka/black_sigatoka_0001_54.jpg,black_sigatoka,BLACK SIGATOKA,256,256,975
images/black_sigatoka/black_sigatoka_0001_369.jpg,black_sigatoka,BLACK SIGATOKA,256,256,908
images/black_sigatoka/black_sigatoka_0001_386.jpg,black_sigatoka,BLACK SIGATOKA,256,256,976
images/black_sigatoka/black_sigatoka_0001_105.jpg,black_sigatoka,BLACK SIGATOKA,256,256,885
images/black_sigatoka/black_sigatoka_0001_42.jpg,black_sigatoka,BLACK SIGATOKA,256,256,977
images/black_sigatoka/black_sigatoka_0001_410.jpg,black_sigatoka,BLACK SIGATOKA,256,256,978
images/black_sigatoka/black_sigatoka_0001_294.jpg,black_sigatoka,BLACK SIGATOKA,256,256,979
images/black_sigatoka/black_sigatoka_0001_152.jpg,black_sigatoka,BLACK SIGATOKA,256,256,980
images/black_sigatoka/black_sigatoka_0001_447.jpg,black_sigatoka,BLACK SIGATOKA,256,256,886
images/black_sigatoka/black_sigatoka_0001_15.jpg,black_sigatoka,BLACK SIGATOKA,256,256,909
images/black_sigatoka/black_sigatoka_0001_153.jpg,black_sigatoka,BLACK SIGATOKA,256,256,938
images/black_sigatoka/black_sigatoka_0001_446.jpg,black_sigatoka,BLACK SIGATOKA,256,256,886
images/black_sigatoka/black_sigatoka_0001_14.jpg,black_sigatoka,BLACK SIGATOKA,256,256,909
images/black_sigatoka/black_sigatoka_0001_295.jpg,black_sigatoka,BLACK SIGATOKA,256,256,981
images/black_sigatoka/black_sigatoka_0001_104.jpg,black_sigatoka,BLACK SIGATOKA,256,256,885
images/black_sigatoka/black_sigatoka_0001_43.jpg,black_sigatoka,BLACK SIGATOKA,256,256,908
images/black_sigatoka/black_sigatoka_0001_411.jpg,black_sigatoka,BLACK SIGATOKA,256,256,982
images/black_sigatoka/black_sigatoka_0001_368.jpg,black_sigatoka,BLACK SIGATOKA,256,256,886
images/black_sigatoka/black_sigatoka_0001_387.jpg,black_sigatoka,BLACK SIGATOKA,256,256,953
images/black_sigatoka/black_sigatoka_0001_112.jpg,black_sigatoka,BLACK SIGATOKA,256,256,886
images/black_sigatoka/black_sigatoka_0001_407.jpg,black_sigatoka,BLACK SIGATOKA,256,256,983
images/black_sigatoka/black_sigatoka_0001_55.jpg,black_sigatoka,BLACK SIGATOKA,256,256,984
images/black_sigatoka/black_sigatoka_0001_391.jpg,black_sigatoka,BLACK SIGATOKA,256,256,938
images/black_sigatoka/black_sigatoka_0001_145.jpg,black_sigatoka,BLACK SIGATOKA,256,256,985
images/black_sigatoka/black_sigatoka_0001_450.jpg,black_sigatoka,BLACK SIGATOKA,256,256,886
images/black_sigatoka/black_sigatoka_0001_283.jpg,black_sigatoka,BLACK SIGATOKA,256,256,972
images/black_sigatoka/black_sigatoka_0001_329.jpg,black_sigatoka,BLACK SIGATOKA,256,256,887
images/black_sigatoka/black_sigatoka_0001_79.jpg,black_sigatoka,BLACK SIGATOKA,256,256,886
images/black_sigatoka/black_sigatoka_0001_96.jpg,black_sigatoka,BLACK SIGATOKA,256,256,956
images/black_sigatoka/black_sigatoka_0001_217.jpg,black_sigatoka,BLACK SIGATOKA,256,256,961
images/black_sigatoka/black_sigatoka_0001_352.jpg,black_sigatoka,BLACK SIGATOKA,256,256,986
images/black_sigatoka/black_sigatoka_0001_186.jpg,black_sigatoka,BLACK SIGATOKA,256,256,969
images/black_sigatoka/black_sigatoka_0001_169.jpg,black_sigatoka,BLACK SIGATOKA,256,256,955
images/black_sigatoka/black_sigatoka_0001_240.jpg,black_sigatoka,BLACK SIGATOKA,256,256,967
images/black_sigatoka/black_sigatoka_0001_305.jpg,black_sigatoka,BLACK SIGATOKA,256,256,901
images/black_sigatoka/black_sigatoka_0001_38.jpg,black_sigatoka,BLACK SIGATOKA,256,256,913
images/black_sigatoka/black_sigatoka_0001_190.jpg,black_sigatoka,BLACK SIGATOKA,256,256,886
images/black_sigatoka/black_sigatoka_0001_256.jpg,black_sigatoka,BLACK SIGATOKA,256,256,987
images/black_sigatoka/black_sigatoka_0001_313.jpg,black_sigatoka,BLACK SIGATOKA,256,256,988
images/black_sigatoka/black_sigatoka_0001_80.jpg,black_sigatoka,BLACK SIGATOKA,256,256,915
images/black_sigatoka/black_sigatoka_0001_128.jpg,black_sigatoka,BLACK SIGATOKA,256,256,989
images/black_sigatoka/black_sigatoka_0001_201.jpg,black_sigatoka,BLACK SIGATOKA,256,256,886
images/black_sigatoka/black_sigatoka_0001_344.jpg,black_sigatoka,BLACK SIGATOKA,256,256,990
images/black_sigatoka/black_sigatoka_0001_299.jpg,black_sigatoka,BLACK SIGATOKA,256,256,991
images/black_sigatoka/black_sigatoka_0001_333.jpg,black_sigatoka,BLACK SIGATOKA,256,256,964
images/black_sigatoka/black_sigatoka_0001_276.jpg,black_sigatoka,BLACK SIGATOKA,256,256,992
images/black_sigatoka/black_sigatoka_0001_18.jpg,black_sigatoka,BLACK SIGATOKA,256,256,885
images/black_sigatoka/black_sigatoka_0001_364.jpg,black_sigatoka,BLACK SIGATOKA,256,256,913
images/black_sigatoka/black_sigatoka_0001_221.jpg,black_sigatoka,BLACK SIGATOKA,256,256,961
images/black_sigatoka/black_sigatoka_0001_108.jpg,black_sigatoka,BLACK SIGATOKA,256,256,993
images/black_sigatoka/black_sigatoka_0001_372.jpg,black_sigatoka,BLACK SIGATOKA,256,256,935
images/black_sigatoka/black_sigatoka_0001_237.jpg,black_sigatoka,BLACK SIGATOKA,256,256,994
images/black_sigatoka/black_sigatoka_0001_59.jpg,black_sigatoka,BLACK SIGATOKA,256,256,995
images/black_sigatoka/black_sigatoka_0001_325.jpg,black_sigatoka,BLACK SIGATOKA,256,256,887
images/black_sigatoka/black_sigatoka_0001_260.jpg,black_sigatoka,BLACK SIGATOKA,256,256,933
images/black_sigatoka/black_sigatoka_0001_149.jpg,black_sigatoka,BLACK SIGATOKA,256,256,996
images/black_sigatoka/black_sigatoka_0001_427.jpg,black_sigatoka,BLACK SIGATOKA,256,256,886
images/black_sigatoka/black_sigatoka_0001_7.jpg,black_sigatoka,BLACK SIGATOKA,256,256,956
images/black_sigatoka/black_sigatoka_0001_75.jpg,black_sigatoka,BLACK SIGATOKA,256,256,915
images/black_sigatoka/black_sigatoka_0001_132.jpg,black_sigatoka,BLACK SIGATOKA,256,256,902
images/black_sigatoka/black_sigatoka_0001_309.jpg,black_sigatoka,BLACK SIGATOKA,256,256,901
images/black_sigatoka/black_sigatoka_0001_22.jpg,black_sigatoka,BLACK SIGATOKA,256,256,894
images/black_sigatoka/black_sigatoka_0001_470.jpg,black_sigatoka,BLACK SIGATOKA,256,256,917
images/black_sigatoka/black_sigatoka_0001_165.jpg,black_sigatoka,BLACK SIGATOKA,256,256,918
images/black_sigatoka/black_sigatoka_0001_466.jpg,black_sigatoka,BLACK SIGATOKA,256,256,915
images/black_sigatoka/black_sigatoka_0001_34.jpg,black_sigatoka,BLACK SIGATOKA,256,256,939
images/black_sigatoka/black_sigatoka_0001_173.jpg,black_sigatoka,BLACK SIGATOKA,256,256,955
images/black_sigatoka/black_sigatoka_0001_348.jpg,black_sigatoka,BLACK SIGATOKA,256,256,997
images/black_sigatoka/black_sigatoka_0001_63.jpg,black_sigatoka,BLACK SIGATOKA,256,256,998
images/black_sigatoka/black_sigatoka_0001_431.jpg,black_sigatoka,BLACK SIGATOKA,256,256,886
images/black_sigatoka/black_sigatoka_0001_124.jpg,black_sigatoka,BLACK SIGATOKA,256,256,886
images/black_sigatoka/black_sigatoka_0001_275.jpg,black_sigatoka,BLACK SIGATOKA,256,256,992
images/black_sigatoka/black_sigatoka_0001_330.jpg,black_sigatoka,BLACK SIGATOKA,256,256,964
images/black_sigatoka/black_sigatoka_0001_449.jpg,black_sigatoka,BLACK SIGATOKA,256,256,886
images/black_sigatoka/black_sigatoka_0001_222.jpg,black_sigatoka,BLACK SIGATOKA,256,256,924
images/black_sigatoka/black_sigatoka_0001_388.jpg,black_sigatoka,BLACK SIGATOKA,256,256,998
images/black_sigatoka/black_sigatoka_0001_367.jpg,black_sigatoka,BLACK SIGATOKA,256,256,999
images/black_sigatoka/black_sigatoka_0001_234.jpg,black_sigatoka,BLACK SIGATOKA,256,256,930
images/black_sigatoka/black_sigatoka_0001_371.jpg,black_sigatoka,BLACK SIGATOKA,256,256,908
images/black_sigatoka/black_sigatoka_0001_408.jpg,black_sigatoka,BLACK SIGATOKA,256,256,1000
images/black_sigatoka/black_sigatoka_0001_263.jpg,black_sigatoka,BLACK SIGATOKA,256,256,933
images/black_sigatoka/black_sigatoka_0001_326.jpg,black_sigatoka,BLACK SIGATOKA,256,256,1001
images/black_sigatoka/black_sigatoka_0001_218.jpg,black_sigatoka,BLACK SIGATOKA,256,256,961
images/black_sigatoka/black_sigatoka_0001_131.jpg,black_sigatoka,BLACK SIGATOKA,256,256,902
images/black_sigatoka/black_sigatoka_0001_99.jpg,black_sigatoka,BLACK SIGATOKA,256,256,909
images/black_sigatoka/black_sigatoka_0001_4.jpg,black_sigatoka,BLACK SIGATOKA,256,256,887
images/black_sigatoka/black_sigatoka_0001_76.jpg,black_sigatoka,BLACK SIGATOKA,256,256,915
images/black_sigatoka/black_sigatoka_0001_424.jpg,black_sigatoka,BLACK SIGATOKA,256,256,886
images/black_sigatoka/black_sigatoka_0001_166.jpg,black_sigatoka,BLACK SIGATOKA,256,256,936
images/black_sigatoka/black_sigatoka_0001_473.jpg,black_sigatoka,BLACK SIGATOKA,256,256,887
images/black_sigatoka/black_sigatoka_0001_189.jpg,black_sigatoka,BLACK SIGATOKA,256,256,969
images/black_sigatoka/black_sigatoka_0001_21.jpg,black_sigatoka,BLACK SIGATOKA,256,256,993
images/black_sigatoka/black_sigatoka_0001_259.jpg,black_sigatoka,BLACK SIGATOKA,256,256,1002
images/black_sigatoka/black_sigatoka_0001_170.jpg,black_sigatoka,BLACK SIGATOKA,256,256,955
images/black_sigatoka/black_sigatoka_0001_37.jpg,black_sigatoka,BLACK SIGATOKA,256,256,913
images/black_sigatoka/black_sigatoka_0001_465.jpg,black_sigatoka,BLACK SIGATOKA,256,256,915
images/black_sigatoka/black_sigatoka_0001_127.jpg,black_sigatoka,BLACK SIGATOKA,256,256,913
images/black_sigatoka/black_sigatoka_0001_432.jpg,black_sigatoka,BLACK SIGATOKA,256,256,886
images/black_sigatoka/black_sigatoka_0001_60.jpg,black_sigatoka,BLACK SIGATOKA,256,256,1003
images/black_sigatoka/black_sigatoka_0001_17.jpg,black_sigatoka,BLACK SIGATOKA,256,256,885
images/black_sigatoka/black_sigatoka_0001_445.jpg,black_sigatoka,BLACK SIGATOKA,256,256,886
images/black_sigatoka/black_sigatoka_0001_150.jpg,black_sigatoka,BLACK SIGATOKA,256,256,1004
images/black_sigatoka/black_sigatoka_0001_279.jpg,black_sigatoka,BLACK SIGATOKA,256,256,886
images/black_sigatoka/black_sigatoka_0001_296.jpg,black_sigatoka,BLACK SIGATOKA,256,256,1005
images/black_sigatoka/black_sigatoka_0001_412.jpg,black_sigatoka,BLACK SIGATOKA,256,256,886
images/black_sigatoka/black_sigatoka_0001_40.jpg,black_sigatoka,BLACK SIGATOKA,256,256,1006
images/black_sigatoka/black_sigatoka_0001_107.jpg,black_sigatoka,BLACK SIGATOKA,256,256,885
images/black_sigatoka/black_sigatoka_0001_384.jpg,black_sigatoka,BLACK SIGATOKA,256,256,1007
images/black_sigatoka/black_sigatoka_0001_56.jpg,black_sigatoka,BLACK SIGATOKA,256,256,1008
images/black_sigatoka/black_sigatoka_0001_404.jpg,black_sigatoka,BLACK SIGATOKA,256,256,1009
images/black_sigatoka/black_sigatoka_0001_111.jpg,black_sigatoka,BLACK SIGATOKA,256,256,894
images/black_sigatoka/black_sigatoka_0001_238.jpg,black_sigatoka,BLACK SIGATOKA,256,256,967
images/black_sigatoka/black_sigatoka_0001_392.jpg,black_sigatoka,BLACK SIGATOKA,256,256,911
images/black_sigatoka/black_sigatoka_0001_453.jpg,black_sigatoka,BLACK SIGATOKA,256,256,886
images/black_sigatoka/black_sigatoka_0001_146.jpg,black_sigatoka,BLACK SIGATOKA,256,256,886
images/black_sigatoka/black_sigatoka_0001_280.jpg,black_sigatoka,BLACK SIGATOKA,256,256,1010
images/black_sigatoka/black_sigatoka_0001_95.jpg,black_sigatoka,BLACK SIGATOKA,256,256,956
images/black_sigatoka/black_sigatoka_0001_428.jpg,black_sigatoka,BLACK SIGATOKA,256,256,886
images/black_sigatoka/black_sigatoka_0001_8.jpg,black_sigatoka,BLACK SIGATOKA,256,256,956
images/black_sigatoka/black_sigatoka_0001_351.jpg,black_sigatoka,BLACK SIGATOKA,256,256,1011
images/black_sigatoka/black_sigatoka_0001_214.jpg,black_sigatoka,BLACK SIGATOKA,256,256,896
images/black_sigatoka/black_sigatoka_0001_185.jpg,black_sigatoka,BLACK SIGATOKA,256,256,969
images/black_sigatoka/black_sigatoka_0001_306.jpg,black_sigatoka,BLACK SIGATOKA,256,256,901
images/black_sigatoka/black_sigatoka_0001_243.jpg,black_sigatoka,BLACK SIGATOKA,256,256,892
images/black_sigatoka/black_sigatoka_0001_469.jpg,black_sigatoka,BLACK SIGATOKA,256,256,917
images/black_sigatoka/black_sigatoka_0001_193.jpg,black_sigatoka,BLACK SIGATOKA,256,256,1012
images/black_sigatoka/black_sigatoka_0001_310.jpg,black_sigatoka,BLACK SIGATOKA,256,256,1013
images/black_sigatoka/black_sigatoka_0001_255.jpg,black_sigatoka,BLACK SIGATOKA,256,256,1014
images/black_sigatoka/black_sigatoka_0001_83.jpg,black_sigatoka,BLACK SIGATOKA,256,256,917
images/black_sigatoka/black_sigatoka_0001_347.jpg,black_sigatoka,BLACK SIGATOKA,256,256,1015
images/black_sigatoka/black_sigatoka_0001_202.jpg,black_sigatoka,BLACK SIGATOKA,256,256,890
images/black_sigatoka/black_sigatoka_0001_346.jpg,black_sigatoka,BLACK SIGATOKA,256,256,886
images/black_sigatoka/black_sigatoka_0001_203.jpg,black_sigatoka,BLACK SIGATOKA,256,256,890
images/black_sigatoka/black_sigatoka_0001_82.jpg,black_sigatoka,BLACK SIGATOKA,256,256,917
images/black_sigatoka/black_sigatoka_0001_311.jpg,black_sigatoka,BLACK SIGATOKA,256,256,1016
images/black_sigatoka/black_sigatoka_0001_254.jpg,black_sigatoka,BLACK SIGATOKA,256,256,1014
images/black_sigatoka/black_sigatoka_0001_468.jpg,black_sigatoka,BLACK SIGATOKA,256,256,917
images/black_sigatoka/black_sigatoka_0001_192.jpg,black_sigatoka,BLACK SIGATOKA,256,256,1012
images/black_sigatoka/black_sigatoka_0001_307.jpg,black_sigatoka,BLACK SIGATOKA,256,256,901
images/black_sigatoka/black_sigatoka_0001_242.jpg,black_sigatoka,BLACK SIGATOKA,256,256,967
images/black_sigatoka/black_sigatoka_0001_184.jpg,black_sigatoka,BLACK SIGATOKA,256,256,895
images/black_sigatoka/black_sigatoka_0001_350.jpg,black_sigatoka,BLACK SIGATOKA,256,256,1011
images/black_sigatoka/black_sigatoka_0001_215.jpg,black_sigatoka,BLACK SIGATOKA,256,256,1017
images/black_sigatoka/black_sigatoka_0001_94.jpg,black_sigatoka,BLACK SIGATOKA,256,256,956
images/black_sigatoka/black_sigatoka_0001_429.jpg,black_sigatoka,BLACK SIGATOKA,256,256,886
images/black_sigatoka/black_sigatoka_0001_9.jpg,black_sigatoka,BLACK SIGATOKA,256,256,956
images/black_sigatoka/black_sigatoka_0001_281.jpg,black_sigatoka,BLACK SIGATOKA,256,256,972
images/black_sigatoka/black_sigatoka_0001_452.jpg,black_sigatoka,BLACK SIGATOKA,256,256,886
images/black_sigatoka/black_sigatoka_0001_147.jpg,black_sigatoka,BLACK SIGATOKA,256,256,1018
images/black_sigatoka/black_sigatoka_0001_239.jpg,black_sigatoka,BLACK SIGATOKA,256,256,994
images/black_sigatoka/black_sigatoka_0001_393.jpg,black_sigatoka,BLACK SIGATOKA,256,256,1019
images/black_sigatoka/black_sigatoka_0001_57.jpg,black_sigatoka,BLACK SIGATOKA,256,256,886
images/black_sigatoka/black_sigatoka_0001_405.jpg,black_sigatoka,BLACK SIGATOKA,256,256,1020
images/black_sigatoka/black_sigatoka_0001_110.jpg,black_sigatoka,BLACK SIGATOKA,256,256,894
images/black_sigatoka/black_sigatoka_0001_385.jpg,black_sigatoka,BLACK SIGATOKA,256,256,1003
images/black_sigatoka/black_sigatoka_0001_413.jpg,black_sigatoka,BLACK SIGATOKA,256,256,1021
images/black_sigatoka/black_sigatoka_0001_41.jpg,black_sigatoka,BLACK SIGATOKA,256,256,913
images/black_sigatoka/black_sigatoka_0001_106.jpg,black_sigatoka,BLACK SIGATOKA,256,256,962
images/black_sigatoka/black_sigatoka_0001_278.jpg,black_sigatoka,BLACK SIGATOKA,256,256,992
images/black_sigatoka/black_sigatoka_0001_297.jpg,black_sigatoka,BLACK SIGATOKA,256,256,1022
images/black_sigatoka/black_sigatoka_0001_16.jpg,black_sigatoka,BLACK SIGATOKA,256,256,906
images/black_sigatoka/black_sigatoka_0001_444.jpg,black_sigatoka,BLACK SIGATOKA,256,256,886
images/black_sigatoka/black_sigatoka_0001_151.jpg,black_sigatoka,BLACK SIGATOKA,256,256,998
images/black_sigatoka/black_sigatoka_0001_126.jpg,black_sigatoka,BLACK SIGATOKA,256,256,913
images/black_sigatoka/black_sigatoka_0001_433.jpg,black_sigatoka,BLACK SIGATOKA,256,256,886
images/black_sigatoka/black_sigatoka_0001_61.jpg,black_sigatoka,BLACK SIGATOKA,256,256,996
images/black_sigatoka/black_sigatoka_0001_171.jpg,black_sigatoka,BLACK SIGATOKA,256,256,955
images/black_sigatoka/black_sigatoka_0001_36.jpg,black_sigatoka,BLACK SIGATOKA,256,256,913
images/black_sigatoka/black_sigatoka_0001_464.jpg,black_sigatoka,BLACK SIGATOKA,256,256,886
images/black_sigatoka/black_sigatoka_0001_258.jpg,black_sigatoka,BLACK SIGATOKA,256,256,1014
images/black_sigatoka/black_sigatoka_0001_167.jpg,black_sigatoka,BLACK SIGATOKA,256,256,936
images/black_sigatoka/black_sigatoka_0001_472.jpg,black_sigatoka,BLACK SIGATOKA,256,256,887
images/black_sigatoka/black_sigatoka_0001_188.jpg,black_sigatoka,BLACK SIGATOKA,256,256,969
images/black_sigatoka/black_sigatoka_0001_20.jpg,black_sigatoka,BLACK SIGATOKA,256,256,885
images/black_sigatoka/black_sigatoka_0001_130.jpg,black_sigatoka,BLACK SIGATOKA,256,256,1023
images/black_sigatoka/black_sigatoka_0001_98.jpg,black_sigatoka,BLACK SIGATOKA,256,256,909
images/black_sigatoka/black_sigatoka_0001_5.jpg,black_sigatoka,BLACK SIGATOKA,256,256,887
images/black_sigatoka/black_sigatoka_0001_77.jpg,black_sigatoka,BLACK SIGATOKA,256,256,915
images/black_sigatoka/black_sigatoka_0001_425.jpg,black_sigatoka,BLACK SIGATOKA,256,256,886
images/black_sigatoka/black_sigatoka_0001_219.jpg,black_sigatoka,BLACK SIGATOKA,256,256,961
images/black_sigatoka/black_sigatoka_0001_262.jpg,black_sigatoka,BLACK SIGATOKA,256,256,933
images/black_sigatoka/black_sigatoka_0001_327.jpg,black_sigatoka,BLACK SIGATOKA,256,256,887
images/black_sigatoka/black_sigatoka_0001_409.jpg,black_sigatoka,BLACK SIGATOKA,256,256,1024
images/black_sigatoka/black_sigatoka_0001_235.jpg,black_sigatoka,BLACK SIGATOKA,256,256,886
images/black_sigatoka/black_sigatoka_0001_370.jpg,black_sigatoka,BLACK SIGATOKA,256,256,908
images/black_sigatoka/black_sigatoka_0001_223.jpg,black_sigatoka,BLACK SIGATOKA,256,256,886
images/black_sigatoka/black_sigatoka_0001_389.jpg,black_sigatoka,BLACK SIGATOKA,256,256,912
images/black_sigatoka/black_sigatoka_0001_366.jpg,black_sigatoka,BLACK SIGATOKA,256,256,913
images/black_sigatoka/black_sigatoka_0001_448.jpg,black_sigatoka,BLACK SIGATOKA,256,256,1025
images/black_sigatoka/black_sigatoka_0001_274.jpg,black_sigatoka,BLACK SIGATOKA,256,256,992
images/black_sigatoka/black_sigatoka_0001_331.jpg,black_sigatoka,BLACK SIGATOKA,256,256,964
images/black_sigatoka/black_sigatoka_0001_443.jpg,black_sigatoka,BLACK SIGATOKA,256,256,886
images/black_sigatoka/black_sigatoka_0001_11.jpg,black_sigatoka,BLACK SIGATOKA,256,256,909
images/black_sigatoka/black_sigatoka_0001_156.jpg,black_sigatoka,BLACK SIGATOKA,256,256,926
images/black_sigatoka/black_sigatoka_0001_290.jpg,black_sigatoka,BLACK SIGATOKA,256,256,886
images/black_sigatoka/black_sigatoka_0001_46.jpg,black_sigatoka,BLACK SIGATOKA,256,256,886
images/black_sigatoka/black_sigatoka_0001_414.jpg,black_sigatoka,BLACK SIGATOKA,256,256,1026
images/black_sigatoka/black_sigatoka_0001_101.jpg,black_sigatoka,BLACK SIGATOKA,256,256,886
images/black_sigatoka/black_sigatoka_0001_382.jpg,black_sigatoka,BLACK SIGATOKA,256,256,1027
images/black_sigatoka/black_sigatoka_0001_228.jpg,black_sigatoka,BLACK SIGATOKA,256,256,924
images/black_sigatoka/black_sigatoka_0001_402.jpg,black_sigatoka,BLACK SIGATOKA,256,256,1028
images/black_sigatoka/black_sigatoka_0001_50.jpg,black_sigatoka,BLACK SIGATOKA,256,256,923
images/black_sigatoka/black_sigatoka_0001_117.jpg,black_sigatoka,BLACK SIGATOKA,256,256,894
images/black_sigatoka/black_sigatoka_0001_394.jpg,black_sigatoka,BLACK SIGATOKA,256,256,1029
images/black_sigatoka/black_sigatoka_0001_455.jpg,black_sigatoka,BLACK SIGATOKA,256,256,901
images/black_sigatoka/black_sigatoka_0001_140.jpg,black_sigatoka,BLACK SIGATOKA,256,256,903
images/black_sigatoka/black_sigatoka_0001_269.jpg,black_sigatoka,BLACK SIGATOKA,256,256,1030
images/black_sigatoka/black_sigatoka_0001_286.jpg,black_sigatoka,BLACK SIGATOKA,256,256,1031
images/black_sigatoka/black_sigatoka_0001_93.jpg,black_sigatoka,BLACK SIGATOKA,256,256,956
images/black_sigatoka/black_sigatoka_0001_357.jpg,black_sigatoka,BLACK SIGATOKA,256,256,886
images/black_sigatoka/black_sigatoka_0001_212.jpg,black_sigatoka,BLACK SIGATOKA,256,256,886
images/black_sigatoka/black_sigatoka_0001_183.jpg,black_sigatoka,BLACK SIGATOKA,256,256,1032
images/black_sigatoka/black_sigatoka_0001_300.jpg,black_sigatoka,BLACK SIGATOKA,256,256,1033
images/black_sigatoka/black_sigatoka_0001_245.jpg,black_sigatoka,BLACK SIGATOKA,256,256,892
images/black_sigatoka/black_sigatoka_0001_195.jpg,black_sigatoka,BLACK SIGATOKA,256,256,1012
images/black_sigatoka/black_sigatoka_0001_316.jpg,black_sigatoka,BLACK SIGATOKA,256,256,988
images/black_sigatoka/black_sigatoka_0001_253.jpg,black_sigatoka,BLACK SIGATOKA,256,256,1034
images/black_sigatoka/black_sigatoka_0001_85.jpg,black_sigatoka,BLACK SIGATOKA,256,256,917
images/black_sigatoka/black_sigatoka_0001_438.jpg,black_sigatoka,BLACK SIGATOKA,256,256,886
images/black_sigatoka/black_sigatoka_0001_341.jpg,black_sigatoka,BLACK SIGATOKA,256,256,1035
images/black_sigatoka/black_sigatoka_0001_204.jpg,black_sigatoka,BLACK SIGATOKA,256,256,890
images/black_sigatoka/black_sigatoka_0001_273.jpg,black_sigatoka,BLACK SIGATOKA,256,256,992
images/black_sigatoka/black_sigatoka_0001_336.jpg,black_sigatoka,BLACK SIGATOKA,256,256,909
images/black_sigatoka/black_sigatoka_0001_224.jpg,black_sigatoka,BLACK SIGATOKA,256,256,886
images/black_sigatoka/black_sigatoka_0001_361.jpg,black_sigatoka,BLACK SIGATOKA,256,256,913
images/black_sigatoka/black_sigatoka_0001_418.jpg,black_sigatoka,BLACK SIGATOKA,256,256,886
images/black_sigatoka/black_sigatoka_0001_398.jpg,black_sigatoka,BLACK SIGATOKA,256,256,1036
images/black_sigatoka/black_sigatoka_0001_232.jpg,black_sigatoka,BLACK SIGATOKA,256,256,930
images/black_sigatoka/black_sigatoka_0001_377.jpg,black_sigatoka,BLACK SIGATOKA,256,256,903
images/black_sigatoka/black_sigatoka_0001_265.jpg,black_sigatoka,BLACK SIGATOKA,256,256,933
images/black_sigatoka/black_sigatoka_0001_320.jpg,black_sigatoka,BLACK SIGATOKA,256,256,917
images/black_sigatoka/black_sigatoka_0001_459.jpg,black_sigatoka,BLACK SIGATOKA,256,256,915
images/black_sigatoka/black_sigatoka_0001_137.jpg,black_sigatoka,BLACK SIGATOKA,256,256,1037
images/black_sigatoka/black_sigatoka_0001_422.jpg,black_sigatoka,BLACK SIGATOKA,256,256,886
images/black_sigatoka/black_sigatoka_0001_70.jpg,black_sigatoka,BLACK SIGATOKA,256,256,901
images/black_sigatoka/black_sigatoka_0001_2.jpg,black_sigatoka,BLACK SIGATOKA,256,256,886
images/black_sigatoka/black_sigatoka_0001_249.jpg,black_sigatoka,BLACK SIGATOKA,256,256,888
images/black_sigatoka/black_sigatoka_0001_160.jpg,black_sigatoka,BLACK SIGATOKA,256,256,926
images/black_sigatoka/black_sigatoka_0001_27.jpg,black_sigatoka,BLACK SIGATOKA,256,256,894
images/black_sigatoka/black_sigatoka_0001_176.jpg,black_sigatoka,BLACK SIGATOKA,256,256,891
images/black_sigatoka/black_sigatoka_0001_463.jpg,black_sigatoka,BLACK SIGATOKA,256,256,915
images/black_sigatoka/black_sigatoka_0001_199.jpg,black_sigatoka,BLACK SIGATOKA,256,256,890
images/black_sigatoka/black_sigatoka_0001_31.jpg,black_sigatoka,BLACK SIGATOKA,256,256,1038
images/black_sigatoka/black_sigatoka_0001_208.jpg,black_sigatoka,BLACK SIGATOKA,256,256,1039
images/black_sigatoka/black_sigatoka_0001_121.jpg,black_sigatoka,BLACK SIGATOKA,256,256,1040
images/black_sigatoka/black_sigatoka_0001_89.jpg,black_sigatoka,BLACK SIGATOKA,256,256,887
images/black_sigatoka/black_sigatoka_0001_66.jpg,black_sigatoka,BLACK SIGATOKA,256,256,911
images/black_sigatoka/black_sigatoka_0001_434.jpg,black_sigatoka,BLACK SIGATOKA,256,256,886
images/black_sigatoka/black_sigatoka_0001_120.jpg,black_sigatoka,BLACK SIGATOKA,256,256,1041
images/black_sigatoka/black_sigatoka_0001_88.jpg,black_sigatoka,BLACK SIGATOKA,256,256,887
images/black_sigatoka/black_sigatoka_0001_67.jpg,black_sigatoka,BLACK SIGATOKA,256,256,901
images/black_sigatoka/black_sigatoka_0001_435.jpg,black_sigatoka,BLACK SIGATOKA,256,256,886
images/black_sigatoka/black_sigatoka_0001_209.jpg,black_sigatoka,BLACK SIGATOKA,256,256,952
images/black_sigatoka/black_sigatoka_0001_177.jpg,black_sigatoka,BLACK SIGATOKA,256,256,891
images/black_sigatoka/black_sigatoka_0001_462.jpg,black_sigatoka,BLACK SIGATOKA,256,256,915
images/black_sigatoka/black_sigatoka_0001_198.jpg,black_sigatoka,BLACK SIGATOKA,256,256,890
images/black_sigatoka/black_sigatoka_0001_30.jpg,black_sigatoka,BLACK SIGATOKA,256,256,931
images/black_sigatoka/black_sigatoka_0001_161.jpg,black_sigatoka,BLACK SIGATOKA,256,256,918
images/black_sigatoka/black_sigatoka_0001_26.jpg,black_sigatoka,BLACK SIGATOKA,256,256,894
images/black_sigatoka/black_sigatoka_0001_474.jpg,black_sigatoka,BLACK SIGATOKA,256,256,887
images/black_sigatoka/black_sigatoka_0001_248.jpg,black_sigatoka,BLACK SIGATOKA,256,256,888
images/black_sigatoka/black_sigatoka_0001_136.jpg,black_sigatoka,BLACK SIGATOKA,256,256,1042
images/black_sigatoka/black_sigatoka_0001_423.jpg,black_sigatoka,BLACK SIGATOKA,256,256,886
images/black_sigatoka/black_sigatoka_0001_71.jpg,black_sigatoka,BLACK SIGATOKA,256,256,901
images/black_sigatoka/black_sigatoka_0001_3.jpg,black_sigatoka,BLACK SIGATOKA,256,256,887
images/black_sigatoka/black_sigatoka_0001_458.jpg,black_sigatoka,BLACK SIGATOKA,256,256,901
images/black_sigatoka/black_sigatoka_0001_264.jpg,black_sigatoka,BLACK SIGATOKA,256,256,933
images/black_sigatoka/black_sigatoka_0001_321.jpg,black_sigatoka,BLACK SIGATOKA,256,256,917
images/black_sigatoka/black_sigatoka_0001_399.jpg,black_sigatoka,BLACK SIGATOKA,256,256,1043
images/black_sigatoka/black_sigatoka_0001_233.jpg,black_sigatoka,BLACK SIGATOKA,256,256,930
images/black_sigatoka/black_sigatoka_0001_376.jpg,black_sigatoka,BLACK SIGATOKA,256,256,1044
images/black_sigatoka/black_sigatoka_0001_419.jpg,black_sigatoka,BLACK SIGATOKA,256,256,886
images/black_sigatoka/black_sigatoka_0001_225.jpg,black_sigatoka,BLACK SIGATOKA,256,256,1045
images/black_sigatoka/black_sigatoka_0001_360.jpg,black_sigatoka,BLACK SIGATOKA,256,256,1046
images/black_sigatoka/black_sigatoka_0001_272.jpg,black_sigatoka,BLACK SIGATOKA,256,256,1047
images/black_sigatoka/black_sigatoka_0001_337.jpg,black_sigatoka,BLACK SIGATOKA,256,256,909
images/black_sigatoka/black_sigatoka_0001_340.jpg,black_sigatoka,BLACK SIGATOKA,256,256,909
images/black_sigatoka/black_sigatoka_0001_205.jpg,black_sigatoka,BLACK SIGATOKA,256,256,1048
images/black_sigatoka/black_sigatoka_0001_84.jpg,black_sigatoka,BLACK SIGATOKA,256,256,917
images/black_sigatoka/black_sigatoka_0001_439.jpg,black_sigatoka,BLACK SIGATOKA,256,256,886
images/black_sigatoka/black_sigatoka_0001_317.jpg,black_sigatoka,BLACK SIGATOKA,256,256,988
images/black_sigatoka/black_sigatoka_0001_252.jpg,black_sigatoka,BLACK SIGATOKA,256,256,888
images/black_sigatoka/black_sigatoka_0001_194.jpg,black_sigatoka,BLACK SIGATOKA,256,256,1049
images/black_sigatoka/black_sigatoka_0001_301.jpg,black_sigatoka,BLACK SIGATOKA,256,256,886
images/black_sigatoka/black_sigatoka_0001_244.jpg,black_sigatoka,BLACK SIGATOKA,256,256,892
images/black_sigatoka/black_sigatoka_0001_182.jpg,black_sigatoka,BLACK SIGATOKA,256,256,895
images/black_sigatoka/black_sigatoka_0001_356.jpg,black_sigatoka,BLACK SIGATOKA,256,256,1050
images/black_sigatoka/black_sigatoka_0001_213.jpg,black_sigatoka,BLACK SIGATOKA,256,256,970
images/black_sigatoka/black_sigatoka_0001_92.jpg,black_sigatoka,BLACK SIGATOKA,256,256,887
images/black_sigatoka/black_sigatoka_0001_268.jpg,black_sigatoka,BLACK SIGATOKA,256,256,886
images/black_sigatoka/black_sigatoka_0001_287.jpg,black_sigatoka,BLACK SIGATOKA,256,256,1051
images/black_sigatoka/black_sigatoka_0001_454.jpg,black_sigatoka,BLACK SIGATOKA,256,256,901
images/black_sigatoka/black_sigatoka_0001_141.jpg,black_sigatoka,BLACK SIGATOKA,256,256,944
images/black_sigatoka/black_sigatoka_0001_395.jpg,black_sigatoka,BLACK SIGATOKA,256,256,902
images/black_sigatoka/black_sigatoka_0001_403.jpg,black_sigatoka,BLACK SIGATOKA,256,256,1052
images/black_sigatoka/black_sigatoka_0001_51.jpg,black_sigatoka,BLACK SIGATOKA,256,256,1044
images/black_sigatoka/black_sigatoka_0001_116.jpg,black_sigatoka,BLACK SIGATOKA,256,256,894
images/black_sigatoka/black_sigatoka_0001_383.jpg,black_sigatoka,BLACK SIGATOKA,256,256,959
images/black_sigatoka/black_sigatoka_0001_229.jpg,black_sigatoka,BLACK SIGATOKA,256,256,924
images/black_sigatoka/black_sigatoka_0001_47.jpg,black_sigatoka,BLACK SIGATOKA,256,256,935
images/black_sigatoka/black_sigatoka_0001_415.jpg,black_sigatoka,BLACK SIGATOKA,256,256,1053
images/black_sigatoka/black_sigatoka_0001_100.jpg,black_sigatoka,BLACK SIGATOKA,256,256,909
images/black_sigatoka/black_sigatoka_0001_291.jpg,black_sigatoka,BLACK SIGATOKA,256,256,1054
images/black_sigatoka/black_sigatoka_0001_442.jpg,black_sigatoka,BLACK SIGATOKA,256,256,886
images/black_sigatoka/black_sigatoka_0001_10.jpg,black_sigatoka,BLACK SIGATOKA,256,256,909
images/black_sigatoka/black_sigatoka_0001_157.jpg,black_sigatoka,BLACK SIGATOKA,256,256,886
images/pseudostem_weevil/e_0001_202.jpg,pseudostem_weevil,PSEUDOSTEM WEEVIL,256,256,1055
images/pseudostem_weevil/a_223.jpg,pseudostem_weevil,PSEUDOSTEM WEEVIL,256,256,1056
images/pseudostem_weevil/g_0001_172.jpg,pseudostem_weevil,PSEUDOSTEM WEEVIL,256,256,1057
images/pseudostem_weevil/k_0001_55.jpg,pseudostem_weevil,PSEUDOSTEM WEEVIL,256,256,1058
images/pseudostem_weevil/i_0001_102.jpg,pseudostem_weevil,PSEUDOSTEM WEEVIL,256,256,1059
images/pseudostem_weevil/f_0001_1_42.jpg,pseudostem_weevil,PSEUDOSTEM WEEVIL,256,256,1060
images/pseudostem_weevil/k_0001_272.jpg,pseudostem_weevil,PSEUDOSTEM WEEVIL,256,256,1061
images/pseudostem_weevil/d_0001_51.jpg,pseudostem_weevil,PSEUDOSTEM WEEVIL,256,256,1062
images/pseudostem_weevil/h_0001_176.jpg,pseudostem_weevil,PSEUDOSTEM WEEVIL,256,256,1063
images/pseudostem_weevil/f_0001_1_100.jpg,pseudostem_weevil,PSEUDOSTEM WEEVIL,256,256,1064
images/pseudostem_weevil/j_0001_19.jpg,pseudostem_weevil,PSEUDOSTEM WEEVIL,256,256,1065
images/pseudostem_weevil/j_0001_206.jpg,pseudostem_weevil,PSEUDOSTEM WEEVIL,256,256,1066
images/pseudostem_weevil/h_0001_199.jpg,pseudostem_weevil,PSEUDOSTEM WEEVIL,256,256,1067
images/pseudostem_weevil/g_0001_125.jpg,pseudostem_weevil,PSEUDOSTEM WEEVIL,256,256,1068
images/pseudostem_weevil/a_274.jpg,pseudostem_weevil,PSEUDOSTEM WEEVIL,256,256,1069
images/pseudostem_weevil/j_0001_197.jpg,pseudostem_weevil,PSEUDOSTEM WEEVIL,256,256,1070
images/pseudostem_weevil/d_0001_108.jpg,pseudostem_weevil,PSEUDOSTEM WEEVIL,256,256,1062
images/pseudostem_weevil/e_0001_255.jpg,pseudostem_weevil,PSEUDOSTEM WEEVIL,256,256,1071
images/pseudostem_weevil/e_0001_310.jpg,pseudostem_weevil,PSEUDOSTEM WEEVIL,256,256,1072
images/pseudostem_weevil/g_0001_53.jpg,pseudostem_weevil,PSEUDOSTEM WEEVIL,256,256,1073
images/pseudostem_weevil/j_0001_178.jpg,pseudostem_weevil,PSEUDOSTEM WEEVIL,256,256,1074
images/pseudostem_weevil/k_0001_225.jpg,pseudostem_weevil,PSEUDOSTEM WEEVIL,256,256,1075
images/pseudostem_weevil/f_0001_1_15.jpg,pseudostem_weevil,PSEUDOSTEM WEEVIL,256,256,1057
images/pseudostem_weevil/i_0001_155.jpg,pseudostem_weevil,PSEUDOSTEM WEEVIL,256,256,1076
images/pseudostem_weevil/h_0001_208.jpg,pseudostem_weevil,PSEUDOSTEM WEEVIL,256,256,1077
images/pseudostem_weevil/j_0001_251.jpg,pseudostem_weevil,PSEUDOSTEM WEEVIL,256,256,1065
images/pseudostem_weevil/e_0001_193.jpg,pseudostem_weevil,PSEUDOSTEM WEEVIL,256,256,1075
images/pseudostem_weevil/c_0001_51.jpg,pseudostem_weevil,PSEUDOSTEM WEEVIL,256,256,1062
images/pseudostem_weevil/h_0001_121.jpg,pseudostem_weevil,PSEUDOSTEM WEEVIL,256,256,1078
images/pseudostem_weevil/i_0001_293.jpg,pseudostem_weevil,PSEUDOSTEM WEEVIL,256,256,1079
images/pseudostem_weevil/h_0001_434.jpg,pseudostem_weevil,PSEUDOSTEM WEEVIL,256,256,1080
images/pseudostem_weevil/h_0001_57.jpg,pseudostem_weevil,PSEUDOSTEM WEEVIL,256,256,1060
images/pseudostem_weevil/e_0001_243.jpg,pseudostem_weevil,PSEUDOSTEM WEEVIL,256,256,1081
images/pseudostem_weevil/j_0001_181.jpg,pseudostem_weevil,PSEUDOSTEM WEEVIL,256,256,1082
images/pseudostem_weevil/a_262.jpg,pseudostem_weevil,PSEUDOSTEM WEEVIL,256,256,1083
images/pseudostem_weevil/h_0001_5.jpg,pseudostem_weevil,PSEUDOSTEM WEEVIL,256,256,1084
images/pseudostem_weevil/g_0001_133.jpg,pseudostem_weevil,PSEUDOSTEM WEEVIL,256,256,1065
images/pseudostem_weevil/k_0001_14.jpg,pseudostem_weevil,PSEUDOSTEM WEEVIL,256,256,1085
images/pseudostem_weevil/i_0001_143.jpg,pseudostem_weevil,PSEUDOSTEM WEEVIL,256,256,1086
images/pseudostem_weevil/e_0001_1.jpg,pseudostem_weevil,PSEUDOSTEM WEEVIL,256,256,1062
images/pseudostem_weevil/k_0001_233.jpg,pseudostem_weevil,PSEUDOSTEM WEEVIL,256,256,1075
images/pseudostem_weevil/g_0001_45.jpg,pseudostem_weevil,PSEUDOSTEM WEEVIL,256,256,1087
images/pseudostem_weevil/e_0001_306.jpg,pseudostem_weevil,PSEUDOSTEM WEEVIL,256,256,1065
images/pseudostem_weevil/d_0001_10.jpg,pseudostem_weevil,PSEUDOSTEM WEEVIL,256,256,1062
images/pseudostem_weevil/h_0001_137.jpg,pseudostem_weevil,PSEUDOSTEM WEEVIL,256,256,1088
images/pseudostem_weevil/c_0001_47.jpg,pseudostem_weevil,PSEUDOSTEM WEEVIL,256,256,1062
images/pseudostem_weevil/b_0001_2.jpg,pseudostem_weevil,PSEUDOSTEM WEEVIL,256,256,1062
images/pseudostem_weevil/e_0001_185.jpg,pseudostem_weevil,PSEUDOSTEM WEEVIL,256,256,1075
images/pseudostem_weevil/c_0001_109.jpg,pseudostem_weevil,PSEUDOSTEM WEEVIL,256,256,1062
images/pseudostem_weevil/j_0001_247.jpg,pseudostem_weevil,PSEUDOSTEM WEEVIL,256,256,1089
images/pseudostem_weevil/j_0001_58.jpg,pseudostem_weevil,PSEUDOSTEM WEEVIL,256,256,1090
images/pseudostem_weevil/h_0001_41.jpg,pseudostem_weevil,PSEUDOSTEM WEEVIL,256,256,1091
images/pseudostem_weevil/h_0001_422.jpg,pseudostem_weevil,PSEUDOSTEM WEEVIL,256,256,1064
images/pseudostem_weevil/i_0001_285.jpg,pseudostem_weevil,PSEUDOSTEM WEEVIL,256,256,1092
images/pseudostem_weevil/k_0001_43.jpg,pseudostem_weevil,PSEUDOSTEM WEEVIL,256,256,1093
images/pseudostem_weevil/g_0001_164.jpg,pseudostem_weevil,PSEUDOSTEM WEEVIL,256,256,1094
images/pseudostem_weevil/a_235.jpg,pseudostem_weevil,PSEUDOSTEM WEEVIL,256,256,1095
images/pseudostem_weevil/e_0001_214.jpg,pseudostem_weevil,PSEUDOSTEM WEEVIL,256,256,1096
images/pseudostem_weevil/d_0001_149.jpg,pseudostem_weevil,PSEUDOSTEM WEEVIL,256,256,1062
images/pseudostem_weevil/g_0001_12.jpg,pseudostem_weevil,PSEUDOSTEM WEEVIL,256,256,1097
images/pseudostem_weevil/k_0001_264.jpg,pseudostem_weevil,PSEUDOSTEM WEEVIL,256,256,1061
images/pseudostem_weevil/j_0001_139.jpg,pseudostem_weevil,PSEUDOSTEM WEEVIL,256,256,1080
images/pseudostem_weevil/f_0001_1_54.jpg,pseudostem_weevil,PSEUDOSTEM WEEVIL,256,256,1060
images/pseudostem_weevil/h_0001_249.jpg,pseudostem_weevil,PSEUDOSTEM WEEVIL,256,256,1098
images/pseudostem_weevil/i_0001_114.jpg,pseudostem_weevil,PSEUDOSTEM WEEVIL,256,256,1099
images/pseudostem_weevil/j_0001_210.jpg,pseudostem_weevil,PSEUDOSTEM WEEVIL,256,256,1081
images/pseudostem_weevil/f_0001_1_116.jpg,pseudostem_weevil,PSEUDOSTEM WEEVIL,256,256,1100
images/pseudostem_weevil/c_0001_10.jpg,pseudostem_weevil,PSEUDOSTEM WEEVIL,256,256,1062
images/pseudostem_weevil/h_0001_160.jpg,pseudostem_weevil,PSEUDOSTEM WEEVIL,256,256,1101
images/pseudostem_weevil/d_0001_47.jpg,pseudostem_weevil,PSEUDOSTEM WEEVIL,256,256,1062
images/pseudostem_weevil/h_0001_16.jpg,pseudostem_weevil,PSEUDOSTEM WEEVIL,256,256,1102
images/pseudostem_weevil/g_0001_69.jpg,pseudostem_weevil,PSEUDOSTEM WEEVIL,256,256,1103
images/pseudostem_weevil/j_0001_142.jpg,pseudostem_weevil,PSEUDOSTEM WEEVIL,256,256,1100
images/pseudostem_weevil/e_0001_280.jpg,pseudostem_weevil,PSEUDOSTEM WEEVIL,256,256,1074
images/pseudostem_weevil/h_0001_398.jpg,pseudostem_weevil,PSEUDOSTEM WEEVIL,256,256,1104
images/pseudostem_weevil/h_0001_232.jpg,pseudostem_weevil,PSEUDOSTEM WEEVIL,256,256,1105
images/pseudostem_weevil/i_0001_21.jpg,pseudostem_weevil,PSEUDOSTEM WEEVIL,256,256,1106
images/pseudostem_weevil/i_0001_180.jpg,pseudostem_weevil,PSEUDOSTEM WEEVIL,256,256,1107
images/pseudostem_weevil/k_0001_38.jpg,pseudostem_weevil,PSEUDOSTEM WEEVIL,256,256,1108
images/pseudostem_weevil/a_37.jpg,pseudostem_weevil,PSEUDOSTEM WEEVIL,256,256,1109
images/pseudostem_weevil/b_0001_27.jpg,pseudostem_weevil,PSEUDOSTEM WEEVIL,256,256,1062
images/pseudostem_weevil/h_0001_377.jpg,pseudostem_weevil,PSEUDOSTEM WEEVIL,256,256,1110
images/pseudostem_weevil/d_0001_132.jpg,pseudostem_weevil,PSEUDOSTEM WEEVIL,256,256,1062
images/pseudostem_weevil/e_0001_70.jpg,pseudostem_weevil,PSEUDOSTEM WEEVIL,256,256,1111
images/pseudostem_weevil/g_0001_86.jpg,pseudostem_weevil,PSEUDOSTEM WEEVIL,256,256,1112
images/pseudostem_weevil/i_0001_303.jpg,pseudostem_weevil,PSEUDOSTEM WEEVIL,256,256,1113
images/pseudostem_weevil/a_167.jpg,pseudostem_weevil,PSEUDOSTEM WEEVIL,256,256,1114
images/pseudostem_weevil/g_0001_236.jpg,pseudostem_weevil,PSEUDOSTEM WEEVIL,256,256,1115
images/pseudostem_weevil/c_0001_84.jpg,pseudostem_weevil,PSEUDOSTEM WEEVIL,256,256,1062
images/pseudostem_weevil/e_0001_146.jpg,pseudostem_weevil,PSEUDOSTEM WEEVIL,256,256,1070
images/pseudostem_weevil/k_0001_136.jpg,pseudostem_weevil,PSEUDOSTEM WEEVIL,256,256,1116
images/pseudostem_weevil/j_0001_74.jpg,pseudostem_weevil,PSEUDOSTEM WEEVIL,256,256,1117
images/pseudostem_weevil/h_0001_82.jpg,pseudostem_weevil,PSEUDOSTEM WEEVIL,256,256,1096
images/pseudostem_weevil/i_0001_246.jpg,pseudostem_weevil,PSEUDOSTEM WEEVIL,256,256,1118
images/pseudostem_weevil/a_188.jpg,pseudostem_weevil,PSEUDOSTEM WEEVIL,256,256,1119
images/pseudostem_weevil/i_0001_76.jpg,pseudostem_weevil,PSEUDOSTEM WEEVIL,256,256,1120
images/pseudostem_weevil/k_0001_80.jpg,pseudostem_weevil,PSEUDOSTEM WEEVIL,256,256,1121
images/pseudostem_weevil/i_0001_138.jpg,pseudostem_weevil,PSEUDOSTEM WEEVIL,256,256,1122
images/pseudostem_weevil/h_0001_265.jpg,pseudostem_weevil,PSEUDOSTEM WEEVIL,256,256,1123
images/pseudostem_weevil/f_0001_1_78.jpg,pseudostem_weevil,PSEUDOSTEM WEEVIL,256,256,1104
images/pseudostem_weevil/j_0001_115.jpg,pseudostem_weevil,PSEUDOSTEM WEEVIL,256,256,1064
images/pseudostem_weevil/k_0001_248.jpg,pseudostem_weevil,PSEUDOSTEM WEEVIL,256,256,1124
images/pseudostem_weevil/b_0001_106.jpg,pseudostem_weevil,PSEUDOSTEM WEEVIL,256,256,1062
images/pseudostem_weevil/e_0001_27.jpg,pseudostem_weevil,PSEUDOSTEM WEEVIL,256,256,1125
images/pseudostem_weevil/d_0001_165.jpg,pseudostem_weevil,PSEUDOSTEM WEEVIL,256,256,1062
images/pseudostem_weevil/e_0001_238.jpg,pseudostem_weevil,PSEUDOSTEM WEEVIL,256,256,1061
images/pseudostem_weevil/a_219.jpg,pseudostem_weevil,PSEUDOSTEM WEEVIL,256,256,1126
images/pseudostem_weevil/a_60.jpg,pseudostem_weevil,PSEUDOSTEM WEEVIL,256,256,1127
images/pseudostem_weevil/b_0001_70.jpg,pseudostem_weevil,PSEUDOSTEM WEEVIL,256,256,1062
images/pseudostem_weevil/h_0001_320.jpg,pseudostem_weevil,PSEUDOSTEM WEEVIL,256,256,1128
images/pseudostem_weevil/f_0001_1_97.jpg,pseudostem_weevil,PSEUDOSTEM WEEVIL,256,256,1064
images/pseudostem_weevil/i_0001_99.jpg,pseudostem_weevil,PSEUDOSTEM WEEVIL,256,256,1059
images/pseudostem_weevil/g_0001_148.jpg,pseudostem_weevil,PSEUDOSTEM WEEVIL,256,256,1065
images/pseudostem_weevil/e_0001_111.jpg,pseudostem_weevil,PSEUDOSTEM WEEVIL,256,256,1129
images/pseudostem_weevil/g_0001_261.jpg,pseudostem_weevil,PSEUDOSTEM WEEVIL,256,256,1130
images/pseudostem_weevil/a_130.jpg,pseudostem_weevil,PSEUDOSTEM WEEVIL,256,256,1131
images/pseudostem_weevil/d_0001_84.jpg,pseudostem_weevil,PSEUDOSTEM WEEVIL,256,256,1062
images/pseudostem_weevil/i_0001_211.jpg,pseudostem_weevil,PSEUDOSTEM WEEVIL,256,256,1132
images/pseudostem_weevil/k_0001_161.jpg,pseudostem_weevil,PSEUDOSTEM WEEVIL,256,256,1133
images/pseudostem_weevil/j_0001_23.jpg,pseudostem_weevil,PSEUDOSTEM WEEVIL,256,256,1134
images/pseudostem_weevil/g_0001_28.jpg,pseudostem_weevil,PSEUDOSTEM WEEVIL,256,256,1135
images/pseudostem_weevil/b_0001_110.jpg,pseudostem_weevil,PSEUDOSTEM WEEVIL,256,256,1062
images/pseudostem_weevil/j_0001_103.jpg,pseudostem_weevil,PSEUDOSTEM WEEVIL,256,256,1104
images/pseudostem_weevil/a_99.jpg,pseudostem_weevil,PSEUDOSTEM WEEVIL,256,256,1136
images/pseudostem_weevil/b_0001_89.jpg,pseudostem_weevil,PSEUDOSTEM WEEVIL,256,256,1137
images/pseudostem_weevil/h_0001_273.jpg,pseudostem_weevil,PSEUDOSTEM WEEVIL,256,256,1138
images/pseudostem_weevil/k_0001_96.jpg,pseudostem_weevil,PSEUDOSTEM WEEVIL,256,256,1139
images/pseudostem_weevil/i_0001_60.jpg,pseudostem_weevil,PSEUDOSTEM WEEVIL,256,256,1140
images/pseudostem_weevil/k_0001_79.jpg,pseudostem_weevil,PSEUDOSTEM WEEVIL,256,256,1141
images/pseudostem_weevil/f_0001_1_81.jpg,pseudostem_weevil,PSEUDOSTEM WEEVIL,256,256,1104
images/pseudostem_weevil/b_0001_66.jpg,pseudostem_weevil,PSEUDOSTEM WEEVIL,256,256,1062
images/pseudostem_weevil/h_0001_336.jpg,pseudostem_weevil,PSEUDOSTEM WEEVIL,256,256,1142
images/pseudostem_weevil/a_76.jpg,pseudostem_weevil,PSEUDOSTEM WEEVIL,256,256,1143
images/pseudostem_weevil/d_0001_173.jpg,pseudostem_weevil,PSEUDOSTEM WEEVIL,256,256,1062
images/pseudostem_weevil/e_0001_31.jpg,pseudostem_weevil,PSEUDOSTEM WEEVIL,256,256,1062
images/pseudostem_weevil/d_0001_92.jpg,pseudostem_weevil,PSEUDOSTEM WEEVIL,256,256,1062
images/pseudostem_weevil/a_126.jpg,pseudostem_weevil,PSEUDOSTEM WEEVIL,256,256,1131
images/pseudostem_weevil/k_0001_198.jpg,pseudostem_weevil,PSEUDOSTEM WEEVIL,256,256,1144
images/pseudostem_weevil/g_0001_3.jpg,pseudostem_weevil,PSEUDOSTEM WEEVIL,256,256,1145
images/pseudostem_weevil/e_0001_107.jpg,pseudostem_weevil,PSEUDOSTEM WEEVIL,256,256,1146
images/pseudostem_weevil/j_0001_35.jpg,pseudostem_weevil,PSEUDOSTEM WEEVIL,256,256,1147
images/pseudostem_weevil/k_0001_177.jpg,pseudostem_weevil,PSEUDOSTEM WEEVIL,256,256,1148
images/pseudostem_weevil/i_0001_207.jpg,pseudostem_weevil,PSEUDOSTEM WEEVIL,256,256,1149
images/pseudostem_weevil/j_0001_7.jpg,pseudostem_weevil,PSEUDOSTEM WEEVIL,256,256,1065
images/pseudostem_weevil/i_0001_37.jpg,pseudostem_weevil,PSEUDOSTEM WEEVIL,256,256,1150
images/pseudostem_weevil/h_0001_224.jpg,pseudostem_weevil,PSEUDOSTEM WEEVIL,256,256,1060
images/pseudostem_weevil/i_0001_179.jpg,pseudostem_weevil,PSEUDOSTEM WEEVIL,256,256,1151
images/pseudostem_weevil/f_0001_1_39.jpg,pseudostem_weevil,PSEUDOSTEM WEEVIL,256,256,1060
images/pseudostem_weevil/e_0001_296.jpg,pseudostem_weevil,PSEUDOSTEM WEEVIL,256,256,1065
images/pseudostem_weevil/k_0001_209.jpg,pseudostem_weevil,PSEUDOSTEM WEEVIL,256,256,1152
images/pseudostem_weevil/j_0001_154.jpg,pseudostem_weevil,PSEUDOSTEM WEEVIL,256,256,1153
images/pseudostem_weevil/e_0001_89.jpg,pseudostem_weevil,PSEUDOSTEM WEEVIL,256,256,1154
images/pseudostem_weevil/g_0001_90.jpg,pseudostem_weevil,PSEUDOSTEM WEEVIL,256,256,1078
images/pseudostem_weevil/e_0001_66.jpg,pseudostem_weevil,PSEUDOSTEM WEEVIL,256,256,1062
images/pseudostem_weevil/e_0001_279.jpg,pseudostem_weevil,PSEUDOSTEM WEEVIL,256,256,1155
images/pseudostem_weevil/d_0001_124.jpg,pseudostem_weevil,PSEUDOSTEM WEEVIL,256,256,1062
images/pseudostem_weevil/b_0001_31.jpg,pseudostem_weevil,PSEUDOSTEM WEEVIL,256,256,1062
images/pseudostem_weevil/h_0001_361.jpg,pseudostem_weevil,PSEUDOSTEM WEEVIL,256,256,1156
images/pseudostem_weevil/a_21.jpg,pseudostem_weevil,PSEUDOSTEM WEEVIL,256,256,1109
images/pseudostem_weevil/a_258.jpg,pseudostem_weevil,PSEUDOSTEM WEEVIL,256,256,1157
images/pseudostem_weevil/g_0001_109.jpg,pseudostem_weevil,PSEUDOSTEM WEEVIL,256,256,1158
images/pseudostem_weevil/i_0001_196.jpg,pseudostem_weevil,PSEUDOSTEM WEEVIL,256,256,1159
images/pseudostem_weevil/d_0001_8.jpg,pseudostem_weevil,PSEUDOSTEM WEEVIL,256,256,1062
images/pseudostem_weevil/e_0001_150.jpg,pseudostem_weevil,PSEUDOSTEM WEEVIL,256,256,1102
images/pseudostem_weevil/c_0001_92.jpg,pseudostem_weevil,PSEUDOSTEM WEEVIL,256,256,1062
images/pseudostem_weevil/g_0001_220.jpg,pseudostem_weevil,PSEUDOSTEM WEEVIL,256,256,1093
images/pseudostem_weevil/h_0001_418.jpg,pseudostem_weevil,PSEUDOSTEM WEEVIL,256,256,1064
images/pseudostem_weevil/a_171.jpg,pseudostem_weevil,PSEUDOSTEM WEEVIL,256,256,1114
images/pseudostem_weevil/i_0001_250.jpg,pseudostem_weevil,PSEUDOSTEM WEEVIL,256,256,1118
images/pseudostem_weevil/h_0001_94.jpg,pseudostem_weevil,PSEUDOSTEM WEEVIL,256,256,1160
images/pseudostem_weevil/j_0001_62.jpg,pseudostem_weevil,PSEUDOSTEM WEEVIL,256,256,1161
images/pseudostem_weevil/k_0001_120.jpg,pseudostem_weevil,PSEUDOSTEM WEEVIL,256,256,1162
images/pseudostem_weevil/j_0001_15.jpg,pseudostem_weevil,PSEUDOSTEM WEEVIL,256,256,1065
images/pseudostem_weevil/k_0001_157.jpg,pseudostem_weevil,PSEUDOSTEM WEEVIL,256,256,1163
images/pseudostem_weevil/i_0001_227.jpg,pseudostem_weevil,PSEUDOSTEM WEEVIL,256,256,1164
images/pseudostem_weevil/a_106.jpg,pseudostem_weevil,PSEUDOSTEM WEEVIL,256,256,1165
images/pseudostem_weevil/f_0001_1_3.jpg,pseudostem_weevil,PSEUDOSTEM WEEVIL,256,256,1166
images/pseudostem_weevil/h_0001_195.jpg,pseudostem_weevil,PSEUDOSTEM WEEVIL,256,256,1167
images/pseudostem_weevil/g_0001_257.jpg,pseudostem_weevil,PSEUDOSTEM WEEVIL,256,256,1168
images/pseudostem_weevil/e_0001_127.jpg,pseudostem_weevil,PSEUDOSTEM WEEVIL,256,256,1153
images/pseudostem_weevil/k_0001_59.jpg,pseudostem_weevil,PSEUDOSTEM WEEVIL,256,256,1169
images/pseudostem_weevil/b_0001_46.jpg,pseudostem_weevil,PSEUDOSTEM WEEVIL,256,256,1062
images/pseudostem_weevil/h_0001_316.jpg,pseudostem_weevil,PSEUDOSTEM WEEVIL,256,256,1170
images/pseudostem_weevil/a_56.jpg,pseudostem_weevil,PSEUDOSTEM WEEVIL,256,256,1171
images/pseudostem_weevil/d_0001_153.jpg,pseudostem_weevil,PSEUDOSTEM WEEVIL,256,256,1062
images/pseudostem_weevil/e_0001_11.jpg,pseudostem_weevil,PSEUDOSTEM WEEVIL,256,256,1172
images/pseudostem_weevil/j_0001_123.jpg,pseudostem_weevil,PSEUDOSTEM WEEVIL,256,256,1173
images/pseudostem_weevil/h_0001_253.jpg,pseudostem_weevil,PSEUDOSTEM WEEVIL,256,256,1174
images/pseudostem_weevil/g_0001_191.jpg,pseudostem_weevil,PSEUDOSTEM WEEVIL,256,256,1088
images/pseudostem_weevil/i_0001_40.jpg,pseudostem_weevil,PSEUDOSTEM WEEVIL,256,256,1175
images/pseudostem_weevil/i_0001_270.jpg,pseudostem_weevil,PSEUDOSTEM WEEVIL,256,256,1176
images/pseudostem_weevil/c_0001_113.jpg,pseudostem_weevil,PSEUDOSTEM WEEVIL,256,256,1062
images/pseudostem_weevil/j_0001_42.jpg,pseudostem_weevil,PSEUDOSTEM WEEVIL,256,256,1177
images/pseudostem_weevil/k_0001_100.jpg,pseudostem_weevil,PSEUDOSTEM WEEVIL,256,256,1178
images/pseudostem_weevil/e_0001_170.jpg,pseudostem_weevil,PSEUDOSTEM WEEVIL,256,256,1163
images/pseudostem_weevil/g_0001_200.jpg,pseudostem_weevil,PSEUDOSTEM WEEVIL,256,256,1179
images/pseudostem_weevil/h_0001_438.jpg,pseudostem_weevil,PSEUDOSTEM WEEVIL,256,256,1100
images/pseudostem_weevil/a_151.jpg,pseudostem_weevil,PSEUDOSTEM WEEVIL,256,256,1180
images/pseudostem_weevil/e_0001_46.jpg,pseudostem_weevil,PSEUDOSTEM WEEVIL,256,256,1062
images/pseudostem_weevil/e_0001_259.jpg,pseudostem_weevil,PSEUDOSTEM WEEVIL,256,256,1181
images/pseudostem_weevil/d_0001_104.jpg,pseudostem_weevil,PSEUDOSTEM WEEVIL,256,256,1062
images/pseudostem_weevil/b_0001_11.jpg,pseudostem_weevil,PSEUDOSTEM WEEVIL,256,256,1062
images/pseudostem_weevil/h_0001_341.jpg,pseudostem_weevil,PSEUDOSTEM WEEVIL,256,256,1182
images/pseudostem_weevil/a_278.jpg,pseudostem_weevil,PSEUDOSTEM WEEVIL,256,256,1183
images/pseudostem_weevil/g_0001_129.jpg,pseudostem_weevil,PSEUDOSTEM WEEVIL,256,256,1089
images/pseudostem_weevil/i_0001_17.jpg,pseudostem_weevil,PSEUDOSTEM WEEVIL,256,256,1184
images/pseudostem_weevil/h_0001_204.jpg,pseudostem_weevil,PSEUDOSTEM WEEVIL,256,256,1185
images/pseudostem_weevil/i_0001_159.jpg,pseudostem_weevil,PSEUDOSTEM WEEVIL,256,256,1186
images/pseudostem_weevil/a_297.jpg,pseudostem_weevil,PSEUDOSTEM WEEVIL,256,256,1187
images/pseudostem_weevil/f_0001_1_19.jpg,pseudostem_weevil,PSEUDOSTEM WEEVIL,256,256,1188
images/pseudostem_weevil/k_0001_229.jpg,pseudostem_weevil,PSEUDOSTEM WEEVIL,256,256,1075
images/pseudostem_weevil/j_0001_174.jpg,pseudostem_weevil,PSEUDOSTEM WEEVIL,256,256,1189
images/pseudostem_weevil/k_0001_116.jpg,pseudostem_weevil,PSEUDOSTEM WEEVIL,256,256,1190
images/pseudostem_weevil/j_0001_54.jpg,pseudostem_weevil,PSEUDOSTEM WEEVIL,256,256,1090
images/pseudostem_weevil/c_0001_105.jpg,pseudostem_weevil,PSEUDOSTEM WEEVIL,256,256,1062
images/pseudostem_weevil/e_0001_189.jpg,pseudostem_weevil,PSEUDOSTEM WEEVIL,256,256,1075
images/pseudostem_weevil/a_6.jpg,pseudostem_weevil,PSEUDOSTEM WEEVIL,256,256,1191
images/pseudostem_weevil/i_0001_266.jpg,pseudostem_weevil,PSEUDOSTEM WEEVIL,256,256,1176
images/pseudostem_weevil/a_147.jpg,pseudostem_weevil,PSEUDOSTEM WEEVIL,256,256,1180
images/pseudostem_weevil/i_0001_289.jpg,pseudostem_weevil,PSEUDOSTEM WEEVIL,256,256,1192
images/pseudostem_weevil/g_0001_216.jpg,pseudostem_weevil,PSEUDOSTEM WEEVIL,256,256,1093
images/pseudostem_weevil/e_0001_166.jpg,pseudostem_weevil,PSEUDOSTEM WEEVIL,256,256,1163
images/pseudostem_weevil/k_0001_18.jpg,pseudostem_weevil,PSEUDOSTEM WEEVIL,256,256,1088
images/pseudostem_weevil/h_0001_9.jpg,pseudostem_weevil,PSEUDOSTEM WEEVIL,256,256,1102
images/pseudostem_weevil/a_17.jpg,pseudostem_weevil,PSEUDOSTEM WEEVIL,256,256,1191
images/pseudostem_weevil/h_0001_357.jpg,pseudostem_weevil,PSEUDOSTEM WEEVIL,256,256,1104
images/pseudostem_weevil/d_0001_112.jpg,pseudostem_weevil,PSEUDOSTEM WEEVIL,256,256,1062
images/pseudostem_weevil/e_0001_50.jpg,pseudostem_weevil,PSEUDOSTEM WEEVIL,256,256,1062
images/pseudostem_weevil/g_0001_49.jpg,pseudostem_weevil,PSEUDOSTEM WEEVIL,256,256,1087
images/pseudostem_weevil/j_0001_162.jpg,pseudostem_weevil,PSEUDOSTEM WEEVIL,256,256,1084
images/pseudostem_weevil/a_281.jpg,pseudostem_weevil,PSEUDOSTEM WEEVIL,256,256,1193
images/pseudostem_weevil/h_0001_212.jpg,pseudostem_weevil,PSEUDOSTEM WEEVIL,256,256,1060
images/pseudostem_weevil/i_0001_231.jpg,pseudostem_weevil,PSEUDOSTEM WEEVIL,256,256,1129
images/pseudostem_weevil/k_0001_141.jpg,pseudostem_weevil,PSEUDOSTEM WEEVIL,256,256,1194
images/pseudostem_weevil/e_0001_131.jpg,pseudostem_weevil,PSEUDOSTEM WEEVIL,256,256,1153
images/pseudostem_weevil/k_0001_2.jpg,pseudostem_weevil,PSEUDOSTEM WEEVIL,256,256,1102
images/pseudostem_weevil/g_0001_241.jpg,pseudostem_weevil,PSEUDOSTEM WEEVIL,256,256,1195
images/pseudostem_weevil/h_0001_183.jpg,pseudostem_weevil,PSEUDOSTEM WEEVIL,256,256,1196
images/pseudostem_weevil/a_110.jpg,pseudostem_weevil,PSEUDOSTEM WEEVIL,256,256,1197
images/pseudostem_weevil/d_0001_145.jpg,pseudostem_weevil,PSEUDOSTEM WEEVIL,256,256,1062
images/pseudostem_weevil/e_0001_218.jpg,pseudostem_weevil,PSEUDOSTEM WEEVIL,256,256,1096
images/pseudostem_weevil/k_0001_287.jpg,pseudostem_weevil,PSEUDOSTEM WEEVIL,256,256,1078
images/pseudostem_weevil/a_40.jpg,pseudostem_weevil,PSEUDOSTEM WEEVIL,256,256,1198
images/pseudostem_weevil/a_239.jpg,pseudostem_weevil,PSEUDOSTEM WEEVIL,256,256,1095
images/pseudostem_weevil/b_0001_50.jpg,pseudostem_weevil,PSEUDOSTEM WEEVIL,256,256,1062
images/pseudostem_weevil/h_0001_300.jpg,pseudostem_weevil,PSEUDOSTEM WEEVIL,256,256,1199
images/pseudostem_weevil/g_0001_168.jpg,pseudostem_weevil,PSEUDOSTEM WEEVIL,256,256,1085
images/pseudostem_weevil/i_0001_56.jpg,pseudostem_weevil,PSEUDOSTEM WEEVIL,256,256,1140
images/pseudostem_weevil/g_0001_187.jpg,pseudostem_weevil,PSEUDOSTEM WEEVIL,256,256,1088
images/pseudostem_weevil/i_0001_118.jpg,pseudostem_weevil,PSEUDOSTEM WEEVIL,256,256,1099
images/pseudostem_weevil/h_0001_245.jpg,pseudostem_weevil,PSEUDOSTEM WEEVIL,256,256,1200
images/pseudostem_weevil/f_0001_1_58.jpg,pseudostem_weevil,PSEUDOSTEM WEEVIL,256,256,1060
images/pseudostem_weevil/j_0001_135.jpg,pseudostem_weevil,PSEUDOSTEM WEEVIL,256,256,1087
images/pseudostem_weevil/k_0001_268.jpg,pseudostem_weevil,PSEUDOSTEM WEEVIL,256,256,1061
images/pseudostem_weevil/h_0001_61.jpg,pseudostem_weevil,PSEUDOSTEM WEEVIL,256,256,1075
images/pseudostem_weevil/j_0001_97.jpg,pseudostem_weevil,PSEUDOSTEM WEEVIL,256,256,1104
images/pseudostem_weevil/c_0001_88.jpg,pseudostem_weevil,PSEUDOSTEM WEEVIL,256,256,1062
images/pseudostem_weevil/h_0001_402.jpg,pseudostem_weevil,PSEUDOSTEM WEEVIL,256,256,1090
images/pseudostem_weevil/a_184.jpg,pseudostem_weevil,PSEUDOSTEM WEEVIL,256,256,1201
images/pseudostem_weevil/d_0001_30.jpg,pseudostem_weevil,PSEUDOSTEM WEEVIL,256,256,1062
images/pseudostem_weevil/h_0001_117.jpg,pseudostem_weevil,PSEUDOSTEM WEEVIL,256,256,1202
images/pseudostem_weevil/c_0001_67.jpg,pseudostem_weevil,PSEUDOSTEM WEEVIL,256,256,1062
images/pseudostem_weevil/j_0001_78.jpg,pseudostem_weevil,PSEUDOSTEM WEEVIL,256,256,1203
images/pseudostem_weevil/i_0001_163.jpg,pseudostem_weevil,PSEUDOSTEM WEEVIL,256,256,1204
images/pseudostem_weevil/a_307.jpg,pseudostem_weevil,PSEUDOSTEM WEEVIL,256,256,1187
images/pseudostem_weevil/h_0001_394.jpg,pseudostem_weevil,PSEUDOSTEM WEEVIL,256,256,1205
images/pseudostem_weevil/f_0001_1_23.jpg,pseudostem_weevil,PSEUDOSTEM WEEVIL,256,256,1090
images/pseudostem_weevil/k_0001_213.jpg,pseudostem_weevil,PSEUDOSTEM WEEVIL,256,256,1206
images/pseudostem_weevil/g_0001_65.jpg,pseudostem_weevil,PSEUDOSTEM WEEVIL,256,256,1207
images/pseudostem_weevil/e_0001_93.jpg,pseudostem_weevil,PSEUDOSTEM WEEVIL,256,256,1208
images/pseudostem_weevil/e_0001_263.jpg,pseudostem_weevil,PSEUDOSTEM WEEVIL,256,256,1158
images/pseudostem_weevil/a_242.jpg,pseudostem_weevil,PSEUDOSTEM WEEVIL,256,256,1209
images/pseudostem_weevil/g_0001_113.jpg,pseudostem_weevil,PSEUDOSTEM WEEVIL,256,256,1078
images/pseudostem_weevil/k_0001_34.jpg,pseudostem_weevil,PSEUDOSTEM WEEVIL,256,256,1210
images/pseudostem_weevil/d_0001_88.jpg,pseudostem_weevil,PSEUDOSTEM WEEVIL,256,256,1062
images/pseudostem_weevil/h_0001_455.jpg,pseudostem_weevil,PSEUDOSTEM WEEVIL,256,256,1084
images/pseudostem_weevil/k_0001_182.jpg,pseudostem_weevil,PSEUDOSTEM WEEVIL,256,256,1211
images/pseudostem_weevil/h_0001_36.jpg,pseudostem_weevil,PSEUDOSTEM WEEVIL,256,256,1212
images/pseudostem_weevil/j_0001_230.jpg,pseudostem_weevil,PSEUDOSTEM WEEVIL,256,256,1158
images/pseudostem_weevil/c_0001_30.jpg,pseudostem_weevil,PSEUDOSTEM WEEVIL,256,256,1062
images/pseudostem_weevil/h_0001_140.jpg,pseudostem_weevil,PSEUDOSTEM WEEVIL,256,256,1088
images/pseudostem_weevil/d_0001_67.jpg,pseudostem_weevil,PSEUDOSTEM WEEVIL,256,256,1062
images/pseudostem_weevil/g_0001_32.jpg,pseudostem_weevil,PSEUDOSTEM WEEVIL,256,256,1213
images/pseudostem_weevil/k_0001_244.jpg,pseudostem_weevil,PSEUDOSTEM WEEVIL,256,256,1214
images/pseudostem_weevil/j_0001_119.jpg,pseudostem_weevil,PSEUDOSTEM WEEVIL,256,256,1173
images/pseudostem_weevil/f_0001_1_74.jpg,pseudostem_weevil,PSEUDOSTEM WEEVIL,256,256,1104
images/pseudostem_weevil/a_83.jpg,pseudostem_weevil,PSEUDOSTEM WEEVIL,256,256,1215
images/pseudostem_weevil/b_0001_93.jpg,pseudostem_weevil,PSEUDOSTEM WEEVIL,256,256,1062
images/pseudostem_weevil/h_0001_269.jpg,pseudostem_weevil,PSEUDOSTEM WEEVIL,256,256,1216
images/pseudostem_weevil/i_0001_134.jpg,pseudostem_weevil,PSEUDOSTEM WEEVIL,256,256,1217
images/pseudostem_weevil/k_0001_63.jpg,pseudostem_weevil,PSEUDOSTEM WEEVIL,256,256,1218
images/pseudostem_weevil/h_0001_286.jpg,pseudostem_weevil,PSEUDOSTEM WEEVIL,256,256,1219
images/pseudostem_weevil/i_0001_95.jpg,pseudostem_weevil,PSEUDOSTEM WEEVIL,256,256,1220
images/pseudostem_weevil/g_0001_144.jpg,pseudostem_weevil,PSEUDOSTEM WEEVIL,256,256,1065
images/pseudostem_weevil/a_215.jpg,pseudostem_weevil,PSEUDOSTEM WEEVIL,256,256,1126
images/pseudostem_weevil/e_0001_234.jpg,pseudostem_weevil,PSEUDOSTEM WEEVIL,256,256,1061
images/pseudostem_weevil/d_0001_169.jpg,pseudostem_weevil,PSEUDOSTEM WEEVIL,256,256,1221
images/pseudostem_weevil/h_0001_20.jpg,pseudostem_weevil,PSEUDOSTEM WEEVIL,256,256,1102
images/pseudostem_weevil/k_0001_194.jpg,pseudostem_weevil,PSEUDOSTEM WEEVIL,256,256,1222
images/pseudostem_weevil/h_0001_443.jpg,pseudostem_weevil,PSEUDOSTEM WEEVIL,256,256,1153
images/pseudostem_weevil/d_0001_71.jpg,pseudostem_weevil,PSEUDOSTEM WEEVIL,256,256,1062
images/pseudostem_weevil/h_0001_156.jpg,pseudostem_weevil,PSEUDOSTEM WEEVIL,256,256,1101
images/pseudostem_weevil/c_0001_26.jpg,pseudostem_weevil,PSEUDOSTEM WEEVIL,256,256,1062
images/pseudostem_weevil/f_0001_1_120.jpg,pseudostem_weevil,PSEUDOSTEM WEEVIL,256,256,1153
images/pseudostem_weevil/j_0001_39.jpg,pseudostem_weevil,PSEUDOSTEM WEEVIL,256,256,1177
images/pseudostem_weevil/j_0001_226.jpg,pseudostem_weevil,PSEUDOSTEM WEEVIL,256,256,1223
images/pseudostem_weevil/i_0001_122.jpg,pseudostem_weevil,PSEUDOSTEM WEEVIL,256,256,1224
images/pseudostem_weevil/b_0001_85.jpg,pseudostem_weevil,PSEUDOSTEM WEEVIL,256,256,1225
images/pseudostem_weevil/a_95.jpg,pseudostem_weevil,PSEUDOSTEM WEEVIL,256,256,1226
images/pseudostem_weevil/f_0001_1_62.jpg,pseudostem_weevil,PSEUDOSTEM WEEVIL,256,256,1060
images/pseudostem_weevil/k_0001_252.jpg,pseudostem_weevil,PSEUDOSTEM WEEVIL,256,256,1124
images/pseudostem_weevil/g_0001_24.jpg,pseudostem_weevil,PSEUDOSTEM WEEVIL,256,256,1202
images/pseudostem_weevil/e_0001_222.jpg,pseudostem_weevil,PSEUDOSTEM WEEVIL,256,256,1227
images/pseudostem_weevil/a_203.jpg,pseudostem_weevil,PSEUDOSTEM WEEVIL,256,256,1228
images/pseudostem_weevil/g_0001_152.jpg,pseudostem_weevil,PSEUDOSTEM WEEVIL,256,256,1065
images/pseudostem_weevil/i_0001_83.jpg,pseudostem_weevil,PSEUDOSTEM WEEVIL,256,256,1229
images/pseudostem_weevil/h_0001_290.jpg,pseudostem_weevil,PSEUDOSTEM WEEVIL,256,256,1104
images/pseudostem_weevil/k_0001_75.jpg,pseudostem_weevil,PSEUDOSTEM WEEVIL,256,256,1230
images/pseudostem_weevil/c_0001_7.jpg,pseudostem_weevil,PSEUDOSTEM WEEVIL,256,256,1062
images/pseudostem_weevil/h_0001_414.jpg,pseudostem_weevil,PSEUDOSTEM WEEVIL,256,256,1064
images/pseudostem_weevil/j_0001_81.jpg,pseudostem_weevil,PSEUDOSTEM WEEVIL,256,256,1203
images/pseudostem_weevil/h_0001_77.jpg,pseudostem_weevil,PSEUDOSTEM WEEVIL,256,256,1096
images/pseudostem_weevil/h_0001_98.jpg,pseudostem_weevil,PSEUDOSTEM WEEVIL,256,256,1061
images/pseudostem_weevil/c_0001_71.jpg,pseudostem_weevil,PSEUDOSTEM WEEVIL,256,256,1062
images/pseudostem_weevil/h_0001_101.jpg,pseudostem_weevil,PSEUDOSTEM WEEVIL,256,256,1060
images/pseudostem_weevil/d_0001_26.jpg,pseudostem_weevil,PSEUDOSTEM WEEVIL,256,256,1062
images/pseudostem_weevil/a_192.jpg,pseudostem_weevil,PSEUDOSTEM WEEVIL,256,256,1119
images/pseudostem_weevil/e_0001_85.jpg,pseudostem_weevil,PSEUDOSTEM WEEVIL,256,256,1231
images/pseudostem_weevil/g_0001_73.jpg,pseudostem_weevil,PSEUDOSTEM WEEVIL,256,256,1232
images/pseudostem_weevil/j_0001_158.jpg,pseudostem_weevil,PSEUDOSTEM WEEVIL,256,256,1153
images/pseudostem_weevil/k_0001_205.jpg,pseudostem_weevil,PSEUDOSTEM WEEVIL,256,256,1233
images/pseudostem_weevil/f_0001_1_35.jpg,pseudostem_weevil,PSEUDOSTEM WEEVIL,256,256,1207
images/pseudostem_weevil/h_0001_382.jpg,pseudostem_weevil,PSEUDOSTEM WEEVIL,256,256,1234
images/pseudostem_weevil/i_0001_175.jpg,pseudostem_weevil,PSEUDOSTEM WEEVIL,256,256,1235
images/pseudostem_weevil/a_311.jpg,pseudostem_weevil,PSEUDOSTEM WEEVIL,256,256,1191
images/pseudostem_weevil/h_0001_228.jpg,pseudostem_weevil,PSEUDOSTEM WEEVIL,256,256,1236
images/pseudostem_weevil/d_0001_4.jpg,pseudostem_weevil,PSEUDOSTEM WEEVIL,256,256,1062
images/pseudostem_weevil/k_0001_22.jpg,pseudostem_weevil,PSEUDOSTEM WEEVIL,256,256,1237
images/pseudostem_weevil/g_0001_105.jpg,pseudostem_weevil,PSEUDOSTEM WEEVIL,256,256,1238
images/pseudostem_weevil/a_254.jpg,pseudostem_weevil,PSEUDOSTEM WEEVIL,256,256,1083
images/pseudostem_weevil/d_0001_128.jpg,pseudostem_weevil,PSEUDOSTEM WEEVIL,256,256,1062
images/pseudostem_weevil/e_0001_275.jpg,pseudostem_weevil,PSEUDOSTEM WEEVIL,256,256,1239
images/pseudostem_weevil/e_0001_84.jpg,pseudostem_weevil,PSEUDOSTEM WEEVIL,256,256,1240
images/pseudostem_weevil/i_0001_1.jpg,pseudostem_weevil,PSEUDOSTEM WEEVIL,256,256,1205
images/pseudostem_weevil/g_0001_72.jpg,pseudostem_weevil,PSEUDOSTEM WEEVIL,256,256,1232
images/pseudostem_weevil/k_0001_204.jpg,pseudostem_weevil,PSEUDOSTEM WEEVIL,256,256,1241
images/pseudostem_weevil/j_0001_159.jpg,pseudostem_weevil,PSEUDOSTEM WEEVIL,256,256,1084
images/pseudostem_weevil/f_0001_1_34.jpg,pseudostem_weevil,PSEUDOSTEM WEEVIL,256,256,1090
images/pseudostem_weevil/h_0001_383.jpg,pseudostem_weevil,PSEUDOSTEM WEEVIL,256,256,1234
images/pseudostem_weevil/h_0001_229.jpg,pseudostem_weevil,PSEUDOSTEM WEEVIL,256,256,1242
images/pseudostem_weevil/a_310.jpg,pseudostem_weevil,PSEUDOSTEM WEEVIL,256,256,1191
images/pseudostem_weevil/i_0001_174.jpg,pseudostem_weevil,PSEUDOSTEM WEEVIL,256,256,1243
images/pseudostem_weevil/k_0001_23.jpg,pseudostem_weevil,PSEUDOSTEM WEEVIL,256,256,1237
images/pseudostem_weevil/d_0001_5.jpg,pseudostem_weevil,PSEUDOSTEM WEEVIL,256,256,1062
images/pseudostem_weevil/g_0001_104.jpg,pseudostem_weevil,PSEUDOSTEM WEEVIL,256,256,1244
images/pseudostem_weevil/a_255.jpg,pseudostem_weevil,PSEUDOSTEM WEEVIL,256,256,1083
images/pseudostem_weevil/e_0001_274.jpg,pseudostem_weevil,PSEUDOSTEM WEEVIL,256,256,1245
images/pseudostem_weevil/d_0001_129.jpg,pseudostem_weevil,PSEUDOSTEM WEEVIL,256,256,1062
images/pseudostem_weevil/c_0001_6.jpg,pseudostem_weevil,PSEUDOSTEM WEEVIL,256,256,1062
images/pseudostem_weevil/h_0001_415.jpg,pseudostem_weevil,PSEUDOSTEM WEEVIL,256,256,1064
images/pseudostem_weevil/j_0001_80.jpg,pseudostem_weevil,PSEUDOSTEM WEEVIL,256,256,1246
images/pseudostem_weevil/h_0001_76.jpg,pseudostem_weevil,PSEUDOSTEM WEEVIL,256,256,1247
images/pseudostem_weevil/h_0001_99.jpg,pseudostem_weevil,PSEUDOSTEM WEEVIL,256,256,1061
images/pseudostem_weevil/c_0001_70.jpg,pseudostem_weevil,PSEUDOSTEM WEEVIL,256,256,1062
images/pseudostem_weevil/h_0001_100.jpg,pseudostem_weevil,PSEUDOSTEM WEEVIL,256,256,1061
images/pseudostem_weevil/d_0001_27.jpg,pseudostem_weevil,PSEUDOSTEM WEEVIL,256,256,1062
images/pseudostem_weevil/a_193.jpg,pseudostem_weevil,PSEUDOSTEM WEEVIL,256,256,1119
images/pseudostem_weevil/i_0001_123.jpg,pseudostem_weevil,PSEUDOSTEM WEEVIL,256,256,1224
images/pseudostem_weevil/a_94.jpg,pseudostem_weevil,PSEUDOSTEM WEEVIL,256,256,1226
images/pseudostem_weevil/b_0001_84.jpg,pseudostem_weevil,PSEUDOSTEM WEEVIL,256,256,1248
images/pseudostem_weevil/f_0001_1_63.jpg,pseudostem_weevil,PSEUDOSTEM WEEVIL,256,256,1060
images/pseudostem_weevil/k_0001_253.jpg,pseudostem_weevil,PSEUDOSTEM WEEVIL,256,256,1124
images/pseudostem_weevil/g_0001_25.jpg,pseudostem_weevil,PSEUDOSTEM WEEVIL,256,256,1249
images/pseudostem_weevil/e_0001_223.jpg,pseudostem_weevil,PSEUDOSTEM WEEVIL,256,256,1250
images/pseudostem_weevil/a_202.jpg,pseudostem_weevil,PSEUDOSTEM WEEVIL,256,256,1251
images/pseudostem_weevil/g_0001_153.jpg,pseudostem_weevil,PSEUDOSTEM WEEVIL,256,256,1065
images/pseudostem_weevil/i_0001_82.jpg,pseudostem_weevil,PSEUDOSTEM WEEVIL,256,256,1229
images/pseudostem_weevil/k_0001_74.jpg,pseudostem_weevil,PSEUDOSTEM WEEVIL,256,256,1252
images/pseudostem_weevil/h_0001_291.jpg,pseudostem_weevil,PSEUDOSTEM WEEVIL,256,256,1253
images/pseudostem_weevil/h_0001_21.jpg,pseudostem_weevil,PSEUDOSTEM WEEVIL,256,256,1254
images/pseudostem_weevil/k_0001_195.jpg,pseudostem_weevil,PSEUDOSTEM WEEVIL,256,256,1255
images/pseudostem_weevil/h_0001_442.jpg,pseudostem_weevil,PSEUDOSTEM WEEVIL,256,256,1153
images/pseudostem_weevil/d_0001_70.jpg,pseudostem_weevil,PSEUDOSTEM WEEVIL,256,256,1062
images/pseudostem_weevil/h_0001_157.jpg,pseudostem_weevil,PSEUDOSTEM WEEVIL,256,256,1060
images/pseudostem_weevil/c_0001_27.jpg,pseudostem_weevil,PSEUDOSTEM WEEVIL,256,256,1062
images/pseudostem_weevil/j_0001_227.jpg,pseudostem_weevil,PSEUDOSTEM WEEVIL,256,256,1256
images/pseudostem_weevil/j_0001_38.jpg,pseudostem_weevil,PSEUDOSTEM WEEVIL,256,256,1177
images/pseudostem_weevil/g_0001_33.jpg,pseudostem_weevil,PSEUDOSTEM WEEVIL,256,256,1257
images/pseudostem_weevil/j_0001_118.jpg,pseudostem_weevil,PSEUDOSTEM WEEVIL,256,256,1064
images/pseudostem_weevil/k_0001_245.jpg,pseudostem_weevil,PSEUDOSTEM WEEVIL,256,256,1102
images/pseudostem_weevil/f_0001_1_75.jpg,pseudostem_weevil,PSEUDOSTEM WEEVIL,256,256,1104
images/pseudostem_weevil/b_0001_92.jpg,pseudostem_weevil,PSEUDOSTEM WEEVIL,256,256,1062
images/pseudostem_weevil/a_82.jpg,pseudostem_weevil,PSEUDOSTEM WEEVIL,256,256,1258
images/pseudostem_weevil/i_0001_135.jpg,pseudostem_weevil,PSEUDOSTEM WEEVIL,256,256,1151
images/pseudostem_weevil/h_0001_268.jpg,pseudostem_weevil,PSEUDOSTEM WEEVIL,256,256,1060
images/pseudostem_weevil/h_0001_287.jpg,pseudostem_weevil,PSEUDOSTEM WEEVIL,256,256,1259
images/pseudostem_weevil/k_0001_62.jpg,pseudostem_weevil,PSEUDOSTEM WEEVIL,256,256,1260
images/pseudostem_weevil/i_0001_94.jpg,pseudostem_weevil,PSEUDOSTEM WEEVIL,256,256,1220
images/pseudostem_weevil/g_0001_145.jpg,pseudostem_weevil,PSEUDOSTEM WEEVIL,256,256,1065
images/pseudostem_weevil/a_214.jpg,pseudostem_weevil,PSEUDOSTEM WEEVIL,256,256,1126
images/pseudostem_weevil/d_0001_168.jpg,pseudostem_weevil,PSEUDOSTEM WEEVIL,256,256,1062
images/pseudostem_weevil/e_0001_235.jpg,pseudostem_weevil,PSEUDOSTEM WEEVIL,256,256,1261
images/pseudostem_weevil/d_0001_89.jpg,pseudostem_weevil,PSEUDOSTEM WEEVIL,256,256,1062
images/pseudostem_weevil/h_0001_454.jpg,pseudostem_weevil,PSEUDOSTEM WEEVIL,256,256,1084
images/pseudostem_weevil/k_0001_183.jpg,pseudostem_weevil,PSEUDOSTEM WEEVIL,256,256,1211
images/pseudostem_weevil/h_0001_37.jpg,pseudostem_weevil,PSEUDOSTEM WEEVIL,256,256,1212
images/pseudostem_weevil/j_0001_231.jpg,pseudostem_weevil,PSEUDOSTEM WEEVIL,256,256,1262
images/pseudostem_weevil/c_0001_31.jpg,pseudostem_weevil,PSEUDOSTEM WEEVIL,256,256,1062
images/pseudostem_weevil/h_0001_141.jpg,pseudostem_weevil,PSEUDOSTEM WEEVIL,256,256,1088
images/pseudostem_weevil/d_0001_66.jpg,pseudostem_weevil,PSEUDOSTEM WEEVIL,256,256,1062
images/pseudostem_weevil/a_306.jpg,pseudostem_weevil,PSEUDOSTEM WEEVIL,256,256,1187
images/pseudostem_weevil/i_0001_162.jpg,pseudostem_weevil,PSEUDOSTEM WEEVIL,256,256,1263
images/pseudostem_weevil/h_0001_395.jpg,pseudostem_weevil,PSEUDOSTEM WEEVIL,256,256,1205
images/pseudostem_weevil/f_0001_1_22.jpg,pseudostem_weevil,PSEUDOSTEM WEEVIL,256,256,1090
images/pseudostem_weevil/k_0001_212.jpg,pseudostem_weevil,PSEUDOSTEM WEEVIL,256,256,1102
images/pseudostem_weevil/g_0001_64.jpg,pseudostem_weevil,PSEUDOSTEM WEEVIL,256,256,1082
images/pseudostem_weevil/e_0001_92.jpg,pseudostem_weevil,PSEUDOSTEM WEEVIL,256,256,1264
images/pseudostem_weevil/e_0001_262.jpg,pseudostem_weevil,PSEUDOSTEM WEEVIL,256,256,1158
images/pseudostem_weevil/a_243.jpg,pseudostem_weevil,PSEUDOSTEM WEEVIL,256,256,1265
images/pseudostem_weevil/g_0001_112.jpg,pseudostem_weevil,PSEUDOSTEM WEEVIL,256,256,1061
images/pseudostem_weevil/k_0001_35.jpg,pseudostem_weevil,PSEUDOSTEM WEEVIL,256,256,1266
images/pseudostem_weevil/h_0001_60.jpg,pseudostem_weevil,PSEUDOSTEM WEEVIL,256,256,1075
images/pseudostem_weevil/j_0001_96.jpg,pseudostem_weevil,PSEUDOSTEM WEEVIL,256,256,1104
images/pseudostem_weevil/c_0001_89.jpg,pseudostem_weevil,PSEUDOSTEM WEEVIL,256,256,1062
images/pseudostem_weevil/h_0001_403.jpg,pseudostem_weevil,PSEUDOSTEM WEEVIL,256,256,1104
images/pseudostem_weevil/a_185.jpg,pseudostem_weevil,PSEUDOSTEM WEEVIL,256,256,1267
images/pseudostem_weevil/d_0001_31.jpg,pseudostem_weevil,PSEUDOSTEM WEEVIL,256,256,1062
images/pseudostem_weevil/h_0001_116.jpg,pseudostem_weevil,PSEUDOSTEM WEEVIL,256,256,1202
images/pseudostem_weevil/c_0001_66.jpg,pseudostem_weevil,PSEUDOSTEM WEEVIL,256,256,1062
images/pseudostem_weevil/j_0001_79.jpg,pseudostem_weevil,PSEUDOSTEM WEEVIL,256,256,1268
images/pseudostem_weevil/e_0001_219.jpg,pseudostem_weevil,PSEUDOSTEM WEEVIL,256,256,1227
images/pseudostem_weevil/d_0001_144.jpg,pseudostem_weevil,PSEUDOSTEM WEEVIL,256,256,1062
images/pseudostem_weevil/k_0001_286.jpg,pseudostem_weevil,PSEUDOSTEM WEEVIL,256,256,1078
images/pseudostem_weevil/b_0001_51.jpg,pseudostem_weevil,PSEUDOSTEM WEEVIL,256,256,1062
images/pseudostem_weevil/h_0001_301.jpg,pseudostem_weevil,PSEUDOSTEM WEEVIL,256,256,1104
images/pseudostem_weevil/a_238.jpg,pseudostem_weevil,PSEUDOSTEM WEEVIL,256,256,1269
images/pseudostem_weevil/a_41.jpg,pseudostem_weevil,PSEUDOSTEM WEEVIL,256,256,1270
images/pseudostem_weevil/g_0001_169.jpg,pseudostem_weevil,PSEUDOSTEM WEEVIL,256,256,1271
images/pseudostem_weevil/i_0001_57.jpg,pseudostem_weevil,PSEUDOSTEM WEEVIL,256,256,1272
images/pseudostem_weevil/g_0001_186.jpg,pseudostem_weevil,PSEUDOSTEM WEEVIL,256,256,1088
images/pseudostem_weevil/h_0001_244.jpg,pseudostem_weevil,PSEUDOSTEM WEEVIL,256,256,1273
images/pseudostem_weevil/i_0001_119.jpg,pseudostem_weevil,PSEUDOSTEM WEEVIL,256,256,1274
images/pseudostem_weevil/f_0001_1_59.jpg,pseudostem_weevil,PSEUDOSTEM WEEVIL,256,256,1060
images/pseudostem_weevil/k_0001_269.jpg,pseudostem_weevil,PSEUDOSTEM WEEVIL,256,256,1061
images/pseudostem_weevil/j_0001_134.jpg,pseudostem_weevil,PSEUDOSTEM WEEVIL,256,256,1275
images/pseudostem_weevil/i_0001_230.jpg,pseudostem_weevil,PSEUDOSTEM WEEVIL,256,256,1276
images/pseudostem_weevil/k_0001_140.jpg,pseudostem_weevil,PSEUDOSTEM WEEVIL,256,256,1194
images/pseudostem_weevil/e_0001_130.jpg,pseudostem_weevil,PSEUDOSTEM WEEVIL,256,256,1153
images/pseudostem_weevil/k_0001_3.jpg,pseudostem_weevil,PSEUDOSTEM WEEVIL,256,256,1277
images/pseudostem_weevil/g_0001_240.jpg,pseudostem_weevil,PSEUDOSTEM WEEVIL,256,256,1111
images/pseudostem_weevil/h_0001_182.jpg,pseudostem_weevil,PSEUDOSTEM WEEVIL,256,256,1278
images/pseudostem_weevil/a_111.jpg,pseudostem_weevil,PSEUDOSTEM WEEVIL,256,256,1197
images/pseudostem_weevil/k_0001_19.jpg,pseudostem_weevil,PSEUDOSTEM WEEVIL,256,256,1088
images/pseudostem_weevil/h_0001_8.jpg,pseudostem_weevil,PSEUDOSTEM WEEVIL,256,256,1102
images/pseudostem_weevil/h_0001_356.jpg,pseudostem_weevil,PSEUDOSTEM WEEVIL,256,256,1156
images/pseudostem_weevil/a_16.jpg,pseudostem_weevil,PSEUDOSTEM WEEVIL,256,256,1191
images/pseudostem_weevil/d_0001_113.jpg,pseudostem_weevil,PSEUDOSTEM WEEVIL,256,256,1062
images/pseudostem_weevil/e_0001_51.jpg,pseudostem_weevil,PSEUDOSTEM WEEVIL,256,256,1062
images/pseudostem_weevil/g_0001_48.jpg,pseudostem_weevil,PSEUDOSTEM WEEVIL,256,256,1087
images/pseudostem_weevil/j_0001_163.jpg,pseudostem_weevil,PSEUDOSTEM WEEVIL,256,256,1084
images/pseudostem_weevil/a_280.jpg,pseudostem_weevil,PSEUDOSTEM WEEVIL,256,256,1279
images/pseudostem_weevil/h_0001_213.jpg,pseudostem_weevil,PSEUDOSTEM WEEVIL,256,256,1280
images/pseudostem_weevil/c_0001_104.jpg,pseudostem_weevil,PSEUDOSTEM WEEVIL,256,256,1062
images/pseudostem_weevil/k_0001_117.jpg,pseudostem_weevil,PSEUDOSTEM WEEVIL,256,256,1162
images/pseudostem_weevil/j_0001_55.jpg,pseudostem_weevil,PSEUDOSTEM WEEVIL,256,256,1090
images/pseudostem_weevil/e_0001_188.jpg,pseudostem_weevil,PSEUDOSTEM WEEVIL,256,256,1075
images/pseudostem_weevil/a_7.jpg,pseudostem_weevil,PSEUDOSTEM WEEVIL,256,256,1191
images/pseudostem_weevil/i_0001_267.jpg,pseudostem_weevil,PSEUDOSTEM WEEVIL,256,256,1176
images/pseudostem_weevil/a_146.jpg,pseudostem_weevil,PSEUDOSTEM WEEVIL,256,256,1281
images/pseudostem_weevil/i_0001_288.jpg,pseudostem_weevil,PSEUDOSTEM WEEVIL,256,256,1282
images/pseudostem_weevil/g_0001_217.jpg,pseudostem_weevil,PSEUDOSTEM WEEVIL,256,256,1093
images/pseudostem_weevil/e_0001_167.jpg,pseudostem_weevil,PSEUDOSTEM WEEVIL,256,256,1163
images/pseudostem_weevil/e_0001_47.jpg,pseudostem_weevil,PSEUDOSTEM WEEVIL,256,256,1062
images/pseudostem_weevil/d_0001_105.jpg,pseudostem_weevil,PSEUDOSTEM WEEVIL,256,256,1062
images/pseudostem_weevil/e_0001_258.jpg,pseudostem_weevil,PSEUDOSTEM WEEVIL,256,256,1189
images/pseudostem_weevil/a_279.jpg,pseudostem_weevil,PSEUDOSTEM WEEVIL,256,256,1069
images/pseudostem_weevil/b_0001_10.jpg,pseudostem_weevil,PSEUDOSTEM WEEVIL,256,256,1062
images/pseudostem_weevil/h_0001_340.jpg,pseudostem_weevil,PSEUDOSTEM WEEVIL,256,256,1283
images/pseudostem_weevil/g_0001_128.jpg,pseudostem_weevil,PSEUDOSTEM WEEVIL,256,256,1155
images/pseudostem_weevil/i_0001_16.jpg,pseudostem_weevil,PSEUDOSTEM WEEVIL,256,256,1184
images/pseudostem_weevil/i_0001_158.jpg,pseudostem_weevil,PSEUDOSTEM WEEVIL,256,256,1076
images/pseudostem_weevil/h_0001_205.jpg,pseudostem_weevil,PSEUDOSTEM WEEVIL,256,256,1284
images/pseudostem_weevil/a_296.jpg,pseudostem_weevil,PSEUDOSTEM WEEVIL,256,256,1285
images/pseudostem_weevil/f_0001_1_18.jpg,pseudostem_weevil,PSEUDOSTEM WEEVIL,256,256,1057
images/pseudostem_weevil/j_0001_175.jpg,pseudostem_weevil,PSEUDOSTEM WEEVIL,256,256,1189
images/pseudostem_weevil/k_0001_228.jpg,pseudostem_weevil,PSEUDOSTEM WEEVIL,256,256,1075
images/pseudostem_weevil/i_0001_271.jpg,pseudostem_weevil,PSEUDOSTEM WEEVIL,256,256,1286
images/pseudostem_weevil/j_0001_43.jpg,pseudostem_weevil,PSEUDOSTEM WEEVIL,256,256,1177
images/pseudostem_weevil/k_0001_101.jpg,pseudostem_weevil,PSEUDOSTEM WEEVIL,256,256,1163
images/pseudostem_weevil/c_0001_112.jpg,pseudostem_weevil,PSEUDOSTEM WEEVIL,256,256,1062
images/pseudostem_weevil/e_0001_171.jpg,pseudostem_weevil,PSEUDOSTEM WEEVIL,256,256,1163
images/pseudostem_weevil/h_0001_439.jpg,pseudostem_weevil,PSEUDOSTEM WEEVIL,256,256,1153
images/pseudostem_weevil/g_0001_201.jpg,pseudostem_weevil,PSEUDOSTEM WEEVIL,256,256,1179
images/pseudostem_weevil/a_150.jpg,pseudostem_weevil,PSEUDOSTEM WEEVIL,256,256,1180
images/pseudostem_weevil/k_0001_58.jpg,pseudostem_weevil,PSEUDOSTEM WEEVIL,256,256,1287
images/pseudostem_weevil/a_57.jpg,pseudostem_weevil,PSEUDOSTEM WEEVIL,256,256,1281
images/pseudostem_weevil/b_0001_47.jpg,pseudostem_weevil,PSEUDOSTEM WEEVIL,256,256,1062
images/pseudostem_weevil/h_0001_317.jpg,pseudostem_weevil,PSEUDOSTEM WEEVIL,256,256,1288
images/pseudostem_weevil/d_0001_152.jpg,pseudostem_weevil,PSEUDOSTEM WEEVIL,256,256,1062
images/pseudostem_weevil/e_0001_10.jpg,pseudostem_weevil,PSEUDOSTEM WEEVIL,256,256,1289
images/pseudostem_weevil/j_0001_122.jpg,pseudostem_weevil,PSEUDOSTEM WEEVIL,256,256,1173
images/pseudostem_weevil/h_0001_252.jpg,pseudostem_weevil,PSEUDOSTEM WEEVIL,256,256,1174
images/pseudostem_weevil/g_0001_190.jpg,pseudostem_weevil,PSEUDOSTEM WEEVIL,256,256,1088
images/pseudostem_weevil/i_0001_41.jpg,pseudostem_weevil,PSEUDOSTEM WEEVIL,256,256,1290
images/pseudostem_weevil/j_0001_14.jpg,pseudostem_weevil,PSEUDOSTEM WEEVIL,256,256,1065
images/pseudostem_weevil/k_0001_156.jpg,pseudostem_weevil,PSEUDOSTEM WEEVIL,256,256,1291
images/pseudostem_weevil/i_0001_226.jpg,pseudostem_weevil,PSEUDOSTEM WEEVIL,256,256,1292
images/pseudostem_weevil/a_107.jpg,pseudostem_weevil,PSEUDOSTEM WEEVIL,256,256,1197
images/pseudostem_weevil/f_0001_1_2.jpg,pseudostem_weevil,PSEUDOSTEM WEEVIL,256,256,1082
images/pseudostem_weevil/h_0001_194.jpg,pseudostem_weevil,PSEUDOSTEM WEEVIL,256,256,1293
images/pseudostem_weevil/g_0001_256.jpg,pseudostem_weevil,PSEUDOSTEM WEEVIL,256,256,1294
images/pseudostem_weevil/e_0001_126.jpg,pseudostem_weevil,PSEUDOSTEM WEEVIL,256,256,1153
images/pseudostem_weevil/e_0001_151.jpg,pseudostem_weevil,PSEUDOSTEM WEEVIL,256,256,1102
images/pseudostem_weevil/c_0001_93.jpg,pseudostem_weevil,PSEUDOSTEM WEEVIL,256,256,1062
images/pseudostem_weevil/h_0001_419.jpg,pseudostem_weevil,PSEUDOSTEM WEEVIL,256,256,1064
images/pseudostem_weevil/g_0001_221.jpg,pseudostem_weevil,PSEUDOSTEM WEEVIL,256,256,1202
images/pseudostem_weevil/a_170.jpg,pseudostem_weevil,PSEUDOSTEM WEEVIL,256,256,1114
images/pseudostem_weevil/i_0001_251.jpg,pseudostem_weevil,PSEUDOSTEM WEEVIL,256,256,1118
images/pseudostem_weevil/h_0001_95.jpg,pseudostem_weevil,PSEUDOSTEM WEEVIL,256,256,1227
images/pseudostem_weevil/j_0001_63.jpg,pseudostem_weevil,PSEUDOSTEM WEEVIL,256,256,1295
images/pseudostem_weevil/k_0001_121.jpg,pseudostem_weevil,PSEUDOSTEM WEEVIL,256,256,1296
images/pseudostem_weevil/i_0001_36.jpg,pseudostem_weevil,PSEUDOSTEM WEEVIL,256,256,1150
images/pseudostem_weevil/i_0001_178.jpg,pseudostem_weevil,PSEUDOSTEM WEEVIL,256,256,1297
images/pseudostem_weevil/h_0001_225.jpg,pseudostem_weevil,PSEUDOSTEM WEEVIL,256,256,1298
images/pseudostem_weevil/f_0001_1_38.jpg,pseudostem_weevil,PSEUDOSTEM WEEVIL,256,256,1060
images/pseudostem_weevil/e_0001_297.jpg,pseudostem_weevil,PSEUDOSTEM WEEVIL,256,256,1065
images/pseudostem_weevil/j_0001_155.jpg,pseudostem_weevil,PSEUDOSTEM WEEVIL,256,256,1153
images/pseudostem_weevil/k_0001_208.jpg,pseudostem_weevil,PSEUDOSTEM WEEVIL,256,256,1299
images/pseudostem_weevil/e_0001_88.jpg,pseudostem_weevil,PSEUDOSTEM WEEVIL,256,256,1062
images/pseudostem_weevil/g_0001_91.jpg,pseudostem_weevil,PSEUDOSTEM WEEVIL,256,256,1081
images/pseudostem_weevil/e_0001_67.jpg,pseudostem_weevil,PSEUDOSTEM WEEVIL,256,256,1300
images/pseudostem_weevil/d_0001_125.jpg,pseudostem_weevil,PSEUDOSTEM WEEVIL,256,256,1062
images/pseudostem_weevil/e_0001_278.jpg,pseudostem_weevil,PSEUDOSTEM WEEVIL,256,256,1068
images/pseudostem_weevil/a_259.jpg,pseudostem_weevil,PSEUDOSTEM WEEVIL,256,256,1083
images/pseudostem_weevil/a_20.jpg,pseudostem_weevil,PSEUDOSTEM WEEVIL,256,256,1109
images/pseudostem_weevil/b_0001_30.jpg,pseudostem_weevil,PSEUDOSTEM WEEVIL,256,256,1062
images/pseudostem_weevil/h_0001_360.jpg,pseudostem_weevil,PSEUDOSTEM WEEVIL,256,256,1156
images/pseudostem_weevil/g_0001_108.jpg,pseudostem_weevil,PSEUDOSTEM WEEVIL,256,256,1301
images/pseudostem_weevil/d_0001_9.jpg,pseudostem_weevil,PSEUDOSTEM WEEVIL,256,256,1062
images/pseudostem_weevil/i_0001_197.jpg,pseudostem_weevil,PSEUDOSTEM WEEVIL,256,256,1159
images/pseudostem_weevil/d_0001_93.jpg,pseudostem_weevil,PSEUDOSTEM WEEVIL,256,256,1062
images/pseudostem_weevil/a_127.jpg,pseudostem_weevil,PSEUDOSTEM WEEVIL,256,256,1131
images/pseudostem_weevil/k_0001_199.jpg,pseudostem_weevil,PSEUDOSTEM WEEVIL,256,256,1302
images/pseudostem_weevil/e_0001_106.jpg,pseudostem_weevil,PSEUDOSTEM WEEVIL,256,256,1146
images/pseudostem_weevil/g_0001_2.jpg,pseudostem_weevil,PSEUDOSTEM WEEVIL,256,256,1202
images/pseudostem_weevil/j_0001_34.jpg,pseudostem_weevil,PSEUDOSTEM WEEVIL,256,256,1303
images/pseudostem_weevil/k_0001_176.jpg,pseudostem_weevil,PSEUDOSTEM WEEVIL,256,256,1304
images/pseudostem_weevil/i_0001_206.jpg,pseudostem_weevil,PSEUDOSTEM WEEVIL,256,256,1305
images/pseudostem_weevil/j_0001_6.jpg,pseudostem_weevil,PSEUDOSTEM WEEVIL,256,256,1065
images/pseudostem_weevil/g_0001_29.jpg,pseudostem_weevil,PSEUDOSTEM WEEVIL,256,256,1306
images/pseudostem_weevil/j_0001_102.jpg,pseudostem_weevil,PSEUDOSTEM WEEVIL,256,256,1104
images/pseudostem_weevil/b_0001_111.jpg,pseudostem_weevil,PSEUDOSTEM WEEVIL,256,256,1307
images/pseudostem_weevil/b_0001_88.jpg,pseudostem_weevil,PSEUDOSTEM WEEVIL,256,256,1062
images/pseudostem_weevil/a_98.jpg,pseudostem_weevil,PSEUDOSTEM WEEVIL,256,256,1136
images/pseudostem_weevil/k_0001_97.jpg,pseudostem_weevil,PSEUDOSTEM WEEVIL,256,256,1308
images/pseudostem_weevil/h_0001_272.jpg,pseudostem_weevil,PSEUDOSTEM WEEVIL,256,256,1309
images/pseudostem_weevil/i_0001_61.jpg,pseudostem_weevil,PSEUDOSTEM WEEVIL,256,256,1140
images/pseudostem_weevil/k_0001_78.jpg,pseudostem_weevil,PSEUDOSTEM WEEVIL,256,256,1310
images/pseudostem_weevil/f_0001_1_80.jpg,pseudostem_weevil,PSEUDOSTEM WEEVIL,256,256,1104
images/pseudostem_weevil/a_77.jpg,pseudostem_weevil,PSEUDOSTEM WEEVIL,256,256,1311
images/pseudostem_weevil/b_0001_67.jpg,pseudostem_weevil,PSEUDOSTEM WEEVIL,256,256,1062
images/pseudostem_weevil/h_0001_337.jpg,pseudostem_weevil,PSEUDOSTEM WEEVIL,256,256,1312
images/pseudostem_weevil/d_0001_172.jpg,pseudostem_weevil,PSEUDOSTEM WEEVIL,256,256,1062
images/pseudostem_weevil/e_0001_30.jpg,pseudostem_weevil,PSEUDOSTEM WEEVIL,256,256,1062
images/pseudostem_weevil/e_0001_110.jpg,pseudostem_weevil,PSEUDOSTEM WEEVIL,256,256,1062
images/pseudostem_weevil/g_0001_260.jpg,pseudostem_weevil,PSEUDOSTEM WEEVIL,256,256,1313
images/pseudostem_weevil/a_131.jpg,pseudostem_weevil,PSEUDOSTEM WEEVIL,256,256,1131
images/pseudostem_weevil/d_0001_85.jpg,pseudostem_weevil,PSEUDOSTEM WEEVIL,256,256,1062
images/pseudostem_weevil/i_0001_210.jpg,pseudostem_weevil,PSEUDOSTEM WEEVIL,256,256,1314
images/pseudostem_weevil/k_0001_160.jpg,pseudostem_weevil,PSEUDOSTEM WEEVIL,256,256,1315
images/pseudostem_weevil/j_0001_22.jpg,pseudostem_weevil,PSEUDOSTEM WEEVIL,256,256,1316
images/pseudostem_weevil/i_0001_77.jpg,pseudostem_weevil,PSEUDOSTEM WEEVIL,256,256,1229
images/pseudostem_weevil/h_0001_264.jpg,pseudostem_weevil,PSEUDOSTEM WEEVIL,256,256,1123
images/pseudostem_weevil/i_0001_139.jpg,pseudostem_weevil,PSEUDOSTEM WEEVIL,256,256,1122
images/pseudostem_weevil/k_0001_81.jpg,pseudostem_weevil,PSEUDOSTEM WEEVIL,256,256,1317
images/pseudostem_weevil/f_0001_1_79.jpg,pseudostem_weevil,PSEUDOSTEM WEEVIL,256,256,1318
images/pseudostem_weevil/b_0001_107.jpg,pseudostem_weevil,PSEUDOSTEM WEEVIL,256,256,1062
images/pseudostem_weevil/k_0001_249.jpg,pseudostem_weevil,PSEUDOSTEM WEEVIL,256,256,1124
images/pseudostem_weevil/j_0001_114.jpg,pseudostem_weevil,PSEUDOSTEM WEEVIL,256,256,1064
images/pseudostem_weevil/e_0001_26.jpg,pseudostem_weevil,PSEUDOSTEM WEEVIL,256,256,1125
images/pseudostem_weevil/e_0001_239.jpg,pseudostem_weevil,PSEUDOSTEM WEEVIL,256,256,1112
images/pseudostem_weevil/d_0001_164.jpg,pseudostem_weevil,PSEUDOSTEM WEEVIL,256,256,1062
images/pseudostem_weevil/b_0001_71.jpg,pseudostem_weevil,PSEUDOSTEM WEEVIL,256,256,1062
images/pseudostem_weevil/h_0001_321.jpg,pseudostem_weevil,PSEUDOSTEM WEEVIL,256,256,1319
images/pseudostem_weevil/a_61.jpg,pseudostem_weevil,PSEUDOSTEM WEEVIL,256,256,1320
images/pseudostem_weevil/a_218.jpg,pseudostem_weevil,PSEUDOSTEM WEEVIL,256,256,1126
images/pseudostem_weevil/f_0001_1_96.jpg,pseudostem_weevil,PSEUDOSTEM WEEVIL,256,256,1064
images/pseudostem_weevil/i_0001_98.jpg,pseudostem_weevil,PSEUDOSTEM WEEVIL,256,256,1059
images/pseudostem_weevil/g_0001_149.jpg,pseudostem_weevil,PSEUDOSTEM WEEVIL,256,256,1065
images/pseudostem_weevil/a_166.jpg,pseudostem_weevil,PSEUDOSTEM WEEVIL,256,256,1321
images/pseudostem_weevil/i_0001_302.jpg,pseudostem_weevil,PSEUDOSTEM WEEVIL,256,256,1322
images/pseudostem_weevil/g_0001_237.jpg,pseudostem_weevil,PSEUDOSTEM WEEVIL,256,256,1300
images/pseudostem_weevil/c_0001_85.jpg,pseudostem_weevil,PSEUDOSTEM WEEVIL,256,256,1062
images/pseudostem_weevil/e_0001_147.jpg,pseudostem_weevil,PSEUDOSTEM WEEVIL,256,256,1102
images/pseudostem_weevil/k_0001_137.jpg,pseudostem_weevil,PSEUDOSTEM WEEVIL,256,256,1323
images/pseudostem_weevil/j_0001_75.jpg,pseudostem_weevil,PSEUDOSTEM WEEVIL,256,256,1117
images/pseudostem_weevil/h_0001_83.jpg,pseudostem_weevil,PSEUDOSTEM WEEVIL,256,256,1096
images/pseudostem_weevil/i_0001_247.jpg,pseudostem_weevil,PSEUDOSTEM WEEVIL,256,256,1322
images/pseudostem_weevil/a_189.jpg,pseudostem_weevil,PSEUDOSTEM WEEVIL,256,256,1119
images/pseudostem_weevil/g_0001_68.jpg,pseudostem_weevil,PSEUDOSTEM WEEVIL,256,256,1078
images/pseudostem_weevil/j_0001_143.jpg,pseudostem_weevil,PSEUDOSTEM WEEVIL,256,256,1153
images/pseudostem_weevil/e_0001_281.jpg,pseudostem_weevil,PSEUDOSTEM WEEVIL,256,256,1089
images/pseudostem_weevil/h_0001_399.jpg,pseudostem_weevil,PSEUDOSTEM WEEVIL,256,256,1104
images/pseudostem_weevil/h_0001_233.jpg,pseudostem_weevil,PSEUDOSTEM WEEVIL,256,256,1105
images/pseudostem_weevil/i_0001_20.jpg,pseudostem_weevil,PSEUDOSTEM WEEVIL,256,256,1184
images/pseudostem_weevil/k_0001_39.jpg,pseudostem_weevil,PSEUDOSTEM WEEVIL,256,256,1324
images/pseudostem_weevil/i_0001_181.jpg,pseudostem_weevil,PSEUDOSTEM WEEVIL,256,256,1325
images/pseudostem_weevil/b_0001_26.jpg,pseudostem_weevil,PSEUDOSTEM WEEVIL,256,256,1062
images/pseudostem_weevil/h_0001_376.jpg,pseudostem_weevil,PSEUDOSTEM WEEVIL,256,256,1110
images/pseudostem_weevil/a_36.jpg,pseudostem_weevil,PSEUDOSTEM WEEVIL,256,256,1109
images/pseudostem_weevil/d_0001_133.jpg,pseudostem_weevil,PSEUDOSTEM WEEVIL,256,256,1062
images/pseudostem_weevil/e_0001_71.jpg,pseudostem_weevil,PSEUDOSTEM WEEVIL,256,256,1195
images/pseudostem_weevil/g_0001_87.jpg,pseudostem_weevil,PSEUDOSTEM WEEVIL,256,256,1326
images/pseudostem_weevil/j_0001_211.jpg,pseudostem_weevil,PSEUDOSTEM WEEVIL,256,256,1327
images/pseudostem_weevil/f_0001_1_117.jpg,pseudostem_weevil,PSEUDOSTEM WEEVIL,256,256,1153
images/pseudostem_weevil/c_0001_11.jpg,pseudostem_weevil,PSEUDOSTEM WEEVIL,256,256,1062
images/pseudostem_weevil/h_0001_161.jpg,pseudostem_weevil,PSEUDOSTEM WEEVIL,256,256,1328
images/pseudostem_weevil/d_0001_46.jpg,pseudostem_weevil,PSEUDOSTEM WEEVIL,256,256,1062
images/pseudostem_weevil/h_0001_17.jpg,pseudostem_weevil,PSEUDOSTEM WEEVIL,256,256,1102
images/pseudostem_weevil/k_0001_42.jpg,pseudostem_weevil,PSEUDOSTEM WEEVIL,256,256,1329
images/pseudostem_weevil/g_0001_165.jpg,pseudostem_weevil,PSEUDOSTEM WEEVIL,256,256,1094
images/pseudostem_weevil/a_234.jpg,pseudostem_weevil,PSEUDOSTEM WEEVIL,256,256,1269
images/pseudostem_weevil/d_0001_148.jpg,pseudostem_weevil,PSEUDOSTEM WEEVIL,256,256,1062
images/pseudostem_weevil/e_0001_215.jpg,pseudostem_weevil,PSEUDOSTEM WEEVIL,256,256,1096
images/pseudostem_weevil/g_0001_13.jpg,pseudostem_weevil,PSEUDOSTEM WEEVIL,256,256,1202
images/pseudostem_weevil/j_0001_138.jpg,pseudostem_weevil,PSEUDOSTEM WEEVIL,256,256,1330
images/pseudostem_weevil/k_0001_265.jpg,pseudostem_weevil,PSEUDOSTEM WEEVIL,256,256,1061
images/pseudostem_weevil/f_0001_1_55.jpg,pseudostem_weevil,PSEUDOSTEM WEEVIL,256,256,1060
images/pseudostem_weevil/i_0001_115.jpg,pseudostem_weevil,PSEUDOSTEM WEEVIL,256,256,1099
images/pseudostem_weevil/h_0001_248.jpg,pseudostem_weevil,PSEUDOSTEM WEEVIL,256,256,1098
images/pseudostem_weevil/d_0001_11.jpg,pseudostem_weevil,PSEUDOSTEM WEEVIL,256,256,1062
images/pseudostem_weevil/h_0001_136.jpg,pseudostem_weevil,PSEUDOSTEM WEEVIL,256,256,1088
images/pseudostem_weevil/c_0001_46.jpg,pseudostem_weevil,PSEUDOSTEM WEEVIL,256,256,1062
images/pseudostem_weevil/b_0001_3.jpg,pseudostem_weevil,PSEUDOSTEM WEEVIL,256,256,1331
images/pseudostem_weevil/e_0001_184.jpg,pseudostem_weevil,PSEUDOSTEM WEEVIL,256,256,1332
images/pseudostem_weevil/j_0001_59.jpg,pseudostem_weevil,PSEUDOSTEM WEEVIL,256,256,1333
images/pseudostem_weevil/j_0001_246.jpg,pseudostem_weevil,PSEUDOSTEM WEEVIL,256,256,1155
images/pseudostem_weevil/c_0001_108.jpg,pseudostem_weevil,PSEUDOSTEM WEEVIL,256,256,1062
images/pseudostem_weevil/h_0001_40.jpg,pseudostem_weevil,PSEUDOSTEM WEEVIL,256,256,1212
images/pseudostem_weevil/h_0001_423.jpg,pseudostem_weevil,PSEUDOSTEM WEEVIL,256,256,1064
images/pseudostem_weevil/i_0001_284.jpg,pseudostem_weevil,PSEUDOSTEM WEEVIL,256,256,1334
images/pseudostem_weevil/e_0001_242.jpg,pseudostem_weevil,PSEUDOSTEM WEEVIL,256,256,1335
images/pseudostem_weevil/j_0001_180.jpg,pseudostem_weevil,PSEUDOSTEM WEEVIL,256,256,1082
images/pseudostem_weevil/a_263.jpg,pseudostem_weevil,PSEUDOSTEM WEEVIL,256,256,1083
images/pseudostem_weevil/h_0001_4.jpg,pseudostem_weevil,PSEUDOSTEM WEEVIL,256,256,1084
images/pseudostem_weevil/g_0001_132.jpg,pseudostem_weevil,PSEUDOSTEM WEEVIL,256,256,1065
images/pseudostem_weevil/k_0001_15.jpg,pseudostem_weevil,PSEUDOSTEM WEEVIL,256,256,1336
images/pseudostem_weevil/i_0001_142.jpg,pseudostem_weevil,PSEUDOSTEM WEEVIL,256,256,1086
images/pseudostem_weevil/k_0001_232.jpg,pseudostem_weevil,PSEUDOSTEM WEEVIL,256,256,1075
images/pseudostem_weevil/g_0001_44.jpg,pseudostem_weevil,PSEUDOSTEM WEEVIL,256,256,1337
images/pseudostem_weevil/e_0001_307.jpg,pseudostem_weevil,PSEUDOSTEM WEEVIL,256,256,1316
images/pseudostem_weevil/j_0001_250.jpg,pseudostem_weevil,PSEUDOSTEM WEEVIL,256,256,1065
images/pseudostem_weevil/e_0001_192.jpg,pseudostem_weevil,PSEUDOSTEM WEEVIL,256,256,1075
images/pseudostem_weevil/c_0001_50.jpg,pseudostem_weevil,PSEUDOSTEM WEEVIL,256,256,1062
images/pseudostem_weevil/h_0001_120.jpg,pseudostem_weevil,PSEUDOSTEM WEEVIL,256,256,1078
images/pseudostem_weevil/i_0001_292.jpg,pseudostem_weevil,PSEUDOSTEM WEEVIL,256,256,1338
images/pseudostem_weevil/h_0001_435.jpg,pseudostem_weevil,PSEUDOSTEM WEEVIL,256,256,1339
images/pseudostem_weevil/h_0001_56.jpg,pseudostem_weevil,PSEUDOSTEM WEEVIL,256,256,1075
images/pseudostem_weevil/g_0001_124.jpg,pseudostem_weevil,PSEUDOSTEM WEEVIL,256,256,1340
images/pseudostem_weevil/a_275.jpg,pseudostem_weevil,PSEUDOSTEM WEEVIL,256,256,1069
images/pseudostem_weevil/j_0001_196.jpg,pseudostem_weevil,PSEUDOSTEM WEEVIL,256,256,1070
images/pseudostem_weevil/e_0001_254.jpg,pseudostem_weevil,PSEUDOSTEM WEEVIL,256,256,1244
images/pseudostem_weevil/d_0001_109.jpg,pseudostem_weevil,PSEUDOSTEM WEEVIL,256,256,1062
images/pseudostem_weevil/e_0001_311.jpg,pseudostem_weevil,PSEUDOSTEM WEEVIL,256,256,1341
images/pseudostem_weevil/g_0001_52.jpg,pseudostem_weevil,PSEUDOSTEM WEEVIL,256,256,1073
images/pseudostem_weevil/k_0001_224.jpg,pseudostem_weevil,PSEUDOSTEM WEEVIL,256,256,1075
images/pseudostem_weevil/j_0001_179.jpg,pseudostem_weevil,PSEUDOSTEM WEEVIL,256,256,1342
images/pseudostem_weevil/f_0001_1_14.jpg,pseudostem_weevil,PSEUDOSTEM WEEVIL,256,256,1057
images/pseudostem_weevil/h_0001_209.jpg,pseudostem_weevil,PSEUDOSTEM WEEVIL,256,256,1343
images/pseudostem_weevil/i_0001_154.jpg,pseudostem_weevil,PSEUDOSTEM WEEVIL,256,256,1344
images/pseudostem_weevil/d_0001_50.jpg,pseudostem_weevil,PSEUDOSTEM WEEVIL,256,256,1062
images/pseudostem_weevil/h_0001_177.jpg,pseudostem_weevil,PSEUDOSTEM WEEVIL,256,256,1063
images/pseudostem_weevil/f_0001_1_101.jpg,pseudostem_weevil,PSEUDOSTEM WEEVIL,256,256,1232
images/pseudostem_weevil/j_0001_207.jpg,pseudostem_weevil,PSEUDOSTEM WEEVIL,256,256,1335
images/pseudostem_weevil/j_0001_18.jpg,pseudostem_weevil,PSEUDOSTEM WEEVIL,256,256,1065
images/pseudostem_weevil/h_0001_198.jpg,pseudostem_weevil,PSEUDOSTEM WEEVIL,256,256,1345
images/pseudostem_weevil/e_0001_203.jpg,pseudostem_weevil,PSEUDOSTEM WEEVIL,256,256,1055
images/pseudostem_weevil/a_222.jpg,pseudostem_weevil,PSEUDOSTEM WEEVIL,256,256,1346
images/pseudostem_weevil/g_0001_173.jpg,pseudostem_weevil,PSEUDOSTEM WEEVIL,256,256,1057
images/pseudostem_weevil/k_0001_54.jpg,pseudostem_weevil,PSEUDOSTEM WEEVIL,256,256,1347
images/pseudostem_weevil/i_0001_103.jpg,pseudostem_weevil,PSEUDOSTEM WEEVIL,256,256,1059
images/pseudostem_weevil/f_0001_1_43.jpg,pseudostem_weevil,PSEUDOSTEM WEEVIL,256,256,1060
images/pseudostem_weevil/k_0001_273.jpg,pseudostem_weevil,PSEUDOSTEM WEEVIL,256,256,1061
images/pseudostem_weevil/i_0001_221.jpg,pseudostem_weevil,PSEUDOSTEM WEEVIL,256,256,1348
images/pseudostem_weevil/j_0001_13.jpg,pseudostem_weevil,PSEUDOSTEM WEEVIL,256,256,1349
images/pseudostem_weevil/k_0001_151.jpg,pseudostem_weevil,PSEUDOSTEM WEEVIL,256,256,1350
images/pseudostem_weevil/e_0001_121.jpg,pseudostem_weevil,PSEUDOSTEM WEEVIL,256,256,1153
images/pseudostem_weevil/a_100.jpg,pseudostem_weevil,PSEUDOSTEM WEEVIL,256,256,1351
images/pseudostem_weevil/f_0001_1_5.jpg,pseudostem_weevil,PSEUDOSTEM WEEVIL,256,256,1166
images/pseudostem_weevil/g_0001_251.jpg,pseudostem_weevil,PSEUDOSTEM WEEVIL,256,256,1352
images/pseudostem_weevil/h_0001_193.jpg,pseudostem_weevil,PSEUDOSTEM WEEVIL,256,256,1353
images/pseudostem_weevil/e_0001_208.jpg,pseudostem_weevil,PSEUDOSTEM WEEVIL,256,256,1247
images/pseudostem_weevil/d_0001_155.jpg,pseudostem_weevil,PSEUDOSTEM WEEVIL,256,256,1062
images/pseudostem_weevil/e_0001_17.jpg,pseudostem_weevil,PSEUDOSTEM WEEVIL,256,256,1268
images/pseudostem_weevil/g_0001_178.jpg,pseudostem_weevil,PSEUDOSTEM WEEVIL,256,256,1354
images/pseudostem_weevil/b_0001_40.jpg,pseudostem_weevil,PSEUDOSTEM WEEVIL,256,256,1062
images/pseudostem_weevil/h_0001_310.jpg,pseudostem_weevil,PSEUDOSTEM WEEVIL,256,256,1355
images/pseudostem_weevil/a_50.jpg,pseudostem_weevil,PSEUDOSTEM WEEVIL,256,256,1171
images/pseudostem_weevil/a_229.jpg,pseudostem_weevil,PSEUDOSTEM WEEVIL,256,256,1356
images/pseudostem_weevil/f_0001_1_48.jpg,pseudostem_weevil,PSEUDOSTEM WEEVIL,256,256,1060
images/pseudostem_weevil/g_0001_197.jpg,pseudostem_weevil,PSEUDOSTEM WEEVIL,256,256,1237
images/pseudostem_weevil/i_0001_46.jpg,pseudostem_weevil,PSEUDOSTEM WEEVIL,256,256,1272
images/pseudostem_weevil/h_0001_255.jpg,pseudostem_weevil,PSEUDOSTEM WEEVIL,256,256,1357
images/pseudostem_weevil/i_0001_108.jpg,pseudostem_weevil,PSEUDOSTEM WEEVIL,256,256,1059
images/pseudostem_weevil/k_0001_278.jpg,pseudostem_weevil,PSEUDOSTEM WEEVIL,256,256,1254
images/pseudostem_weevil/j_0001_125.jpg,pseudostem_weevil,PSEUDOSTEM WEEVIL,256,256,1173
images/pseudostem_weevil/c_0001_115.jpg,pseudostem_weevil,PSEUDOSTEM WEEVIL,256,256,1062
images/pseudostem_weevil/j_0001_44.jpg,pseudostem_weevil,PSEUDOSTEM WEEVIL,256,256,1177
images/pseudostem_weevil/k_0001_106.jpg,pseudostem_weevil,PSEUDOSTEM WEEVIL,256,256,1358
images/pseudostem_weevil/e_0001_199.jpg,pseudostem_weevil,PSEUDOSTEM WEEVIL,256,256,1055
images/pseudostem_weevil/i_0001_276.jpg,pseudostem_weevil,PSEUDOSTEM WEEVIL,256,256,1286
images/pseudostem_weevil/i_0001_299.jpg,pseudostem_weevil,PSEUDOSTEM WEEVIL,256,256,1359
images/pseudostem_weevil/g_0001_206.jpg,pseudostem_weevil,PSEUDOSTEM WEEVIL,256,256,1101
images/pseudostem_weevil/a_157.jpg,pseudostem_weevil,PSEUDOSTEM WEEVIL,256,256,1281
images/pseudostem_weevil/e_0001_176.jpg,pseudostem_weevil,PSEUDOSTEM WEEVIL,256,256,1206
images/pseudostem_weevil/b_0001_17.jpg,pseudostem_weevil,PSEUDOSTEM WEEVIL,256,256,1062
images/pseudostem_weevil/h_0001_347.jpg,pseudostem_weevil,PSEUDOSTEM WEEVIL,256,256,1156
images/pseudostem_weevil/e_0001_40.jpg,pseudostem_weevil,PSEUDOSTEM WEEVIL,256,256,1062
images/pseudostem_weevil/d_0001_102.jpg,pseudostem_weevil,PSEUDOSTEM WEEVIL,256,256,1062
images/pseudostem_weevil/j_0001_172.jpg,pseudostem_weevil,PSEUDOSTEM WEEVIL,256,256,1073
images/pseudostem_weevil/g_0001_59.jpg,pseudostem_weevil,PSEUDOSTEM WEEVIL,256,256,1074
images/pseudostem_weevil/h_0001_202.jpg,pseudostem_weevil,PSEUDOSTEM WEEVIL,256,256,1360
images/pseudostem_weevil/i_0001_11.jpg,pseudostem_weevil,PSEUDOSTEM WEEVIL,256,256,1184
images/pseudostem_weevil/a_291.jpg,pseudostem_weevil,PSEUDOSTEM WEEVIL,256,256,1361
images/pseudostem_weevil/i_0001_260.jpg,pseudostem_weevil,PSEUDOSTEM WEEVIL,256,256,1118
images/pseudostem_weevil/k_0001_110.jpg,pseudostem_weevil,PSEUDOSTEM WEEVIL,256,256,1362
images/pseudostem_weevil/j_0001_52.jpg,pseudostem_weevil,PSEUDOSTEM WEEVIL,256,256,1090
images/pseudostem_weevil/c_0001_103.jpg,pseudostem_weevil,PSEUDOSTEM WEEVIL,256,256,1062
images/pseudostem_weevil/b_0001_8.jpg,pseudostem_weevil,PSEUDOSTEM WEEVIL,256,256,1363
images/pseudostem_weevil/e_0001_160.jpg,pseudostem_weevil,PSEUDOSTEM WEEVIL,256,256,1266
images/pseudostem_weevil/a_141.jpg,pseudostem_weevil,PSEUDOSTEM WEEVIL,256,256,1364
images/pseudostem_weevil/h_0001_428.jpg,pseudostem_weevil,PSEUDOSTEM WEEVIL,256,256,1365
images/pseudostem_weevil/g_0001_210.jpg,pseudostem_weevil,PSEUDOSTEM WEEVIL,256,256,1202
images/pseudostem_weevil/d_0001_114.jpg,pseudostem_weevil,PSEUDOSTEM WEEVIL,256,256,1062
images/pseudostem_weevil/e_0001_249.jpg,pseudostem_weevil,PSEUDOSTEM WEEVIL,256,256,1366
images/pseudostem_weevil/e_0001_56.jpg,pseudostem_weevil,PSEUDOSTEM WEEVIL,256,256,1235
images/pseudostem_weevil/g_0001_139.jpg,pseudostem_weevil,PSEUDOSTEM WEEVIL,256,256,1065
images/pseudostem_weevil/a_268.jpg,pseudostem_weevil,PSEUDOSTEM WEEVIL,256,256,1069
images/pseudostem_weevil/a_11.jpg,pseudostem_weevil,PSEUDOSTEM WEEVIL,256,256,1191
images/pseudostem_weevil/h_0001_351.jpg,pseudostem_weevil,PSEUDOSTEM WEEVIL,256,256,1156
images/pseudostem_weevil/a_287.jpg,pseudostem_weevil,PSEUDOSTEM WEEVIL,256,256,1367
images/pseudostem_weevil/i_0001_149.jpg,pseudostem_weevil,PSEUDOSTEM WEEVIL,256,256,1368
images/pseudostem_weevil/h_0001_214.jpg,pseudostem_weevil,PSEUDOSTEM WEEVIL,256,256,1369
images/pseudostem_weevil/j_0001_164.jpg,pseudostem_weevil,PSEUDOSTEM WEEVIL,256,256,1084
images/pseudostem_weevil/k_0001_239.jpg,pseudostem_weevil,PSEUDOSTEM WEEVIL,256,256,1055
images/pseudostem_weevil/k_0001_147.jpg,pseudostem_weevil,PSEUDOSTEM WEEVIL,256,256,1370
images/pseudostem_weevil/i_0001_237.jpg,pseudostem_weevil,PSEUDOSTEM WEEVIL,256,256,1371
images/pseudostem_weevil/h_0001_185.jpg,pseudostem_weevil,PSEUDOSTEM WEEVIL,256,256,1372
images/pseudostem_weevil/g_0001_247.jpg,pseudostem_weevil,PSEUDOSTEM WEEVIL,256,256,1373
images/pseudostem_weevil/a_116.jpg,pseudostem_weevil,PSEUDOSTEM WEEVIL,256,256,1374
images/pseudostem_weevil/e_0001_137.jpg,pseudostem_weevil,PSEUDOSTEM WEEVIL,256,256,1084
images/pseudostem_weevil/k_0001_4.jpg,pseudostem_weevil,PSEUDOSTEM WEEVIL,256,256,1277
images/pseudostem_weevil/a_46.jpg,pseudostem_weevil,PSEUDOSTEM WEEVIL,256,256,1281
images/pseudostem_weevil/b_0001_56.jpg,pseudostem_weevil,PSEUDOSTEM WEEVIL,256,256,1062
images/pseudostem_weevil/h_0001_306.jpg,pseudostem_weevil,PSEUDOSTEM WEEVIL,256,256,1375
images/pseudostem_weevil/k_0001_49.jpg,pseudostem_weevil,PSEUDOSTEM WEEVIL,256,256,1093
images/pseudostem_weevil/k_0001_281.jpg,pseudostem_weevil,PSEUDOSTEM WEEVIL,256,256,1202
images/pseudostem_weevil/d_0001_143.jpg,pseudostem_weevil,PSEUDOSTEM WEEVIL,256,256,1062
images/pseudostem_weevil/j_0001_133.jpg,pseudostem_weevil,PSEUDOSTEM WEEVIL,256,256,1376
images/pseudostem_weevil/b_0001_120.jpg,pseudostem_weevil,PSEUDOSTEM WEEVIL,256,256,1331
images/pseudostem_weevil/g_0001_18.jpg,pseudostem_weevil,PSEUDOSTEM WEEVIL,256,256,1129
images/pseudostem_weevil/h_0001_243.jpg,pseudostem_weevil,PSEUDOSTEM WEEVIL,256,256,1377
images/pseudostem_weevil/i_0001_50.jpg,pseudostem_weevil,PSEUDOSTEM WEEVIL,256,256,1378
images/pseudostem_weevil/g_0001_181.jpg,pseudostem_weevil,PSEUDOSTEM WEEVIL,256,256,1379
images/pseudostem_weevil/h_0001_404.jpg,pseudostem_weevil,PSEUDOSTEM WEEVIL,256,256,1104
images/pseudostem_weevil/i_0001_309.jpg,pseudostem_weevil,PSEUDOSTEM WEEVIL,256,256,1380
images/pseudostem_weevil/j_0001_91.jpg,pseudostem_weevil,PSEUDOSTEM WEEVIL,256,256,1104
images/pseudostem_weevil/h_0001_67.jpg,pseudostem_weevil,PSEUDOSTEM WEEVIL,256,256,1055
images/pseudostem_weevil/c_0001_61.jpg,pseudostem_weevil,PSEUDOSTEM WEEVIL,256,256,1062
images/pseudostem_weevil/h_0001_88.jpg,pseudostem_weevil,PSEUDOSTEM WEEVIL,256,256,1227
images/pseudostem_weevil/d_0001_36.jpg,pseudostem_weevil,PSEUDOSTEM WEEVIL,256,256,1062
images/pseudostem_weevil/a_182.jpg,pseudostem_weevil,PSEUDOSTEM WEEVIL,256,256,1201
images/pseudostem_weevil/h_0001_111.jpg,pseudostem_weevil,PSEUDOSTEM WEEVIL,256,256,1202
images/pseudostem_weevil/k_0001_215.jpg,pseudostem_weevil,PSEUDOSTEM WEEVIL,256,256,1206
images/pseudostem_weevil/j_0001_148.jpg,pseudostem_weevil,PSEUDOSTEM WEEVIL,256,256,1153
images/pseudostem_weevil/e_0001_95.jpg,pseudostem_weevil,PSEUDOSTEM WEEVIL,256,256,1145
images/pseudostem_weevil/g_0001_63.jpg,pseudostem_weevil,PSEUDOSTEM WEEVIL,256,256,1082
images/pseudostem_weevil/h_0001_238.jpg,pseudostem_weevil,PSEUDOSTEM WEEVIL,256,256,1381
images/pseudostem_weevil/i_0001_165.jpg,pseudostem_weevil,PSEUDOSTEM WEEVIL,256,256,1204
images/pseudostem_weevil/a_301.jpg,pseudostem_weevil,PSEUDOSTEM WEEVIL,256,256,1187
images/pseudostem_weevil/f_0001_1_25.jpg,pseudostem_weevil,PSEUDOSTEM WEEVIL,256,256,1090
images/pseudostem_weevil/h_0001_392.jpg,pseudostem_weevil,PSEUDOSTEM WEEVIL,256,256,1382
images/pseudostem_weevil/a_244.jpg,pseudostem_weevil,PSEUDOSTEM WEEVIL,256,256,1383
images/pseudostem_weevil/k_0001_32.jpg,pseudostem_weevil,PSEUDOSTEM WEEVIL,256,256,1179
images/pseudostem_weevil/g_0001_115.jpg,pseudostem_weevil,PSEUDOSTEM WEEVIL,256,256,1384
images/pseudostem_weevil/e_0001_265.jpg,pseudostem_weevil,PSEUDOSTEM WEEVIL,256,256,1385
images/pseudostem_weevil/d_0001_138.jpg,pseudostem_weevil,PSEUDOSTEM WEEVIL,256,256,1062
images/pseudostem_weevil/h_0001_30.jpg,pseudostem_weevil,PSEUDOSTEM WEEVIL,256,256,1386
images/pseudostem_weevil/k_0001_184.jpg,pseudostem_weevil,PSEUDOSTEM WEEVIL,256,256,1387
images/pseudostem_weevil/h_0001_453.jpg,pseudostem_weevil,PSEUDOSTEM WEEVIL,256,256,1153
images/pseudostem_weevil/h_0001_146.jpg,pseudostem_weevil,PSEUDOSTEM WEEVIL,256,256,1060
images/pseudostem_weevil/d_0001_61.jpg,pseudostem_weevil,PSEUDOSTEM WEEVIL,256,256,1062
images/pseudostem_weevil/j_0001_236.jpg,pseudostem_weevil,PSEUDOSTEM WEEVIL,256,256,1239
images/pseudostem_weevil/j_0001_29.jpg,pseudostem_weevil,PSEUDOSTEM WEEVIL,256,256,1388
images/pseudostem_weevil/c_0001_36.jpg,pseudostem_weevil,PSEUDOSTEM WEEVIL,256,256,1062
images/pseudostem_weevil/a_85.jpg,pseudostem_weevil,PSEUDOSTEM WEEVIL,256,256,1389
images/pseudostem_weevil/b_0001_95.jpg,pseudostem_weevil,PSEUDOSTEM WEEVIL,256,256,1062
images/pseudostem_weevil/f_0001_1_72.jpg,pseudostem_weevil,PSEUDOSTEM WEEVIL,256,256,1104
images/pseudostem_weevil/i_0001_132.jpg,pseudostem_weevil,PSEUDOSTEM WEEVIL,256,256,1390
images/pseudostem_weevil/g_0001_34.jpg,pseudostem_weevil,PSEUDOSTEM WEEVIL,256,256,1391
images/pseudostem_weevil/d_0001_180.jpg,pseudostem_weevil,PSEUDOSTEM WEEVIL,256,256,1062
images/pseudostem_weevil/k_0001_242.jpg,pseudostem_weevil,PSEUDOSTEM WEEVIL,256,256,1392
images/pseudostem_weevil/e_0001_232.jpg,pseudostem_weevil,PSEUDOSTEM WEEVIL,256,256,1061
images/pseudostem_weevil/i_0001_93.jpg,pseudostem_weevil,PSEUDOSTEM WEEVIL,256,256,1220
images/pseudostem_weevil/g_0001_142.jpg,pseudostem_weevil,PSEUDOSTEM WEEVIL,256,256,1065
images/pseudostem_weevil/k_0001_65.jpg,pseudostem_weevil,PSEUDOSTEM WEEVIL,256,256,1393
images/pseudostem_weevil/h_0001_280.jpg,pseudostem_weevil,PSEUDOSTEM WEEVIL,256,256,1394
images/pseudostem_weevil/a_213.jpg,pseudostem_weevil,PSEUDOSTEM WEEVIL,256,256,1395
images/pseudostem_weevil/h_0001_445.jpg,pseudostem_weevil,PSEUDOSTEM WEEVIL,256,256,1153
images/pseudostem_weevil/d_0001_98.jpg,pseudostem_weevil,PSEUDOSTEM WEEVIL,256,256,1062
images/pseudostem_weevil/k_0001_192.jpg,pseudostem_weevil,PSEUDOSTEM WEEVIL,256,256,1396
images/pseudostem_weevil/h_0001_26.jpg,pseudostem_weevil,PSEUDOSTEM WEEVIL,256,256,1266
images/pseudostem_weevil/g_0001_9.jpg,pseudostem_weevil,PSEUDOSTEM WEEVIL,256,256,1397
images/pseudostem_weevil/c_0001_20.jpg,pseudostem_weevil,PSEUDOSTEM WEEVIL,256,256,1062
images/pseudostem_weevil/j_0001_220.jpg,pseudostem_weevil,PSEUDOSTEM WEEVIL,256,256,1398
images/pseudostem_weevil/d_0001_77.jpg,pseudostem_weevil,PSEUDOSTEM WEEVIL,256,256,1062
images/pseudostem_weevil/h_0001_150.jpg,pseudostem_weevil,PSEUDOSTEM WEEVIL,256,256,1179
images/pseudostem_weevil/j_0001_109.jpg,pseudostem_weevil,PSEUDOSTEM WEEVIL,256,256,1104
images/pseudostem_weevil/k_0001_254.jpg,pseudostem_weevil,PSEUDOSTEM WEEVIL,256,256,1399
images/pseudostem_weevil/g_0001_22.jpg,pseudostem_weevil,PSEUDOSTEM WEEVIL,256,256,1400
images/pseudostem_weevil/i_0001_124.jpg,pseudostem_weevil,PSEUDOSTEM WEEVIL,256,256,1151
images/pseudostem_weevil/h_0001_279.jpg,pseudostem_weevil,PSEUDOSTEM WEEVIL,256,256,1060
images/pseudostem_weevil/f_0001_1_64.jpg,pseudostem_weevil,PSEUDOSTEM WEEVIL,256,256,1104
images/pseudostem_weevil/b_0001_83.jpg,pseudostem_weevil,PSEUDOSTEM WEEVIL,256,256,1062
images/pseudostem_weevil/a_93.jpg,pseudostem_weevil,PSEUDOSTEM WEEVIL,256,256,1401
images/pseudostem_weevil/a_205.jpg,pseudostem_weevil,PSEUDOSTEM WEEVIL,256,256,1228
images/pseudostem_weevil/h_0001_296.jpg,pseudostem_weevil,PSEUDOSTEM WEEVIL,256,256,1402
images/pseudostem_weevil/k_0001_73.jpg,pseudostem_weevil,PSEUDOSTEM WEEVIL,256,256,1403
images/pseudostem_weevil/g_0001_154.jpg,pseudostem_weevil,PSEUDOSTEM WEEVIL,256,256,1065
images/pseudostem_weevil/i_0001_85.jpg,pseudostem_weevil,PSEUDOSTEM WEEVIL,256,256,1229
images/pseudostem_weevil/d_0001_179.jpg,pseudostem_weevil,PSEUDOSTEM WEEVIL,256,256,1062
images/pseudostem_weevil/e_0001_224.jpg,pseudostem_weevil,PSEUDOSTEM WEEVIL,256,256,1112
images/pseudostem_weevil/c_0001_98.jpg,pseudostem_weevil,PSEUDOSTEM WEEVIL,256,256,1062
images/pseudostem_weevil/h_0001_71.jpg,pseudostem_weevil,PSEUDOSTEM WEEVIL,256,256,1055
images/pseudostem_weevil/j_0001_87.jpg,pseudostem_weevil,PSEUDOSTEM WEEVIL,256,256,1404
images/pseudostem_weevil/c_0001_1.jpg,pseudostem_weevil,PSEUDOSTEM WEEVIL,256,256,1062
images/pseudostem_weevil/h_0001_412.jpg,pseudostem_weevil,PSEUDOSTEM WEEVIL,256,256,1064
images/pseudostem_weevil/h_0001_107.jpg,pseudostem_weevil,PSEUDOSTEM WEEVIL,256,256,1061
images/pseudostem_weevil/a_194.jpg,pseudostem_weevil,PSEUDOSTEM WEEVIL,256,256,1405
images/pseudostem_weevil/d_0001_20.jpg,pseudostem_weevil,PSEUDOSTEM WEEVIL,256,256,1062
images/pseudostem_weevil/j_0001_68.jpg,pseudostem_weevil,PSEUDOSTEM WEEVIL,256,256,1406
images/pseudostem_weevil/c_0001_77.jpg,pseudostem_weevil,PSEUDOSTEM WEEVIL,256,256,1062
images/pseudostem_weevil/h_0001_384.jpg,pseudostem_weevil,PSEUDOSTEM WEEVIL,256,256,1407
images/pseudostem_weevil/f_0001_1_33.jpg,pseudostem_weevil,PSEUDOSTEM WEEVIL,256,256,1339
images/pseudostem_weevil/i_0001_173.jpg,pseudostem_weevil,PSEUDOSTEM WEEVIL,256,256,1408
images/pseudostem_weevil/g_0001_75.jpg,pseudostem_weevil,PSEUDOSTEM WEEVIL,256,256,1409
images/pseudostem_weevil/i_0001_6.jpg,pseudostem_weevil,PSEUDOSTEM WEEVIL,256,256,1184
images/pseudostem_weevil/e_0001_83.jpg,pseudostem_weevil,PSEUDOSTEM WEEVIL,256,256,1410
images/pseudostem_weevil/k_0001_203.jpg,pseudostem_weevil,PSEUDOSTEM WEEVIL,256,256,1411
images/pseudostem_weevil/e_0001_273.jpg,pseudostem_weevil,PSEUDOSTEM WEEVIL,256,256,1412
images/pseudostem_weevil/g_0001_103.jpg,pseudostem_weevil,PSEUDOSTEM WEEVIL,256,256,1071
images/pseudostem_weevil/d_0001_2.jpg,pseudostem_weevil,PSEUDOSTEM WEEVIL,256,256,1062
images/pseudostem_weevil/k_0001_24.jpg,pseudostem_weevil,PSEUDOSTEM WEEVIL,256,256,1254
images/pseudostem_weevil/a_252.jpg,pseudostem_weevil,PSEUDOSTEM WEEVIL,256,256,1083
images/pseudostem_weevil/a_225.jpg,pseudostem_weevil,PSEUDOSTEM WEEVIL,256,256,1346
images/pseudostem_weevil/k_0001_53.jpg,pseudostem_weevil,PSEUDOSTEM WEEVIL,256,256,1413
images/pseudostem_weevil/g_0001_174.jpg,pseudostem_weevil,PSEUDOSTEM WEEVIL,256,256,1057
images/pseudostem_weevil/d_0001_159.jpg,pseudostem_weevil,PSEUDOSTEM WEEVIL,256,256,1062
images/pseudostem_weevil/e_0001_204.jpg,pseudostem_weevil,PSEUDOSTEM WEEVIL,256,256,1055
images/pseudostem_weevil/j_0001_129.jpg,pseudostem_weevil,PSEUDOSTEM WEEVIL,256,256,1173
images/pseudostem_weevil/k_0001_274.jpg,pseudostem_weevil,PSEUDOSTEM WEEVIL,256,256,1061
images/pseudostem_weevil/i_0001_104.jpg,pseudostem_weevil,PSEUDOSTEM WEEVIL,256,256,1059
images/pseudostem_weevil/h_0001_259.jpg,pseudostem_weevil,PSEUDOSTEM WEEVIL,256,256,1414
images/pseudostem_weevil/f_0001_1_44.jpg,pseudostem_weevil,PSEUDOSTEM WEEVIL,256,256,1060
images/pseudostem_weevil/f_0001_1_106.jpg,pseudostem_weevil,PSEUDOSTEM WEEVIL,256,256,1376
images/pseudostem_weevil/j_0001_200.jpg,pseudostem_weevil,PSEUDOSTEM WEEVIL,256,256,1415
images/pseudostem_weevil/d_0001_57.jpg,pseudostem_weevil,PSEUDOSTEM WEEVIL,256,256,1062
images/pseudostem_weevil/h_0001_170.jpg,pseudostem_weevil,PSEUDOSTEM WEEVIL,256,256,1093
images/pseudostem_weevil/f_0001_1_9.jpg,pseudostem_weevil,PSEUDOSTEM WEEVIL,256,256,1416
images/pseudostem_weevil/e_0001_253.jpg,pseudostem_weevil,PSEUDOSTEM WEEVIL,256,256,1417
images/pseudostem_weevil/j_0001_191.jpg,pseudostem_weevil,PSEUDOSTEM WEEVIL,256,256,1232
images/pseudostem_weevil/g_0001_123.jpg,pseudostem_weevil,PSEUDOSTEM WEEVIL,256,256,1239
images/pseudostem_weevil/a_272.jpg,pseudostem_weevil,PSEUDOSTEM WEEVIL,256,256,1069
images/pseudostem_weevil/f_0001_1_13.jpg,pseudostem_weevil,PSEUDOSTEM WEEVIL,256,256,1082
images/pseudostem_weevil/i_0001_153.jpg,pseudostem_weevil,PSEUDOSTEM WEEVIL,256,256,1368
images/pseudostem_weevil/g_0001_55.jpg,pseudostem_weevil,PSEUDOSTEM WEEVIL,256,256,1189
images/pseudostem_weevil/k_0001_223.jpg,pseudostem_weevil,PSEUDOSTEM WEEVIL,256,256,1102
images/pseudostem_weevil/h_0001_127.jpg,pseudostem_weevil,PSEUDOSTEM WEEVIL,256,256,1078
images/pseudostem_weevil/e_0001_195.jpg,pseudostem_weevil,PSEUDOSTEM WEEVIL,256,256,1075
images/pseudostem_weevil/j_0001_48.jpg,pseudostem_weevil,PSEUDOSTEM WEEVIL,256,256,1090
images/pseudostem_weevil/c_0001_119.jpg,pseudostem_weevil,PSEUDOSTEM WEEVIL,256,256,1062
images/pseudostem_weevil/c_0001_57.jpg,pseudostem_weevil,PSEUDOSTEM WEEVIL,256,256,1062
images/pseudostem_weevil/h_0001_51.jpg,pseudostem_weevil,PSEUDOSTEM WEEVIL,256,256,1418
images/pseudostem_weevil/h_0001_432.jpg,pseudostem_weevil,PSEUDOSTEM WEEVIL,256,256,1419
images/pseudostem_weevil/i_0001_295.jpg,pseudostem_weevil,PSEUDOSTEM WEEVIL,256,256,1359
images/pseudostem_weevil/h_0001_3.jpg,pseudostem_weevil,PSEUDOSTEM WEEVIL,256,256,1084
images/pseudostem_weevil/a_264.jpg,pseudostem_weevil,PSEUDOSTEM WEEVIL,256,256,1420
images/pseudostem_weevil/k_0001_12.jpg,pseudostem_weevil,PSEUDOSTEM WEEVIL,256,256,1085
images/pseudostem_weevil/g_0001_135.jpg,pseudostem_weevil,PSEUDOSTEM WEEVIL,256,256,1085
images/pseudostem_weevil/j_0001_187.jpg,pseudostem_weevil,PSEUDOSTEM WEEVIL,256,256,1421
images/pseudostem_weevil/e_0001_245.jpg,pseudostem_weevil,PSEUDOSTEM WEEVIL,256,256,1422
images/pseudostem_weevil/d_0001_118.jpg,pseudostem_weevil,PSEUDOSTEM WEEVIL,256,256,1062
images/pseudostem_weevil/k_0001_235.jpg,pseudostem_weevil,PSEUDOSTEM WEEVIL,256,256,1055
images/pseudostem_weevil/j_0001_168.jpg,pseudostem_weevil,PSEUDOSTEM WEEVIL,256,256,1073
images/pseudostem_weevil/e_0001_7.jpg,pseudostem_weevil,PSEUDOSTEM WEEVIL,256,256,1423
images/pseudostem_weevil/e_0001_300.jpg,pseudostem_weevil,PSEUDOSTEM WEEVIL,256,256,1065
images/pseudostem_weevil/g_0001_43.jpg,pseudostem_weevil,PSEUDOSTEM WEEVIL,256,256,1424
images/pseudostem_weevil/h_0001_218.jpg,pseudostem_weevil,PSEUDOSTEM WEEVIL,256,256,1425
images/pseudostem_weevil/i_0001_145.jpg,pseudostem_weevil,PSEUDOSTEM WEEVIL,256,256,1086
images/pseudostem_weevil/b_0001_4.jpg,pseudostem_weevil,PSEUDOSTEM WEEVIL,256,256,1062
images/pseudostem_weevil/c_0001_41.jpg,pseudostem_weevil,PSEUDOSTEM WEEVIL,256,256,1062
images/pseudostem_weevil/j_0001_241.jpg,pseudostem_weevil,PSEUDOSTEM WEEVIL,256,256,1426
images/pseudostem_weevil/e_0001_183.jpg,pseudostem_weevil,PSEUDOSTEM WEEVIL,256,256,1332
images/pseudostem_weevil/d_0001_16.jpg,pseudostem_weevil,PSEUDOSTEM WEEVIL,256,256,1062
images/pseudostem_weevil/h_0001_131.jpg,pseudostem_weevil,PSEUDOSTEM WEEVIL,256,256,1085
images/pseudostem_weevil/i_0001_283.jpg,pseudostem_weevil,PSEUDOSTEM WEEVIL,256,256,1334
images/pseudostem_weevil/h_0001_424.jpg,pseudostem_weevil,PSEUDOSTEM WEEVIL,256,256,1427
images/pseudostem_weevil/h_0001_47.jpg,pseudostem_weevil,PSEUDOSTEM WEEVIL,256,256,1428
images/pseudostem_weevil/e_0001_212.jpg,pseudostem_weevil,PSEUDOSTEM WEEVIL,256,256,1429
images/pseudostem_weevil/g_0001_162.jpg,pseudostem_weevil,PSEUDOSTEM WEEVIL,256,256,1094
images/pseudostem_weevil/k_0001_45.jpg,pseudostem_weevil,PSEUDOSTEM WEEVIL,256,256,1093
images/pseudostem_weevil/a_233.jpg,pseudostem_weevil,PSEUDOSTEM WEEVIL,256,256,1269
images/pseudostem_weevil/f_0001_1_52.jpg,pseudostem_weevil,PSEUDOSTEM WEEVIL,256,256,1060
images/pseudostem_weevil/i_0001_112.jpg,pseudostem_weevil,PSEUDOSTEM WEEVIL,256,256,1205
images/pseudostem_weevil/g_0001_14.jpg,pseudostem_weevil,PSEUDOSTEM WEEVIL,256,256,1146
images/pseudostem_weevil/k_0001_262.jpg,pseudostem_weevil,PSEUDOSTEM WEEVIL,256,256,1430
images/pseudostem_weevil/h_0001_166.jpg,pseudostem_weevil,PSEUDOSTEM WEEVIL,256,256,1093
images/pseudostem_weevil/d_0001_41.jpg,pseudostem_weevil,PSEUDOSTEM WEEVIL,256,256,1062
images/pseudostem_weevil/j_0001_216.jpg,pseudostem_weevil,PSEUDOSTEM WEEVIL,256,256,1417
images/pseudostem_weevil/c_0001_16.jpg,pseudostem_weevil,PSEUDOSTEM WEEVIL,256,256,1062
images/pseudostem_weevil/f_0001_1_110.jpg,pseudostem_weevil,PSEUDOSTEM WEEVIL,256,256,1330
images/pseudostem_weevil/k_0001_8.jpg,pseudostem_weevil,PSEUDOSTEM WEEVIL,256,256,1431
images/pseudostem_weevil/h_0001_10.jpg,pseudostem_weevil,PSEUDOSTEM WEEVIL,256,256,1102
images/pseudostem_weevil/h_0001_189.jpg,pseudostem_weevil,PSEUDOSTEM WEEVIL,256,256,1432
images/pseudostem_weevil/f_0001_1_29.jpg,pseudostem_weevil,PSEUDOSTEM WEEVIL,256,256,1090
images/pseudostem_weevil/i_0001_27.jpg,pseudostem_weevil,PSEUDOSTEM WEEVIL,256,256,1433
images/pseudostem_weevil/i_0001_169.jpg,pseudostem_weevil,PSEUDOSTEM WEEVIL,256,256,1204
images/pseudostem_weevil/h_0001_234.jpg,pseudostem_weevil,PSEUDOSTEM WEEVIL,256,256,1434
images/pseudostem_weevil/e_0001_99.jpg,pseudostem_weevil,PSEUDOSTEM WEEVIL,256,256,1062
images/pseudostem_weevil/e_0001_286.jpg,pseudostem_weevil,PSEUDOSTEM WEEVIL,256,256,1065
images/pseudostem_weevil/j_0001_144.jpg,pseudostem_weevil,PSEUDOSTEM WEEVIL,256,256,1153
images/pseudostem_weevil/k_0001_219.jpg,pseudostem_weevil,PSEUDOSTEM WEEVIL,256,256,1332
images/pseudostem_weevil/d_0001_134.jpg,pseudostem_weevil,PSEUDOSTEM WEEVIL,256,256,1062
images/pseudostem_weevil/e_0001_269.jpg,pseudostem_weevil,PSEUDOSTEM WEEVIL,256,256,1250
images/pseudostem_weevil/g_0001_80.jpg,pseudostem_weevil,PSEUDOSTEM WEEVIL,256,256,1435
images/pseudostem_weevil/e_0001_76.jpg,pseudostem_weevil,PSEUDOSTEM WEEVIL,256,256,1159
images/pseudostem_weevil/g_0001_119.jpg,pseudostem_weevil,PSEUDOSTEM WEEVIL,256,256,1239
images/pseudostem_weevil/i_0001_186.jpg,pseudostem_weevil,PSEUDOSTEM WEEVIL,256,256,1300
images/pseudostem_weevil/a_31.jpg,pseudostem_weevil,PSEUDOSTEM WEEVIL,256,256,1109
images/pseudostem_weevil/a_248.jpg,pseudostem_weevil,PSEUDOSTEM WEEVIL,256,256,1436
images/pseudostem_weevil/b_0001_21.jpg,pseudostem_weevil,PSEUDOSTEM WEEVIL,256,256,1062
images/pseudostem_weevil/h_0001_371.jpg,pseudostem_weevil,PSEUDOSTEM WEEVIL,256,256,1437
images/pseudostem_weevil/c_0001_82.jpg,pseudostem_weevil,PSEUDOSTEM WEEVIL,256,256,1062
images/pseudostem_weevil/e_0001_140.jpg,pseudostem_weevil,PSEUDOSTEM WEEVIL,256,256,1438
images/pseudostem_weevil/i_0001_305.jpg,pseudostem_weevil,PSEUDOSTEM WEEVIL,256,256,1113
images/pseudostem_weevil/a_161.jpg,pseudostem_weevil,PSEUDOSTEM WEEVIL,256,256,1439
images/pseudostem_weevil/h_0001_408.jpg,pseudostem_weevil,PSEUDOSTEM WEEVIL,256,256,1064
images/pseudostem_weevil/g_0001_230.jpg,pseudostem_weevil,PSEUDOSTEM WEEVIL,256,256,1107
images/pseudostem_weevil/i_0001_240.jpg,pseudostem_weevil,PSEUDOSTEM WEEVIL,256,256,1440
images/pseudostem_weevil/h_0001_84.jpg,pseudostem_weevil,PSEUDOSTEM WEEVIL,256,256,1096
images/pseudostem_weevil/k_0001_130.jpg,pseudostem_weevil,PSEUDOSTEM WEEVIL,256,256,1441
images/pseudostem_weevil/j_0001_72.jpg,pseudostem_weevil,PSEUDOSTEM WEEVIL,256,256,1117
images/pseudostem_weevil/j_0001_113.jpg,pseudostem_weevil,PSEUDOSTEM WEEVIL,256,256,1087
images/pseudostem_weevil/b_0001_100.jpg,pseudostem_weevil,PSEUDOSTEM WEEVIL,256,256,1442
images/pseudostem_weevil/g_0001_38.jpg,pseudostem_weevil,PSEUDOSTEM WEEVIL,256,256,1172
images/pseudostem_weevil/k_0001_86.jpg,pseudostem_weevil,PSEUDOSTEM WEEVIL,256,256,1443
images/pseudostem_weevil/h_0001_263.jpg,pseudostem_weevil,PSEUDOSTEM WEEVIL,256,256,1444
images/pseudostem_weevil/i_0001_70.jpg,pseudostem_weevil,PSEUDOSTEM WEEVIL,256,256,1445
images/pseudostem_weevil/b_0001_99.jpg,pseudostem_weevil,PSEUDOSTEM WEEVIL,256,256,1062
images/pseudostem_weevil/a_89.jpg,pseudostem_weevil,PSEUDOSTEM WEEVIL,256,256,1446
images/pseudostem_weevil/f_0001_1_91.jpg,pseudostem_weevil,PSEUDOSTEM WEEVIL,256,256,1064
images/pseudostem_weevil/a_66.jpg,pseudostem_weevil,PSEUDOSTEM WEEVIL,256,256,1447
images/pseudostem_weevil/b_0001_76.jpg,pseudostem_weevil,PSEUDOSTEM WEEVIL,256,256,1062
images/pseudostem_weevil/h_0001_326.jpg,pseudostem_weevil,PSEUDOSTEM WEEVIL,256,256,1448
images/pseudostem_weevil/k_0001_69.jpg,pseudostem_weevil,PSEUDOSTEM WEEVIL,256,256,1449
images/pseudostem_weevil/e_0001_21.jpg,pseudostem_weevil,PSEUDOSTEM WEEVIL,256,256,1087
images/pseudostem_weevil/d_0001_163.jpg,pseudostem_weevil,PSEUDOSTEM WEEVIL,256,256,1062
images/pseudostem_weevil/d_0001_82.jpg,pseudostem_weevil,PSEUDOSTEM WEEVIL,256,256,1062
images/pseudostem_weevil/a_136.jpg,pseudostem_weevil,PSEUDOSTEM WEEVIL,256,256,1450
images/pseudostem_weevil/k_0001_188.jpg,pseudostem_weevil,PSEUDOSTEM WEEVIL,256,256,1451
images/pseudostem_weevil/e_0001_117.jpg,pseudostem_weevil,PSEUDOSTEM WEEVIL,256,256,1371
images/pseudostem_weevil/k_0001_167.jpg,pseudostem_weevil,PSEUDOSTEM WEEVIL,256,256,1452
images/pseudostem_weevil/j_0001_25.jpg,pseudostem_weevil,PSEUDOSTEM WEEVIL,256,256,1453
images/pseudostem_weevil/i_0001_217.jpg,pseudostem_weevil,PSEUDOSTEM WEEVIL,256,256,1454
images/pseudostem_weevil/f_0001_1_68.jpg,pseudostem_weevil,PSEUDOSTEM WEEVIL,256,256,1103
images/pseudostem_weevil/i_0001_66.jpg,pseudostem_weevil,PSEUDOSTEM WEEVIL,256,256,1445
images/pseudostem_weevil/h_0001_275.jpg,pseudostem_weevil,PSEUDOSTEM WEEVIL,256,256,1455
images/pseudostem_weevil/k_0001_90.jpg,pseudostem_weevil,PSEUDOSTEM WEEVIL,256,256,1456
images/pseudostem_weevil/i_0001_128.jpg,pseudostem_weevil,PSEUDOSTEM WEEVIL,256,256,1224
images/pseudostem_weevil/k_0001_258.jpg,pseudostem_weevil,PSEUDOSTEM WEEVIL,256,256,1457
images/pseudostem_weevil/b_0001_116.jpg,pseudostem_weevil,PSEUDOSTEM WEEVIL,256,256,1062
images/pseudostem_weevil/j_0001_105.jpg,pseudostem_weevil,PSEUDOSTEM WEEVIL,256,256,1104
images/pseudostem_weevil/e_0001_228.jpg,pseudostem_weevil,PSEUDOSTEM WEEVIL,256,256,1160
images/pseudostem_weevil/d_0001_175.jpg,pseudostem_weevil,PSEUDOSTEM WEEVIL,256,256,1062
images/pseudostem_weevil/e_0001_37.jpg,pseudostem_weevil,PSEUDOSTEM WEEVIL,256,256,1062
images/pseudostem_weevil/g_0001_158.jpg,pseudostem_weevil,PSEUDOSTEM WEEVIL,256,256,1458
images/pseudostem_weevil/i_0001_89.jpg,pseudostem_weevil,PSEUDOSTEM WEEVIL,256,256,1220
images/pseudostem_weevil/b_0001_60.jpg,pseudostem_weevil,PSEUDOSTEM WEEVIL,256,256,1062
images/pseudostem_weevil/h_0001_330.jpg,pseudostem_weevil,PSEUDOSTEM WEEVIL,256,256,1312
images/pseudostem_weevil/a_209.jpg,pseudostem_weevil,PSEUDOSTEM WEEVIL,256,256,1459
images/pseudostem_weevil/a_70.jpg,pseudostem_weevil,PSEUDOSTEM WEEVIL,256,256,1447
images/pseudostem_weevil/f_0001_1_87.jpg,pseudostem_weevil,PSEUDOSTEM WEEVIL,256,256,1064
images/pseudostem_weevil/g_0001_5.jpg,pseudostem_weevil,PSEUDOSTEM WEEVIL,256,256,1460
images/pseudostem_weevil/e_0001_101.jpg,pseudostem_weevil,PSEUDOSTEM WEEVIL,256,256,1461
images/pseudostem_weevil/a_120.jpg,pseudostem_weevil,PSEUDOSTEM WEEVIL,256,256,1131
images/pseudostem_weevil/d_0001_94.jpg,pseudostem_weevil,PSEUDOSTEM WEEVIL,256,256,1062
images/pseudostem_weevil/h_0001_449.jpg,pseudostem_weevil,PSEUDOSTEM WEEVIL,256,256,1153
images/pseudostem_weevil/i_0001_201.jpg,pseudostem_weevil,PSEUDOSTEM WEEVIL,256,256,1462
images/pseudostem_weevil/j_0001_1.jpg,pseudostem_weevil,PSEUDOSTEM WEEVIL,256,256,1371
images/pseudostem_weevil/j_0001_33.jpg,pseudostem_weevil,PSEUDOSTEM WEEVIL,256,256,1463
images/pseudostem_weevil/k_0001_171.jpg,pseudostem_weevil,PSEUDOSTEM WEEVIL,256,256,1464
images/pseudostem_weevil/j_0001_152.jpg,pseudostem_weevil,PSEUDOSTEM WEEVIL,256,256,1153
images/pseudostem_weevil/e_0001_290.jpg,pseudostem_weevil,PSEUDOSTEM WEEVIL,256,256,1065
images/pseudostem_weevil/g_0001_79.jpg,pseudostem_weevil,PSEUDOSTEM WEEVIL,256,256,1078
images/pseudostem_weevil/h_0001_222.jpg,pseudostem_weevil,PSEUDOSTEM WEEVIL,256,256,1298
images/pseudostem_weevil/i_0001_31.jpg,pseudostem_weevil,PSEUDOSTEM WEEVIL,256,256,1465
images/pseudostem_weevil/h_0001_388.jpg,pseudostem_weevil,PSEUDOSTEM WEEVIL,256,256,1407
images/pseudostem_weevil/b_0001_37.jpg,pseudostem_weevil,PSEUDOSTEM WEEVIL,256,256,1062
images/pseudostem_weevil/h_0001_367.jpg,pseudostem_weevil,PSEUDOSTEM WEEVIL,256,256,1156
images/pseudostem_weevil/a_27.jpg,pseudostem_weevil,PSEUDOSTEM WEEVIL,256,256,1109
images/pseudostem_weevil/i_0001_190.jpg,pseudostem_weevil,PSEUDOSTEM WEEVIL,256,256,1462
images/pseudostem_weevil/k_0001_28.jpg,pseudostem_weevil,PSEUDOSTEM WEEVIL,256,256,1179
images/pseudostem_weevil/e_0001_60.jpg,pseudostem_weevil,PSEUDOSTEM WEEVIL,256,256,1107
images/pseudostem_weevil/g_0001_96.jpg,pseudostem_weevil,PSEUDOSTEM WEEVIL,256,256,1366
images/pseudostem_weevil/d_0001_122.jpg,pseudostem_weevil,PSEUDOSTEM WEEVIL,256,256,1062
images/pseudostem_weevil/g_0001_226.jpg,pseudostem_weevil,PSEUDOSTEM WEEVIL,256,256,1235
images/pseudostem_weevil/a_177.jpg,pseudostem_weevil,PSEUDOSTEM WEEVIL,256,256,1201
images/pseudostem_weevil/e_0001_156.jpg,pseudostem_weevil,PSEUDOSTEM WEEVIL,256,256,1254
images/pseudostem_weevil/c_0001_94.jpg,pseudostem_weevil,PSEUDOSTEM WEEVIL,256,256,1062
images/pseudostem_weevil/j_0001_64.jpg,pseudostem_weevil,PSEUDOSTEM WEEVIL,256,256,1295
images/pseudostem_weevil/k_0001_126.jpg,pseudostem_weevil,PSEUDOSTEM WEEVIL,256,256,1466
images/pseudostem_weevil/h_0001_92.jpg,pseudostem_weevil,PSEUDOSTEM WEEVIL,256,256,1227
images/pseudostem_weevil/a_198.jpg,pseudostem_weevil,PSEUDOSTEM WEEVIL,256,256,1467
images/pseudostem_weevil/i_0001_256.jpg,pseudostem_weevil,PSEUDOSTEM WEEVIL,256,256,1118
images/pseudostem_weevil/g_0001_227.jpg,pseudostem_weevil,PSEUDOSTEM WEEVIL,256,256,1468
images/pseudostem_weevil/a_176.jpg,pseudostem_weevil,PSEUDOSTEM WEEVIL,256,256,1201
images/pseudostem_weevil/i_0001_312.jpg,pseudostem_weevil,PSEUDOSTEM WEEVIL,256,256,1469
images/pseudostem_weevil/e_0001_157.jpg,pseudostem_weevil,PSEUDOSTEM WEEVIL,256,256,1070
images/pseudostem_weevil/c_0001_95.jpg,pseudostem_weevil,PSEUDOSTEM WEEVIL,256,256,1062
images/pseudostem_weevil/j_0001_65.jpg,pseudostem_weevil,PSEUDOSTEM WEEVIL,256,256,1295
images/pseudostem_weevil/k_0001_127.jpg,pseudostem_weevil,PSEUDOSTEM WEEVIL,256,256,1470
images/pseudostem_weevil/h_0001_93.jpg,pseudostem_weevil,PSEUDOSTEM WEEVIL,256,256,1160
images/pseudostem_weevil/a_199.jpg,pseudostem_weevil,PSEUDOSTEM WEEVIL,256,256,1467
images/pseudostem_weevil/i_0001_257.jpg,pseudostem_weevil,PSEUDOSTEM WEEVIL,256,256,1118
images/pseudostem_weevil/j_0001_153.jpg,pseudostem_weevil,PSEUDOSTEM WEEVIL,256,256,1153
images/pseudostem_weevil/e_0001_291.jpg,pseudostem_weevil,PSEUDOSTEM WEEVIL,256,256,1342
images/pseudostem_weevil/g_0001_78.jpg,pseudostem_weevil,PSEUDOSTEM WEEVIL,256,256,1070
images/pseudostem_weevil/h_0001_223.jpg,pseudostem_weevil,PSEUDOSTEM WEEVIL,256,256,1090
images/pseudostem_weevil/i_0001_30.jpg,pseudostem_weevil,PSEUDOSTEM WEEVIL,256,256,1471
images/pseudostem_weevil/h_0001_389.jpg,pseudostem_weevil,PSEUDOSTEM WEEVIL,256,256,1407
images/pseudostem_weevil/a_26.jpg,pseudostem_weevil,PSEUDOSTEM WEEVIL,256,256,1109
images/pseudostem_weevil/b_0001_36.jpg,pseudostem_weevil,PSEUDOSTEM WEEVIL,256,256,1062
images/pseudostem_weevil/h_0001_366.jpg,pseudostem_weevil,PSEUDOSTEM WEEVIL,256,256,1156
images/pseudostem_weevil/k_0001_29.jpg,pseudostem_weevil,PSEUDOSTEM WEEVIL,256,256,1179
images/pseudostem_weevil/i_0001_191.jpg,pseudostem_weevil,PSEUDOSTEM WEEVIL,256,256,1195
images/pseudostem_weevil/e_0001_61.jpg,pseudostem_weevil,PSEUDOSTEM WEEVIL,256,256,1472
images/pseudostem_weevil/g_0001_97.jpg,pseudostem_weevil,PSEUDOSTEM WEEVIL,256,256,1417
images/pseudostem_weevil/d_0001_123.jpg,pseudostem_weevil,PSEUDOSTEM WEEVIL,256,256,1062
images/pseudostem_weevil/e_0001_100.jpg,pseudostem_weevil,PSEUDOSTEM WEEVIL,256,256,1461
images/pseudostem_weevil/g_0001_4.jpg,pseudostem_weevil,PSEUDOSTEM WEEVIL,256,256,1473
images/pseudostem_weevil/a_121.jpg,pseudostem_weevil,PSEUDOSTEM WEEVIL,256,256,1131
images/pseudostem_weevil/d_0001_95.jpg,pseudostem_weevil,PSEUDOSTEM WEEVIL,256,256,1062
images/pseudostem_weevil/h_0001_448.jpg,pseudostem_weevil,PSEUDOSTEM WEEVIL,256,256,1153
images/pseudostem_weevil/i_0001_200.jpg,pseudostem_weevil,PSEUDOSTEM WEEVIL,256,256,1410
images/pseudostem_weevil/j_0001_32.jpg,pseudostem_weevil,PSEUDOSTEM WEEVIL,256,256,1388
images/pseudostem_weevil/k_0001_170.jpg,pseudostem_weevil,PSEUDOSTEM WEEVIL,256,256,1464
images/pseudostem_weevil/f_0001_1_69.jpg,pseudostem_weevil,PSEUDOSTEM WEEVIL,256,256,1104
images/pseudostem_weevil/i_0001_67.jpg,pseudostem_weevil,PSEUDOSTEM WEEVIL,256,256,1445
images/pseudostem_weevil/i_0001_129.jpg,pseudostem_weevil,PSEUDOSTEM WEEVIL,256,256,1390
images/pseudostem_weevil/k_0001_91.jpg,pseudostem_weevil,PSEUDOSTEM WEEVIL,256,256,1474
images/pseudostem_weevil/h_0001_274.jpg,pseudostem_weevil,PSEUDOSTEM WEEVIL,256,256,1455
images/pseudostem_weevil/j_0001_104.jpg,pseudostem_weevil,PSEUDOSTEM WEEVIL,256,256,1104
images/pseudostem_weevil/b_0001_117.jpg,pseudostem_weevil,PSEUDOSTEM WEEVIL,256,256,1062
images/pseudostem_weevil/k_0001_259.jpg,pseudostem_weevil,PSEUDOSTEM WEEVIL,256,256,1475
images/pseudostem_weevil/d_0001_174.jpg,pseudostem_weevil,PSEUDOSTEM WEEVIL,256,256,1062
images/pseudostem_weevil/e_0001_229.jpg,pseudostem_weevil,PSEUDOSTEM WEEVIL,256,256,1227
images/pseudostem_weevil/e_0001_36.jpg,pseudostem_weevil,PSEUDOSTEM WEEVIL,256,256,1062
images/pseudostem_weevil/g_0001_159.jpg,pseudostem_weevil,PSEUDOSTEM WEEVIL,256,256,1072
images/pseudostem_weevil/i_0001_88.jpg,pseudostem_weevil,PSEUDOSTEM WEEVIL,256,256,1220
images/pseudostem_weevil/a_71.jpg,pseudostem_weevil,PSEUDOSTEM WEEVIL,256,256,1447
images/pseudostem_weevil/a_208.jpg,pseudostem_weevil,PSEUDOSTEM WEEVIL,256,256,1395
images/pseudostem_weevil/b_0001_61.jpg,pseudostem_weevil,PSEUDOSTEM WEEVIL,256,256,1062
images/pseudostem_weevil/h_0001_331.jpg,pseudostem_weevil,PSEUDOSTEM WEEVIL,256,256,1312
images/pseudostem_weevil/f_0001_1_86.jpg,pseudostem_weevil,PSEUDOSTEM WEEVIL,256,256,1064
images/pseudostem_weevil/d_0001_83.jpg,pseudostem_weevil,PSEUDOSTEM WEEVIL,256,256,1062
images/pseudostem_weevil/a_137.jpg,pseudostem_weevil,PSEUDOSTEM WEEVIL,256,256,1476
images/pseudostem_weevil/k_0001_189.jpg,pseudostem_weevil,PSEUDOSTEM WEEVIL,256,256,1477
images/pseudostem_weevil/e_0001_116.jpg,pseudostem_weevil,PSEUDOSTEM WEEVIL,256,256,1371
images/pseudostem_weevil/k_0001_166.jpg,pseudostem_weevil,PSEUDOSTEM WEEVIL,256,256,1478
images/pseudostem_weevil/j_0001_24.jpg,pseudostem_weevil,PSEUDOSTEM WEEVIL,256,256,1172
images/pseudostem_weevil/i_0001_216.jpg,pseudostem_weevil,PSEUDOSTEM WEEVIL,256,256,1479
images/pseudostem_weevil/b_0001_101.jpg,pseudostem_weevil,PSEUDOSTEM WEEVIL,256,256,1442
images/pseudostem_weevil/j_0001_112.jpg,pseudostem_weevil,PSEUDOSTEM WEEVIL,256,256,1371
images/pseudostem_weevil/g_0001_39.jpg,pseudostem_weevil,PSEUDOSTEM WEEVIL,256,256,1480
images/pseudostem_weevil/h_0001_262.jpg,pseudostem_weevil,PSEUDOSTEM WEEVIL,256,256,1444
images/pseudostem_weevil/k_0001_87.jpg,pseudostem_weevil,PSEUDOSTEM WEEVIL,256,256,1481
images/pseudostem_weevil/i_0001_71.jpg,pseudostem_weevil,PSEUDOSTEM WEEVIL,256,256,1445
images/pseudostem_weevil/a_88.jpg,pseudostem_weevil,PSEUDOSTEM WEEVIL,256,256,1389
images/pseudostem_weevil/b_0001_98.jpg,pseudostem_weevil,PSEUDOSTEM WEEVIL,256,256,1442
images/pseudostem_weevil/f_0001_1_90.jpg,pseudostem_weevil,PSEUDOSTEM WEEVIL,256,256,1232
images/pseudostem_weevil/b_0001_77.jpg,pseudostem_weevil,PSEUDOSTEM WEEVIL,256,256,1062
images/pseudostem_weevil/h_0001_327.jpg,pseudostem_weevil,PSEUDOSTEM WEEVIL,256,256,1482
images/pseudostem_weevil/a_67.jpg,pseudostem_weevil,PSEUDOSTEM WEEVIL,256,256,1447
images/pseudostem_weevil/k_0001_68.jpg,pseudostem_weevil,PSEUDOSTEM WEEVIL,256,256,1266
images/pseudostem_weevil/e_0001_20.jpg,pseudostem_weevil,PSEUDOSTEM WEEVIL,256,256,1087
images/pseudostem_weevil/d_0001_162.jpg,pseudostem_weevil,PSEUDOSTEM WEEVIL,256,256,1062
images/pseudostem_weevil/c_0001_83.jpg,pseudostem_weevil,PSEUDOSTEM WEEVIL,256,256,1062
images/pseudostem_weevil/e_0001_141.jpg,pseudostem_weevil,PSEUDOSTEM WEEVIL,256,256,1102
images/pseudostem_weevil/a_160.jpg,pseudostem_weevil,PSEUDOSTEM WEEVIL,256,256,1439
images/pseudostem_weevil/i_0001_304.jpg,pseudostem_weevil,PSEUDOSTEM WEEVIL,256,256,1113
images/pseudostem_weevil/g_0001_231.jpg,pseudostem_weevil,PSEUDOSTEM WEEVIL,256,256,1472
images/pseudostem_weevil/h_0001_409.jpg,pseudostem_weevil,PSEUDOSTEM WEEVIL,256,256,1064
images/pseudostem_weevil/i_0001_241.jpg,pseudostem_weevil,PSEUDOSTEM WEEVIL,256,256,1440
images/pseudostem_weevil/h_0001_85.jpg,pseudostem_weevil,PSEUDOSTEM WEEVIL,256,256,1096
images/pseudostem_weevil/k_0001_131.jpg,pseudostem_weevil,PSEUDOSTEM WEEVIL,256,256,1483
images/pseudostem_weevil/j_0001_73.jpg,pseudostem_weevil,PSEUDOSTEM WEEVIL,256,256,1117
images/pseudostem_weevil/f_0001_1_28.jpg,pseudostem_weevil,PSEUDOSTEM WEEVIL,256,256,1090
images/pseudostem_weevil/i_0001_26.jpg,pseudostem_weevil,PSEUDOSTEM WEEVIL,256,256,1433
images/pseudostem_weevil/h_0001_235.jpg,pseudostem_weevil,PSEUDOSTEM WEEVIL,256,256,1060
images/pseudostem_weevil/i_0001_168.jpg,pseudostem_weevil,PSEUDOSTEM WEEVIL,256,256,1462
images/pseudostem_weevil/e_0001_98.jpg,pseudostem_weevil,PSEUDOSTEM WEEVIL,256,256,1484
images/pseudostem_weevil/e_0001_287.jpg,pseudostem_weevil,PSEUDOSTEM WEEVIL,256,256,1065
images/pseudostem_weevil/k_0001_218.jpg,pseudostem_weevil,PSEUDOSTEM WEEVIL,256,256,1332
images/pseudostem_weevil/j_0001_145.jpg,pseudostem_weevil,PSEUDOSTEM WEEVIL,256,256,1153
images/pseudostem_weevil/e_0001_268.jpg,pseudostem_weevil,PSEUDOSTEM WEEVIL,256,256,1485
images/pseudostem_weevil/d_0001_135.jpg,pseudostem_weevil,PSEUDOSTEM WEEVIL,256,256,1062
images/pseudostem_weevil/g_0001_81.jpg,pseudostem_weevil,PSEUDOSTEM WEEVIL,256,256,1486
images/pseudostem_weevil/e_0001_77.jpg,pseudostem_weevil,PSEUDOSTEM WEEVIL,256,256,1062
images/pseudostem_weevil/g_0001_118.jpg,pseudostem_weevil,PSEUDOSTEM WEEVIL,256,256,1239
images/pseudostem_weevil/i_0001_187.jpg,pseudostem_weevil,PSEUDOSTEM WEEVIL,256,256,1487
images/pseudostem_weevil/b_0001_20.jpg,pseudostem_weevil,PSEUDOSTEM WEEVIL,256,256,1062
images/pseudostem_weevil/h_0001_370.jpg,pseudostem_weevil,PSEUDOSTEM WEEVIL,256,256,1488
images/pseudostem_weevil/a_249.jpg,pseudostem_weevil,PSEUDOSTEM WEEVIL,256,256,1436
images/pseudostem_weevil/a_30.jpg,pseudostem_weevil,PSEUDOSTEM WEEVIL,256,256,1109
images/pseudostem_weevil/h_0001_167.jpg,pseudostem_weevil,PSEUDOSTEM WEEVIL,256,256,1093
images/pseudostem_weevil/d_0001_40.jpg,pseudostem_weevil,PSEUDOSTEM WEEVIL,256,256,1062
images/pseudostem_weevil/j_0001_217.jpg,pseudostem_weevil,PSEUDOSTEM WEEVIL,256,256,1417
images/pseudostem_weevil/c_0001_17.jpg,pseudostem_weevil,PSEUDOSTEM WEEVIL,256,256,1062
images/pseudostem_weevil/f_0001_1_111.jpg,pseudostem_weevil,PSEUDOSTEM WEEVIL,256,256,1080
images/pseudostem_weevil/k_0001_9.jpg,pseudostem_weevil,PSEUDOSTEM WEEVIL,256,256,1085
images/pseudostem_weevil/h_0001_11.jpg,pseudostem_weevil,PSEUDOSTEM WEEVIL,256,256,1102
images/pseudostem_weevil/h_0001_188.jpg,pseudostem_weevil,PSEUDOSTEM WEEVIL,256,256,1489
images/pseudostem_weevil/e_0001_213.jpg,pseudostem_weevil,PSEUDOSTEM WEEVIL,256,256,1096
images/pseudostem_weevil/g_0001_163.jpg,pseudostem_weevil,PSEUDOSTEM WEEVIL,256,256,1094
images/pseudostem_weevil/k_0001_44.jpg,pseudostem_weevil,PSEUDOSTEM WEEVIL,256,256,1093
images/pseudostem_weevil/a_232.jpg,pseudostem_weevil,PSEUDOSTEM WEEVIL,256,256,1269
images/pseudostem_weevil/f_0001_1_53.jpg,pseudostem_weevil,PSEUDOSTEM WEEVIL,256,256,1060
images/pseudostem_weevil/i_0001_113.jpg,pseudostem_weevil,PSEUDOSTEM WEEVIL,256,256,1151
images/pseudostem_weevil/g_0001_15.jpg,pseudostem_weevil,PSEUDOSTEM WEEVIL,256,256,1146
images/pseudostem_weevil/k_0001_263.jpg,pseudostem_weevil,PSEUDOSTEM WEEVIL,256,256,1475
images/pseudostem_weevil/b_0001_5.jpg,pseudostem_weevil,PSEUDOSTEM WEEVIL,256,256,1363
images/pseudostem_weevil/c_0001_40.jpg,pseudostem_weevil,PSEUDOSTEM WEEVIL,256,256,1062
images/pseudostem_weevil/j_0001_240.jpg,pseudostem_weevil,PSEUDOSTEM WEEVIL,256,256,1490
images/pseudostem_weevil/e_0001_182.jpg,pseudostem_weevil,PSEUDOSTEM WEEVIL,256,256,1332
images/pseudostem_weevil/d_0001_17.jpg,pseudostem_weevil,PSEUDOSTEM WEEVIL,256,256,1062
images/pseudostem_weevil/h_0001_130.jpg,pseudostem_weevil,PSEUDOSTEM WEEVIL,256,256,1085
images/pseudostem_weevil/i_0001_282.jpg,pseudostem_weevil,PSEUDOSTEM WEEVIL,256,256,1286
images/pseudostem_weevil/h_0001_425.jpg,pseudostem_weevil,PSEUDOSTEM WEEVIL,256,256,1491
images/pseudostem_weevil/h_0001_46.jpg,pseudostem_weevil,PSEUDOSTEM WEEVIL,256,256,1060
images/pseudostem_weevil/h_0001_2.jpg,pseudostem_weevil,PSEUDOSTEM WEEVIL,256,256,1492
images/pseudostem_weevil/a_265.jpg,pseudostem_weevil,PSEUDOSTEM WEEVIL,256,256,1069
images/pseudostem_weevil/k_0001_13.jpg,pseudostem_weevil,PSEUDOSTEM WEEVIL,256,256,1254
images/pseudostem_weevil/g_0001_134.jpg,pseudostem_weevil,PSEUDOSTEM WEEVIL,256,256,1065
images/pseudostem_weevil/j_0001_186.jpg,pseudostem_weevil,PSEUDOSTEM WEEVIL,256,256,1103
images/pseudostem_weevil/d_0001_119.jpg,pseudostem_weevil,PSEUDOSTEM WEEVIL,256,256,1062
images/pseudostem_weevil/e_0001_244.jpg,pseudostem_weevil,PSEUDOSTEM WEEVIL,256,256,1327
images/pseudostem_weevil/j_0001_169.jpg,pseudostem_weevil,PSEUDOSTEM WEEVIL,256,256,1102
images/pseudostem_weevil/k_0001_234.jpg,pseudostem_weevil,PSEUDOSTEM WEEVIL,256,256,1102
images/pseudostem_weevil/e_0001_6.jpg,pseudostem_weevil,PSEUDOSTEM WEEVIL,256,256,1213
images/pseudostem_weevil/e_0001_301.jpg,pseudostem_weevil,PSEUDOSTEM WEEVIL,256,256,1065
images/pseudostem_weevil/g_0001_42.jpg,pseudostem_weevil,PSEUDOSTEM WEEVIL,256,256,1493
images/pseudostem_weevil/i_0001_144.jpg,pseudostem_weevil,PSEUDOSTEM WEEVIL,256,256,1086
images/pseudostem_weevil/h_0001_219.jpg,pseudostem_weevil,PSEUDOSTEM WEEVIL,256,256,1494
images/pseudostem_weevil/h_0001_126.jpg,pseudostem_weevil,PSEUDOSTEM WEEVIL,256,256,1078
images/pseudostem_weevil/e_0001_194.jpg,pseudostem_weevil,PSEUDOSTEM WEEVIL,256,256,1075
images/pseudostem_weevil/c_0001_118.jpg,pseudostem_weevil,PSEUDOSTEM WEEVIL,256,256,1062
images/pseudostem_weevil/j_0001_49.jpg,pseudostem_weevil,PSEUDOSTEM WEEVIL,256,256,1090
images/pseudostem_weevil/c_0001_56.jpg,pseudostem_weevil,PSEUDOSTEM WEEVIL,256,256,1062
images/pseudostem_weevil/h_0001_50.jpg,pseudostem_weevil,PSEUDOSTEM WEEVIL,256,256,1428
images/pseudostem_weevil/h_0001_433.jpg,pseudostem_weevil,PSEUDOSTEM WEEVIL,256,256,1495
images/pseudostem_weevil/i_0001_294.jpg,pseudostem_weevil,PSEUDOSTEM WEEVIL,256,256,1079
images/pseudostem_weevil/e_0001_252.jpg,pseudostem_weevil,PSEUDOSTEM WEEVIL,256,256,1417
images/pseudostem_weevil/j_0001_190.jpg,pseudostem_weevil,PSEUDOSTEM WEEVIL,256,256,1232
images/pseudostem_weevil/g_0001_122.jpg,pseudostem_weevil,PSEUDOSTEM WEEVIL,256,256,1245
images/pseudostem_weevil/a_273.jpg,pseudostem_weevil,PSEUDOSTEM WEEVIL,256,256,1069
images/pseudostem_weevil/f_0001_1_12.jpg,pseudostem_weevil,PSEUDOSTEM WEEVIL,256,256,1057
images/pseudostem_weevil/i_0001_152.jpg,pseudostem_weevil,PSEUDOSTEM WEEVIL,256,256,1368
images/pseudostem_weevil/g_0001_54.jpg,pseudostem_weevil,PSEUDOSTEM WEEVIL,256,256,1250
images/pseudostem_weevil/k_0001_222.jpg,pseudostem_weevil,PSEUDOSTEM WEEVIL,256,256,1075
images/pseudostem_weevil/f_0001_1_107.jpg,pseudostem_weevil,PSEUDOSTEM WEEVIL,256,256,1496
images/pseudostem_weevil/j_0001_201.jpg,pseudostem_weevil,PSEUDOSTEM WEEVIL,256,256,1497
images/pseudostem_weevil/d_0001_56.jpg,pseudostem_weevil,PSEUDOSTEM WEEVIL,256,256,1062
images/pseudostem_weevil/h_0001_171.jpg,pseudostem_weevil,PSEUDOSTEM WEEVIL,256,256,1093
images/pseudostem_weevil/f_0001_1_8.jpg,pseudostem_weevil,PSEUDOSTEM WEEVIL,256,256,1416
images/pseudostem_weevil/a_224.jpg,pseudostem_weevil,PSEUDOSTEM WEEVIL,256,256,1095
images/pseudostem_weevil/k_0001_52.jpg,pseudostem_weevil,PSEUDOSTEM WEEVIL,256,256,1498
images/pseudostem_weevil/g_0001_175.jpg,pseudostem_weevil,PSEUDOSTEM WEEVIL,256,256,1057
images/pseudostem_weevil/e_0001_205.jpg,pseudostem_weevil,PSEUDOSTEM WEEVIL,256,256,1055
images/pseudostem_weevil/d_0001_158.jpg,pseudostem_weevil,PSEUDOSTEM WEEVIL,256,256,1062
images/pseudostem_weevil/k_0001_275.jpg,pseudostem_weevil,PSEUDOSTEM WEEVIL,256,256,1061
images/pseudostem_weevil/j_0001_128.jpg,pseudostem_weevil,PSEUDOSTEM WEEVIL,256,256,1173
images/pseudostem_weevil/h_0001_258.jpg,pseudostem_weevil,PSEUDOSTEM WEEVIL,256,256,1499
images/pseudostem_weevil/i_0001_105.jpg,pseudostem_weevil,PSEUDOSTEM WEEVIL,256,256,1059
images/pseudostem_weevil/f_0001_1_45.jpg,pseudostem_weevil,PSEUDOSTEM WEEVIL,256,256,1060
images/pseudostem_weevil/h_0001_385.jpg,pseudostem_weevil,PSEUDOSTEM WEEVIL,256,256,1407
images/pseudostem_weevil/f_0001_1_32.jpg,pseudostem_weevil,PSEUDOSTEM WEEVIL,256,256,1333
images/pseudostem_weevil/i_0001_172.jpg,pseudostem_weevil,PSEUDOSTEM WEEVIL,256,256,1500
images/pseudostem_weevil/i_0001_7.jpg,pseudostem_weevil,PSEUDOSTEM WEEVIL,256,256,1501
images/pseudostem_weevil/g_0001_74.jpg,pseudostem_weevil,PSEUDOSTEM WEEVIL,256,256,1502
images/pseudostem_weevil/e_0001_82.jpg,pseudostem_weevil,PSEUDOSTEM WEEVIL,256,256,1410
images/pseudostem_weevil/k_0001_202.jpg,pseudostem_weevil,PSEUDOSTEM WEEVIL,256,256,1503
images/pseudostem_weevil/e_0001_272.jpg,pseudostem_weevil,PSEUDOSTEM WEEVIL,256,256,1412
images/pseudostem_weevil/g_0001_102.jpg,pseudostem_weevil,PSEUDOSTEM WEEVIL,256,256,1244
images/pseudostem_weevil/k_0001_25.jpg,pseudostem_weevil,PSEUDOSTEM WEEVIL,256,256,1237
images/pseudostem_weevil/d_0001_3.jpg,pseudostem_weevil,PSEUDOSTEM WEEVIL,256,256,1062
images/pseudostem_weevil/a_253.jpg,pseudostem_weevil,PSEUDOSTEM WEEVIL,256,256,1083
images/pseudostem_weevil/c_0001_99.jpg,pseudostem_weevil,PSEUDOSTEM WEEVIL,256,256,1062
images/pseudostem_weevil/h_0001_70.jpg,pseudostem_weevil,PSEUDOSTEM WEEVIL,256,256,1055
images/pseudostem_weevil/j_0001_86.jpg,pseudostem_weevil,PSEUDOSTEM WEEVIL,256,256,1504
images/pseudostem_weevil/h_0001_413.jpg,pseudostem_weevil,PSEUDOSTEM WEEVIL,256,256,1090
images/pseudostem_weevil/h_0001_106.jpg,pseudostem_weevil,PSEUDOSTEM WEEVIL,256,256,1061
images/pseudostem_weevil/a_195.jpg,pseudostem_weevil,PSEUDOSTEM WEEVIL,256,256,1467
images/pseudostem_weevil/d_0001_21.jpg,pseudostem_weevil,PSEUDOSTEM WEEVIL,256,256,1062
images/pseudostem_weevil/j_0001_69.jpg,pseudostem_weevil,PSEUDOSTEM WEEVIL,256,256,1117
images/pseudostem_weevil/c_0001_76.jpg,pseudostem_weevil,PSEUDOSTEM WEEVIL,256,256,1062
images/pseudostem_weevil/k_0001_255.jpg,pseudostem_weevil,PSEUDOSTEM WEEVIL,256,256,1505
images/pseudostem_weevil/j_0001_108.jpg,pseudostem_weevil,PSEUDOSTEM WEEVIL,256,256,1104
images/pseudostem_weevil/g_0001_23.jpg,pseudostem_weevil,PSEUDOSTEM WEEVIL,256,256,1506
images/pseudostem_weevil/h_0001_278.jpg,pseudostem_weevil,PSEUDOSTEM WEEVIL,256,256,1507
images/pseudostem_weevil/i_0001_125.jpg,pseudostem_weevil,PSEUDOSTEM WEEVIL,256,256,1224
images/pseudostem_weevil/f_0001_1_65.jpg,pseudostem_weevil,PSEUDOSTEM WEEVIL,256,256,1104
images/pseudostem_weevil/a_92.jpg,pseudostem_weevil,PSEUDOSTEM WEEVIL,256,256,1508
images/pseudostem_weevil/b_0001_82.jpg,pseudostem_weevil,PSEUDOSTEM WEEVIL,256,256,1062
images/pseudostem_weevil/a_204.jpg,pseudostem_weevil,PSEUDOSTEM WEEVIL,256,256,1251
images/pseudostem_weevil/k_0001_72.jpg,pseudostem_weevil,PSEUDOSTEM WEEVIL,256,256,1509
images/pseudostem_weevil/h_0001_297.jpg,pseudostem_weevil,PSEUDOSTEM WEEVIL,256,256,1510
images/pseudostem_weevil/g_0001_155.jpg,pseudostem_weevil,PSEUDOSTEM WEEVIL,256,256,1316
images/pseudostem_weevil/i_0001_84.jpg,pseudostem_weevil,PSEUDOSTEM WEEVIL,256,256,1229
images/pseudostem_weevil/e_0001_225.jpg,pseudostem_weevil,PSEUDOSTEM WEEVIL,256,256,1227
images/pseudostem_weevil/d_0001_178.jpg,pseudostem_weevil,PSEUDOSTEM WEEVIL,256,256,1062
images/pseudostem_weevil/h_0001_444.jpg,pseudostem_weevil,PSEUDOSTEM WEEVIL,256,256,1153
images/pseudostem_weevil/d_0001_99.jpg,pseudostem_weevil,PSEUDOSTEM WEEVIL,256,256,1062
images/pseudostem_weevil/k_0001_193.jpg,pseudostem_weevil,PSEUDOSTEM WEEVIL,256,256,1511
images/pseudostem_weevil/g_0001_8.jpg,pseudostem_weevil,PSEUDOSTEM WEEVIL,256,256,1461
images/pseudostem_weevil/h_0001_27.jpg,pseudostem_weevil,PSEUDOSTEM WEEVIL,256,256,1266
images/pseudostem_weevil/c_0001_21.jpg,pseudostem_weevil,PSEUDOSTEM WEEVIL,256,256,1062
images/pseudostem_weevil/j_0001_221.jpg,pseudostem_weevil,PSEUDOSTEM WEEVIL,256,256,1512
images/pseudostem_weevil/d_0001_76.jpg,pseudostem_weevil,PSEUDOSTEM WEEVIL,256,256,1062
images/pseudostem_weevil/h_0001_151.jpg,pseudostem_weevil,PSEUDOSTEM WEEVIL,256,256,1179
images/pseudostem_weevil/b_0001_94.jpg,pseudostem_weevil,PSEUDOSTEM WEEVIL,256,256,1062
images/pseudostem_weevil/a_84.jpg,pseudostem_weevil,PSEUDOSTEM WEEVIL,256,256,1215
images/pseudostem_weevil/f_0001_1_73.jpg,pseudostem_weevil,PSEUDOSTEM WEEVIL,256,256,1104
images/pseudostem_weevil/i_0001_133.jpg,pseudostem_weevil,PSEUDOSTEM WEEVIL,256,256,1390
images/pseudostem_weevil/g_0001_35.jpg,pseudostem_weevil,PSEUDOSTEM WEEVIL,256,256,1078
images/pseudostem_weevil/k_0001_243.jpg,pseudostem_weevil,PSEUDOSTEM WEEVIL,256,256,1513
images/pseudostem_weevil/e_0001_233.jpg,pseudostem_weevil,PSEUDOSTEM WEEVIL,256,256,1061
images/pseudostem_weevil/i_0001_92.jpg,pseudostem_weevil,PSEUDOSTEM WEEVIL,256,256,1220
images/pseudostem_weevil/g_0001_143.jpg,pseudostem_weevil,PSEUDOSTEM WEEVIL,256,256,1065
images/pseudostem_weevil/h_0001_281.jpg,pseudostem_weevil,PSEUDOSTEM WEEVIL,256,256,1514
images/pseudostem_weevil/k_0001_64.jpg,pseudostem_weevil,PSEUDOSTEM WEEVIL,256,256,1515
images/pseudostem_weevil/a_212.jpg,pseudostem_weevil,PSEUDOSTEM WEEVIL,256,256,1095
images/pseudostem_weevil/h_0001_31.jpg,pseudostem_weevil,PSEUDOSTEM WEEVIL,256,256,1456
images/pseudostem_weevil/k_0001_185.jpg,pseudostem_weevil,PSEUDOSTEM WEEVIL,256,256,1516
images/pseudostem_weevil/h_0001_452.jpg,pseudostem_weevil,PSEUDOSTEM WEEVIL,256,256,1153
images/pseudostem_weevil/h_0001_147.jpg,pseudostem_weevil,PSEUDOSTEM WEEVIL,256,256,1237
images/pseudostem_weevil/d_0001_60.jpg,pseudostem_weevil,PSEUDOSTEM WEEVIL,256,256,1062
images/pseudostem_weevil/j_0001_28.jpg,pseudostem_weevil,PSEUDOSTEM WEEVIL,256,256,1517
images/pseudostem_weevil/j_0001_237.jpg,pseudostem_weevil,PSEUDOSTEM WEEVIL,256,256,1239
images/pseudostem_weevil/c_0001_37.jpg,pseudostem_weevil,PSEUDOSTEM WEEVIL,256,256,1062
images/pseudostem_weevil/j_0001_149.jpg,pseudostem_weevil,PSEUDOSTEM WEEVIL,256,256,1153
images/pseudostem_weevil/k_0001_214.jpg,pseudostem_weevil,PSEUDOSTEM WEEVIL,256,256,1206
images/pseudostem_weevil/e_0001_94.jpg,pseudostem_weevil,PSEUDOSTEM WEEVIL,256,256,1518
images/pseudostem_weevil/g_0001_62.jpg,pseudostem_weevil,PSEUDOSTEM WEEVIL,256,256,1082
images/pseudostem_weevil/a_300.jpg,pseudostem_weevil,PSEUDOSTEM WEEVIL,256,256,1187
images/pseudostem_weevil/i_0001_164.jpg,pseudostem_weevil,PSEUDOSTEM WEEVIL,256,256,1204
images/pseudostem_weevil/h_0001_239.jpg,pseudostem_weevil,PSEUDOSTEM WEEVIL,256,256,1519
images/pseudostem_weevil/f_0001_1_24.jpg,pseudostem_weevil,PSEUDOSTEM WEEVIL,256,256,1082
images/pseudostem_weevil/h_0001_393.jpg,pseudostem_weevil,PSEUDOSTEM WEEVIL,256,256,1205
images/pseudostem_weevil/a_245.jpg,pseudostem_weevil,PSEUDOSTEM WEEVIL,256,256,1520
images/pseudostem_weevil/k_0001_33.jpg,pseudostem_weevil,PSEUDOSTEM WEEVIL,256,256,1179
images/pseudostem_weevil/g_0001_114.jpg,pseudostem_weevil,PSEUDOSTEM WEEVIL,256,256,1385
images/pseudostem_weevil/d_0001_139.jpg,pseudostem_weevil,PSEUDOSTEM WEEVIL,256,256,1062
images/pseudostem_weevil/e_0001_264.jpg,pseudostem_weevil,PSEUDOSTEM WEEVIL,256,256,1158
images/pseudostem_weevil/h_0001_405.jpg,pseudostem_weevil,PSEUDOSTEM WEEVIL,256,256,1104
images/pseudostem_weevil/i_0001_308.jpg,pseudostem_weevil,PSEUDOSTEM WEEVIL,256,256,1521
images/pseudostem_weevil/j_0001_90.jpg,pseudostem_weevil,PSEUDOSTEM WEEVIL,256,256,1522
images/pseudostem_weevil/h_0001_66.jpg,pseudostem_weevil,PSEUDOSTEM WEEVIL,256,256,1055
images/pseudostem_weevil/c_0001_60.jpg,pseudostem_weevil,PSEUDOSTEM WEEVIL,256,256,1062
images/pseudostem_weevil/h_0001_89.jpg,pseudostem_weevil,PSEUDOSTEM WEEVIL,256,256,1227
images/pseudostem_weevil/d_0001_37.jpg,pseudostem_weevil,PSEUDOSTEM WEEVIL,256,256,1062
images/pseudostem_weevil/a_183.jpg,pseudostem_weevil,PSEUDOSTEM WEEVIL,256,256,1201
images/pseudostem_weevil/h_0001_110.jpg,pseudostem_weevil,PSEUDOSTEM WEEVIL,256,256,1202
images/pseudostem_weevil/b_0001_57.jpg,pseudostem_weevil,PSEUDOSTEM WEEVIL,256,256,1062
images/pseudostem_weevil/h_0001_307.jpg,pseudostem_weevil,PSEUDOSTEM WEEVIL,256,256,1523
images/pseudostem_weevil/a_47.jpg,pseudostem_weevil,PSEUDOSTEM WEEVIL,256,256,1524
images/pseudostem_weevil/k_0001_48.jpg,pseudostem_weevil,PSEUDOSTEM WEEVIL,256,256,1093
images/pseudostem_weevil/k_0001_280.jpg,pseudostem_weevil,PSEUDOSTEM WEEVIL,256,256,1202
images/pseudostem_weevil/d_0001_142.jpg,pseudostem_weevil,PSEUDOSTEM WEEVIL,256,256,1062
images/pseudostem_weevil/j_0001_132.jpg,pseudostem_weevil,PSEUDOSTEM WEEVIL,256,256,1376
images/pseudostem_weevil/g_0001_19.jpg,pseudostem_weevil,PSEUDOSTEM WEEVIL,256,256,1400
images/pseudostem_weevil/h_0001_242.jpg,pseudostem_weevil,PSEUDOSTEM WEEVIL,256,256,1525
images/pseudostem_weevil/i_0001_51.jpg,pseudostem_weevil,PSEUDOSTEM WEEVIL,256,256,1378
images/pseudostem_weevil/g_0001_180.jpg,pseudostem_weevil,PSEUDOSTEM WEEVIL,256,256,1090
images/pseudostem_weevil/k_0001_146.jpg,pseudostem_weevil,PSEUDOSTEM WEEVIL,256,256,1163
images/pseudostem_weevil/i_0001_236.jpg,pseudostem_weevil,PSEUDOSTEM WEEVIL,256,256,1400
images/pseudostem_weevil/h_0001_184.jpg,pseudostem_weevil,PSEUDOSTEM WEEVIL,256,256,1526
images/pseudostem_weevil/g_0001_246.jpg,pseudostem_weevil,PSEUDOSTEM WEEVIL,256,256,1527
images/pseudostem_weevil/a_117.jpg,pseudostem_weevil,PSEUDOSTEM WEEVIL,256,256,1528
images/pseudostem_weevil/e_0001_136.jpg,pseudostem_weevil,PSEUDOSTEM WEEVIL,256,256,1084
images/pseudostem_weevil/k_0001_5.jpg,pseudostem_weevil,PSEUDOSTEM WEEVIL,256,256,1277
images/pseudostem_weevil/e_0001_248.jpg,pseudostem_weevil,PSEUDOSTEM WEEVIL,256,256,1529
images/pseudostem_weevil/d_0001_115.jpg,pseudostem_weevil,PSEUDOSTEM WEEVIL,256,256,1062
images/pseudostem_weevil/e_0001_57.jpg,pseudostem_weevil,PSEUDOSTEM WEEVIL,256,256,1468
images/pseudostem_weevil/g_0001_138.jpg,pseudostem_weevil,PSEUDOSTEM WEEVIL,256,256,1065
images/pseudostem_weevil/h_0001_350.jpg,pseudostem_weevil,PSEUDOSTEM WEEVIL,256,256,1156
images/pseudostem_weevil/a_10.jpg,pseudostem_weevil,PSEUDOSTEM WEEVIL,256,256,1191
images/pseudostem_weevil/a_269.jpg,pseudostem_weevil,PSEUDOSTEM WEEVIL,256,256,1530
images/pseudostem_weevil/a_286.jpg,pseudostem_weevil,PSEUDOSTEM WEEVIL,256,256,1531
images/pseudostem_weevil/h_0001_215.jpg,pseudostem_weevil,PSEUDOSTEM WEEVIL,256,256,1532
images/pseudostem_weevil/i_0001_148.jpg,pseudostem_weevil,PSEUDOSTEM WEEVIL,256,256,1368
images/pseudostem_weevil/k_0001_238.jpg,pseudostem_weevil,PSEUDOSTEM WEEVIL,256,256,1533
images/pseudostem_weevil/j_0001_165.jpg,pseudostem_weevil,PSEUDOSTEM WEEVIL,256,256,1102
images/pseudostem_weevil/i_0001_261.jpg,pseudostem_weevil,PSEUDOSTEM WEEVIL,256,256,1118
images/pseudostem_weevil/c_0001_102.jpg,pseudostem_weevil,PSEUDOSTEM WEEVIL,256,256,1062
images/pseudostem_weevil/k_0001_111.jpg,pseudostem_weevil,PSEUDOSTEM WEEVIL,256,256,1362
images/pseudostem_weevil/j_0001_53.jpg,pseudostem_weevil,PSEUDOSTEM WEEVIL,256,256,1090
images/pseudostem_weevil/b_0001_9.jpg,pseudostem_weevil,PSEUDOSTEM WEEVIL,256,256,1062
images/pseudostem_weevil/a_1.jpg,pseudostem_weevil,PSEUDOSTEM WEEVIL,256,256,1157
images/pseudostem_weevil/e_0001_161.jpg,pseudostem_weevil,PSEUDOSTEM WEEVIL,256,256,1534
images/pseudostem_weevil/a_140.jpg,pseudostem_weevil,PSEUDOSTEM WEEVIL,256,256,1476
images/pseudostem_weevil/g_0001_211.jpg,pseudostem_weevil,PSEUDOSTEM WEEVIL,256,256,1101
images/pseudostem_weevil/h_0001_429.jpg,pseudostem_weevil,PSEUDOSTEM WEEVIL,256,256,1376
images/pseudostem_weevil/b_0001_16.jpg,pseudostem_weevil,PSEUDOSTEM WEEVIL,256,256,1062
images/pseudostem_weevil/h_0001_346.jpg,pseudostem_weevil,PSEUDOSTEM WEEVIL,256,256,1104
images/pseudostem_weevil/e_0001_41.jpg,pseudostem_weevil,PSEUDOSTEM WEEVIL,256,256,1062
images/pseudostem_weevil/d_0001_103.jpg,pseudostem_weevil,PSEUDOSTEM WEEVIL,256,256,1062
images/pseudostem_weevil/j_0001_173.jpg,pseudostem_weevil,PSEUDOSTEM WEEVIL,256,256,1250
images/pseudostem_weevil/g_0001_58.jpg,pseudostem_weevil,PSEUDOSTEM WEEVIL,256,256,1250
images/pseudostem_weevil/h_0001_203.jpg,pseudostem_weevil,PSEUDOSTEM WEEVIL,256,256,1360
images/pseudostem_weevil/i_0001_10.jpg,pseudostem_weevil,PSEUDOSTEM WEEVIL,256,256,1184
images/pseudostem_weevil/a_290.jpg,pseudostem_weevil,PSEUDOSTEM WEEVIL,256,256,1285
images/pseudostem_weevil/j_0001_45.jpg,pseudostem_weevil,PSEUDOSTEM WEEVIL,256,256,1535
images/pseudostem_weevil/k_0001_107.jpg,pseudostem_weevil,PSEUDOSTEM WEEVIL,256,256,1358
images/pseudostem_weevil/c_0001_114.jpg,pseudostem_weevil,PSEUDOSTEM WEEVIL,256,256,1062
images/pseudostem_weevil/e_0001_198.jpg,pseudostem_weevil,PSEUDOSTEM WEEVIL,256,256,1075
images/pseudostem_weevil/i_0001_277.jpg,pseudostem_weevil,PSEUDOSTEM WEEVIL,256,256,1286
images/pseudostem_weevil/i_0001_298.jpg,pseudostem_weevil,PSEUDOSTEM WEEVIL,256,256,1359
images/pseudostem_weevil/g_0001_207.jpg,pseudostem_weevil,PSEUDOSTEM WEEVIL,256,256,1101
images/pseudostem_weevil/a_156.jpg,pseudostem_weevil,PSEUDOSTEM WEEVIL,256,256,1536
images/pseudostem_weevil/e_0001_177.jpg,pseudostem_weevil,PSEUDOSTEM WEEVIL,256,256,1206
images/pseudostem_weevil/d_0001_154.jpg,pseudostem_weevil,PSEUDOSTEM WEEVIL,256,256,1062
images/pseudostem_weevil/e_0001_209.jpg,pseudostem_weevil,PSEUDOSTEM WEEVIL,256,256,1247
images/pseudostem_weevil/e_0001_16.jpg,pseudostem_weevil,PSEUDOSTEM WEEVIL,256,256,1406
images/pseudostem_weevil/g_0001_179.jpg,pseudostem_weevil,PSEUDOSTEM WEEVIL,256,256,1085
images/pseudostem_weevil/a_228.jpg,pseudostem_weevil,PSEUDOSTEM WEEVIL,256,256,1537
images/pseudostem_weevil/a_51.jpg,pseudostem_weevil,PSEUDOSTEM WEEVIL,256,256,1171
images/pseudostem_weevil/b_0001_41.jpg,pseudostem_weevil,PSEUDOSTEM WEEVIL,256,256,1062
images/pseudostem_weevil/h_0001_311.jpg,pseudostem_weevil,PSEUDOSTEM WEEVIL,256,256,1355
images/pseudostem_weevil/f_0001_1_49.jpg,pseudostem_weevil,PSEUDOSTEM WEEVIL,256,256,1060
images/pseudostem_weevil/g_0001_196.jpg,pseudostem_weevil,PSEUDOSTEM WEEVIL,256,256,1237
images/pseudostem_weevil/i_0001_47.jpg,pseudostem_weevil,PSEUDOSTEM WEEVIL,256,256,1538
images/pseudostem_weevil/i_0001_109.jpg,pseudostem_weevil,PSEUDOSTEM WEEVIL,256,256,1099
images/pseudostem_weevil/h_0001_254.jpg,pseudostem_weevil,PSEUDOSTEM WEEVIL,256,256,1174
images/pseudostem_weevil/j_0001_124.jpg,pseudostem_weevil,PSEUDOSTEM WEEVIL,256,256,1087
images/pseudostem_weevil/k_0001_279.jpg,pseudostem_weevil,PSEUDOSTEM WEEVIL,256,256,1202
images/pseudostem_weevil/i_0001_220.jpg,pseudostem_weevil,PSEUDOSTEM WEEVIL,256,256,1539
images/pseudostem_weevil/j_0001_12.jpg,pseudostem_weevil,PSEUDOSTEM WEEVIL,256,256,1065
images/pseudostem_weevil/k_0001_150.jpg,pseudostem_weevil,PSEUDOSTEM WEEVIL,256,256,1540
images/pseudostem_weevil/e_0001_120.jpg,pseudostem_weevil,PSEUDOSTEM WEEVIL,256,256,1135
images/pseudostem_weevil/a_101.jpg,pseudostem_weevil,PSEUDOSTEM WEEVIL,256,256,1281
images/pseudostem_weevil/f_0001_1_4.jpg,pseudostem_weevil,PSEUDOSTEM WEEVIL,256,256,1166
images/pseudostem_weevil/g_0001_250.jpg,pseudostem_weevil,PSEUDOSTEM WEEVIL,256,256,1541
images/pseudostem_weevil/h_0001_192.jpg,pseudostem_weevil,PSEUDOSTEM WEEVIL,256,256,1542
images/pseudostem_weevil/g_0001_101.jpg,pseudostem_weevil,PSEUDOSTEM WEEVIL,256,256,1078
images/pseudostem_weevil/k_0001_26.jpg,pseudostem_weevil,PSEUDOSTEM WEEVIL,256,256,1237
images/pseudostem_weevil/h_0001_369.jpg,pseudostem_weevil,PSEUDOSTEM WEEVIL,256,256,1543
images/pseudostem_weevil/b_0001_39.jpg,pseudostem_weevil,PSEUDOSTEM WEEVIL,256,256,1062
images/pseudostem_weevil/a_29.jpg,pseudostem_weevil,PSEUDOSTEM WEEVIL,256,256,1109
images/pseudostem_weevil/a_250.jpg,pseudostem_weevil,PSEUDOSTEM WEEVIL,256,256,1544
images/pseudostem_weevil/e_0001_271.jpg,pseudostem_weevil,PSEUDOSTEM WEEVIL,256,256,1239
images/pseudostem_weevil/g_0001_98.jpg,pseudostem_weevil,PSEUDOSTEM WEEVIL,256,256,1417
images/pseudostem_weevil/i_0001_4.jpg,pseudostem_weevil,PSEUDOSTEM WEEVIL,256,256,1469
images/pseudostem_weevil/g_0001_77.jpg,pseudostem_weevil,PSEUDOSTEM WEEVIL,256,256,1070
images/pseudostem_weevil/e_0001_81.jpg,pseudostem_weevil,PSEUDOSTEM WEEVIL,256,256,1410
images/pseudostem_weevil/k_0001_201.jpg,pseudostem_weevil,PSEUDOSTEM WEEVIL,256,256,1206
images/pseudostem_weevil/h_0001_386.jpg,pseudostem_weevil,PSEUDOSTEM WEEVIL,256,256,1407
images/pseudostem_weevil/f_0001_1_31.jpg,pseudostem_weevil,PSEUDOSTEM WEEVIL,256,256,1090
images/pseudostem_weevil/i_0001_171.jpg,pseudostem_weevil,PSEUDOSTEM WEEVIL,256,256,1204
images/pseudostem_weevil/k_0001_128.jpg,pseudostem_weevil,PSEUDOSTEM WEEVIL,256,256,1545
images/pseudostem_weevil/c_0001_75.jpg,pseudostem_weevil,PSEUDOSTEM WEEVIL,256,256,1062
images/pseudostem_weevil/i_0001_258.jpg,pseudostem_weevil,PSEUDOSTEM WEEVIL,256,256,1322
images/pseudostem_weevil/h_0001_105.jpg,pseudostem_weevil,PSEUDOSTEM WEEVIL,256,256,1061
images/pseudostem_weevil/a_196.jpg,pseudostem_weevil,PSEUDOSTEM WEEVIL,256,256,1467
images/pseudostem_weevil/d_0001_22.jpg,pseudostem_weevil,PSEUDOSTEM WEEVIL,256,256,1062
images/pseudostem_weevil/a_179.jpg,pseudostem_weevil,PSEUDOSTEM WEEVIL,256,256,1095
images/pseudostem_weevil/c_0001_3.jpg,pseudostem_weevil,PSEUDOSTEM WEEVIL,256,256,1062
images/pseudostem_weevil/g_0001_228.jpg,pseudostem_weevil,PSEUDOSTEM WEEVIL,256,256,1546
images/pseudostem_weevil/h_0001_410.jpg,pseudostem_weevil,PSEUDOSTEM WEEVIL,256,256,1064
images/pseudostem_weevil/e_0001_158.jpg,pseudostem_weevil,PSEUDOSTEM WEEVIL,256,256,1254
images/pseudostem_weevil/h_0001_73.jpg,pseudostem_weevil,PSEUDOSTEM WEEVIL,256,256,1055
images/pseudostem_weevil/j_0001_85.jpg,pseudostem_weevil,PSEUDOSTEM WEEVIL,256,256,1404
images/pseudostem_weevil/e_0001_39.jpg,pseudostem_weevil,PSEUDOSTEM WEEVIL,256,256,1062
images/pseudostem_weevil/e_0001_226.jpg,pseudostem_weevil,PSEUDOSTEM WEEVIL,256,256,1227
images/pseudostem_weevil/f_0001_1_89.jpg,pseudostem_weevil,PSEUDOSTEM WEEVIL,256,256,1064
images/pseudostem_weevil/a_207.jpg,pseudostem_weevil,PSEUDOSTEM WEEVIL,256,256,1228
images/pseudostem_weevil/k_0001_71.jpg,pseudostem_weevil,PSEUDOSTEM WEEVIL,256,256,1547
images/pseudostem_weevil/h_0001_294.jpg,pseudostem_weevil,PSEUDOSTEM WEEVIL,256,256,1548
images/pseudostem_weevil/i_0001_87.jpg,pseudostem_weevil,PSEUDOSTEM WEEVIL,256,256,1549
images/pseudostem_weevil/g_0001_156.jpg,pseudostem_weevil,PSEUDOSTEM WEEVIL,256,256,1550
images/pseudostem_weevil/i_0001_126.jpg,pseudostem_weevil,PSEUDOSTEM WEEVIL,256,256,1224
images/pseudostem_weevil/i_0001_68.jpg,pseudostem_weevil,PSEUDOSTEM WEEVIL,256,256,1272
images/pseudostem_weevil/f_0001_1_66.jpg,pseudostem_weevil,PSEUDOSTEM WEEVIL,256,256,1104
images/pseudostem_weevil/a_91.jpg,pseudostem_weevil,PSEUDOSTEM WEEVIL,256,256,1446
images/pseudostem_weevil/b_0001_81.jpg,pseudostem_weevil,PSEUDOSTEM WEEVIL,256,256,1062
images/pseudostem_weevil/k_0001_256.jpg,pseudostem_weevil,PSEUDOSTEM WEEVIL,256,256,1102
images/pseudostem_weevil/b_0001_118.jpg,pseudostem_weevil,PSEUDOSTEM WEEVIL,256,256,1062
images/pseudostem_weevil/g_0001_20.jpg,pseudostem_weevil,PSEUDOSTEM WEEVIL,256,256,1400
images/pseudostem_weevil/d_0001_75.jpg,pseudostem_weevil,PSEUDOSTEM WEEVIL,256,256,1062
images/pseudostem_weevil/h_0001_152.jpg,pseudostem_weevil,PSEUDOSTEM WEEVIL,256,256,1179
images/pseudostem_weevil/c_0001_22.jpg,pseudostem_weevil,PSEUDOSTEM WEEVIL,256,256,1062
images/pseudostem_weevil/j_0001_222.jpg,pseudostem_weevil,PSEUDOSTEM WEEVIL,256,256,1551
images/pseudostem_weevil/k_0001_190.jpg,pseudostem_weevil,PSEUDOSTEM WEEVIL,256,256,1206
images/pseudostem_weevil/h_0001_24.jpg,pseudostem_weevil,PSEUDOSTEM WEEVIL,256,256,1060
images/pseudostem_weevil/h_0001_447.jpg,pseudostem_weevil,PSEUDOSTEM WEEVIL,256,256,1153
images/pseudostem_weevil/g_0001_140.jpg,pseudostem_weevil,PSEUDOSTEM WEEVIL,256,256,1065
images/pseudostem_weevil/i_0001_91.jpg,pseudostem_weevil,PSEUDOSTEM WEEVIL,256,256,1220
images/pseudostem_weevil/h_0001_282.jpg,pseudostem_weevil,PSEUDOSTEM WEEVIL,256,256,1394
images/pseudostem_weevil/k_0001_67.jpg,pseudostem_weevil,PSEUDOSTEM WEEVIL,256,256,1552
images/pseudostem_weevil/a_211.jpg,pseudostem_weevil,PSEUDOSTEM WEEVIL,256,256,1395
images/pseudostem_weevil/a_68.jpg,pseudostem_weevil,PSEUDOSTEM WEEVIL,256,256,1281
images/pseudostem_weevil/h_0001_328.jpg,pseudostem_weevil,PSEUDOSTEM WEEVIL,256,256,1553
images/pseudostem_weevil/b_0001_78.jpg,pseudostem_weevil,PSEUDOSTEM WEEVIL,256,256,1062
images/pseudostem_weevil/e_0001_230.jpg,pseudostem_weevil,PSEUDOSTEM WEEVIL,256,256,1061
images/pseudostem_weevil/g_0001_36.jpg,pseudostem_weevil,PSEUDOSTEM WEEVIL,256,256,1391
images/pseudostem_weevil/k_0001_240.jpg,pseudostem_weevil,PSEUDOSTEM WEEVIL,256,256,1533
images/pseudostem_weevil/b_0001_97.jpg,pseudostem_weevil,PSEUDOSTEM WEEVIL,256,256,1062
images/pseudostem_weevil/a_87.jpg,pseudostem_weevil,PSEUDOSTEM WEEVIL,256,256,1554
images/pseudostem_weevil/f_0001_1_70.jpg,pseudostem_weevil,PSEUDOSTEM WEEVIL,256,256,1104
images/pseudostem_weevil/k_0001_88.jpg,pseudostem_weevil,PSEUDOSTEM WEEVIL,256,256,1555
images/pseudostem_weevil/i_0001_130.jpg,pseudostem_weevil,PSEUDOSTEM WEEVIL,256,256,1390
images/pseudostem_weevil/k_0001_169.jpg,pseudostem_weevil,PSEUDOSTEM WEEVIL,256,256,1464
images/pseudostem_weevil/j_0001_234.jpg,pseudostem_weevil,PSEUDOSTEM WEEVIL,256,256,1384
images/pseudostem_weevil/c_0001_34.jpg,pseudostem_weevil,PSEUDOSTEM WEEVIL,256,256,1062
images/pseudostem_weevil/h_0001_144.jpg,pseudostem_weevil,PSEUDOSTEM WEEVIL,256,256,1237
images/pseudostem_weevil/i_0001_219.jpg,pseudostem_weevil,PSEUDOSTEM WEEVIL,256,256,1556
images/pseudostem_weevil/d_0001_63.jpg,pseudostem_weevil,PSEUDOSTEM WEEVIL,256,256,1062
images/pseudostem_weevil/a_138.jpg,pseudostem_weevil,PSEUDOSTEM WEEVIL,256,256,1476
images/pseudostem_weevil/h_0001_451.jpg,pseudostem_weevil,PSEUDOSTEM WEEVIL,256,256,1153
images/pseudostem_weevil/e_0001_119.jpg,pseudostem_weevil,PSEUDOSTEM WEEVIL,256,256,1371
images/pseudostem_weevil/h_0001_32.jpg,pseudostem_weevil,PSEUDOSTEM WEEVIL,256,256,1557
images/pseudostem_weevil/k_0001_186.jpg,pseudostem_weevil,PSEUDOSTEM WEEVIL,256,256,1558
images/pseudostem_weevil/e_0001_78.jpg,pseudostem_weevil,PSEUDOSTEM WEEVIL,256,256,1159
images/pseudostem_weevil/e_0001_267.jpg,pseudostem_weevil,PSEUDOSTEM WEEVIL,256,256,1384
images/pseudostem_weevil/a_246.jpg,pseudostem_weevil,PSEUDOSTEM WEEVIL,256,256,1436
images/pseudostem_weevil/i_0001_188.jpg,pseudostem_weevil,PSEUDOSTEM WEEVIL,256,256,1559
images/pseudostem_weevil/k_0001_30.jpg,pseudostem_weevil,PSEUDOSTEM WEEVIL,256,256,1179
images/pseudostem_weevil/g_0001_117.jpg,pseudostem_weevil,PSEUDOSTEM WEEVIL,256,256,1485
images/pseudostem_weevil/a_303.jpg,pseudostem_weevil,PSEUDOSTEM WEEVIL,256,256,1187
images/pseudostem_weevil/i_0001_167.jpg,pseudostem_weevil,PSEUDOSTEM WEEVIL,256,256,1204
images/pseudostem_weevil/i_0001_29.jpg,pseudostem_weevil,PSEUDOSTEM WEEVIL,256,256,1433
images/pseudostem_weevil/f_0001_1_27.jpg,pseudostem_weevil,PSEUDOSTEM WEEVIL,256,256,1090
images/pseudostem_weevil/h_0001_390.jpg,pseudostem_weevil,PSEUDOSTEM WEEVIL,256,256,1104
images/pseudostem_weevil/k_0001_217.jpg,pseudostem_weevil,PSEUDOSTEM WEEVIL,256,256,1560
images/pseudostem_weevil/e_0001_288.jpg,pseudostem_weevil,PSEUDOSTEM WEEVIL,256,256,1065
images/pseudostem_weevil/e_0001_97.jpg,pseudostem_weevil,PSEUDOSTEM WEEVIL,256,256,1460
images/pseudostem_weevil/g_0001_61.jpg,pseudostem_weevil,PSEUDOSTEM WEEVIL,256,256,1082
images/pseudostem_weevil/d_0001_34.jpg,pseudostem_weevil,PSEUDOSTEM WEEVIL,256,256,1062
images/pseudostem_weevil/a_180.jpg,pseudostem_weevil,PSEUDOSTEM WEEVIL,256,256,1201
images/pseudostem_weevil/h_0001_113.jpg,pseudostem_weevil,PSEUDOSTEM WEEVIL,256,256,1060
images/pseudostem_weevil/c_0001_63.jpg,pseudostem_weevil,PSEUDOSTEM WEEVIL,256,256,1062
images/pseudostem_weevil/j_0001_93.jpg,pseudostem_weevil,PSEUDOSTEM WEEVIL,256,256,1104
images/pseudostem_weevil/h_0001_65.jpg,pseudostem_weevil,PSEUDOSTEM WEEVIL,256,256,1075
images/pseudostem_weevil/h_0001_406.jpg,pseudostem_weevil,PSEUDOSTEM WEEVIL,256,256,1104
images/pseudostem_weevil/h_0001_241.jpg,pseudostem_weevil,PSEUDOSTEM WEEVIL,256,256,1561
images/pseudostem_weevil/g_0001_183.jpg,pseudostem_weevil,PSEUDOSTEM WEEVIL,256,256,1379
images/pseudostem_weevil/i_0001_52.jpg,pseudostem_weevil,PSEUDOSTEM WEEVIL,256,256,1140
images/pseudostem_weevil/j_0001_131.jpg,pseudostem_weevil,PSEUDOSTEM WEEVIL,256,256,1376
images/pseudostem_weevil/k_0001_283.jpg,pseudostem_weevil,PSEUDOSTEM WEEVIL,256,256,1202
images/pseudostem_weevil/d_0001_141.jpg,pseudostem_weevil,PSEUDOSTEM WEEVIL,256,256,1062
images/pseudostem_weevil/h_0001_304.jpg,pseudostem_weevil,PSEUDOSTEM WEEVIL,256,256,1562
images/pseudostem_weevil/b_0001_54.jpg,pseudostem_weevil,PSEUDOSTEM WEEVIL,256,256,1062
images/pseudostem_weevil/a_44.jpg,pseudostem_weevil,PSEUDOSTEM WEEVIL,256,256,1563
images/pseudostem_weevil/e_0001_135.jpg,pseudostem_weevil,PSEUDOSTEM WEEVIL,256,256,1409
images/pseudostem_weevil/k_0001_6.jpg,pseudostem_weevil,PSEUDOSTEM WEEVIL,256,256,1277
images/pseudostem_weevil/h_0001_187.jpg,pseudostem_weevil,PSEUDOSTEM WEEVIL,256,256,1564
images/pseudostem_weevil/g_0001_245.jpg,pseudostem_weevil,PSEUDOSTEM WEEVIL,256,256,1565
images/pseudostem_weevil/a_114.jpg,pseudostem_weevil,PSEUDOSTEM WEEVIL,256,256,1197
images/pseudostem_weevil/i_0001_235.jpg,pseudostem_weevil,PSEUDOSTEM WEEVIL,256,256,1151
images/pseudostem_weevil/h_0001_168.jpg,pseudostem_weevil,PSEUDOSTEM WEEVIL,256,256,1060
images/pseudostem_weevil/c_0001_18.jpg,pseudostem_weevil,PSEUDOSTEM WEEVIL,256,256,1062
images/pseudostem_weevil/j_0001_218.jpg,pseudostem_weevil,PSEUDOSTEM WEEVIL,256,256,1566
images/pseudostem_weevil/k_0001_145.jpg,pseudostem_weevil,PSEUDOSTEM WEEVIL,256,256,1567
images/pseudostem_weevil/e_0001_9.jpg,pseudostem_weevil,PSEUDOSTEM WEEVIL,256,256,1391
images/pseudostem_weevil/j_0001_166.jpg,pseudostem_weevil,PSEUDOSTEM WEEVIL,256,256,1438
images/pseudostem_weevil/a_285.jpg,pseudostem_weevil,PSEUDOSTEM WEEVIL,256,256,1367
images/pseudostem_weevil/h_0001_216.jpg,pseudostem_weevil,PSEUDOSTEM WEEVIL,256,256,1568
images/pseudostem_weevil/h_0001_353.jpg,pseudostem_weevil,PSEUDOSTEM WEEVIL,256,256,1156
images/pseudostem_weevil/a_13.jpg,pseudostem_weevil,PSEUDOSTEM WEEVIL,256,256,1281
images/pseudostem_weevil/d_0001_116.jpg,pseudostem_weevil,PSEUDOSTEM WEEVIL,256,256,1062
images/pseudostem_weevil/j_0001_189.jpg,pseudostem_weevil,PSEUDOSTEM WEEVIL,256,256,1318
images/pseudostem_weevil/e_0001_54.jpg,pseudostem_weevil,PSEUDOSTEM WEEVIL,256,256,1243
images/pseudostem_weevil/a_143.jpg,pseudostem_weevil,PSEUDOSTEM WEEVIL,256,256,1569
images/pseudostem_weevil/g_0001_212.jpg,pseudostem_weevil,PSEUDOSTEM WEEVIL,256,256,1328
images/pseudostem_weevil/e_0001_162.jpg,pseudostem_weevil,PSEUDOSTEM WEEVIL,256,256,1266
images/pseudostem_weevil/h_0001_49.jpg,pseudostem_weevil,PSEUDOSTEM WEEVIL,256,256,1428
images/pseudostem_weevil/c_0001_101.jpg,pseudostem_weevil,PSEUDOSTEM WEEVIL,256,256,1062
images/pseudostem_weevil/j_0001_50.jpg,pseudostem_weevil,PSEUDOSTEM WEEVIL,256,256,1090
images/pseudostem_weevil/k_0001_112.jpg,pseudostem_weevil,PSEUDOSTEM WEEVIL,256,256,1102
images/pseudostem_weevil/a_2.jpg,pseudostem_weevil,PSEUDOSTEM WEEVIL,256,256,1570
images/pseudostem_weevil/i_0001_262.jpg,pseudostem_weevil,PSEUDOSTEM WEEVIL,256,256,1118
images/pseudostem_weevil/d_0001_18.jpg,pseudostem_weevil,PSEUDOSTEM WEEVIL,256,256,1062
images/pseudostem_weevil/h_0001_200.jpg,pseudostem_weevil,PSEUDOSTEM WEEVIL,256,256,1360
images/pseudostem_weevil/i_0001_13.jpg,pseudostem_weevil,PSEUDOSTEM WEEVIL,256,256,1272
images/pseudostem_weevil/a_293.jpg,pseudostem_weevil,PSEUDOSTEM WEEVIL,256,256,1367
images/pseudostem_weevil/j_0001_170.jpg,pseudostem_weevil,PSEUDOSTEM WEEVIL,256,256,1102
images/pseudostem_weevil/e_0001_42.jpg,pseudostem_weevil,PSEUDOSTEM WEEVIL,256,256,1062
images/pseudostem_weevil/d_0001_100.jpg,pseudostem_weevil,PSEUDOSTEM WEEVIL,256,256,1062
images/pseudostem_weevil/h_0001_345.jpg,pseudostem_weevil,PSEUDOSTEM WEEVIL,256,256,1156
images/pseudostem_weevil/b_0001_15.jpg,pseudostem_weevil,PSEUDOSTEM WEEVIL,256,256,1062
images/pseudostem_weevil/e_0001_174.jpg,pseudostem_weevil,PSEUDOSTEM WEEVIL,256,256,1206
images/pseudostem_weevil/g_0001_204.jpg,pseudostem_weevil,PSEUDOSTEM WEEVIL,256,256,1179
images/pseudostem_weevil/a_155.jpg,pseudostem_weevil,PSEUDOSTEM WEEVIL,256,256,1536
images/pseudostem_weevil/h_0001_129.jpg,pseudostem_weevil,PSEUDOSTEM WEEVIL,256,256,1085
images/pseudostem_weevil/i_0001_274.jpg,pseudostem_weevil,PSEUDOSTEM WEEVIL,256,256,1286
images/pseudostem_weevil/c_0001_59.jpg,pseudostem_weevil,PSEUDOSTEM WEEVIL,256,256,1062
images/pseudostem_weevil/k_0001_104.jpg,pseudostem_weevil,PSEUDOSTEM WEEVIL,256,256,1571
images/pseudostem_weevil/j_0001_46.jpg,pseudostem_weevil,PSEUDOSTEM WEEVIL,256,256,1147
images/pseudostem_weevil/c_0001_117.jpg,pseudostem_weevil,PSEUDOSTEM WEEVIL,256,256,1062
images/pseudostem_weevil/j_0001_127.jpg,pseudostem_weevil,PSEUDOSTEM WEEVIL,256,256,1173
images/pseudostem_weevil/i_0001_44.jpg,pseudostem_weevil,PSEUDOSTEM WEEVIL,256,256,1290
images/pseudostem_weevil/g_0001_195.jpg,pseudostem_weevil,PSEUDOSTEM WEEVIL,256,256,1237
images/pseudostem_weevil/h_0001_257.jpg,pseudostem_weevil,PSEUDOSTEM WEEVIL,256,256,1060
images/pseudostem_weevil/a_52.jpg,pseudostem_weevil,PSEUDOSTEM WEEVIL,256,256,1171
images/pseudostem_weevil/h_0001_312.jpg,pseudostem_weevil,PSEUDOSTEM WEEVIL,256,256,1104
images/pseudostem_weevil/b_0001_42.jpg,pseudostem_weevil,PSEUDOSTEM WEEVIL,256,256,1062
images/pseudostem_weevil/d_0001_157.jpg,pseudostem_weevil,PSEUDOSTEM WEEVIL,256,256,1062
images/pseudostem_weevil/e_0001_15.jpg,pseudostem_weevil,PSEUDOSTEM WEEVIL,256,256,1147
images/pseudostem_weevil/f_0001_1_7.jpg,pseudostem_weevil,PSEUDOSTEM WEEVIL,256,256,1572
images/pseudostem_weevil/a_102.jpg,pseudostem_weevil,PSEUDOSTEM WEEVIL,256,256,1351
images/pseudostem_weevil/g_0001_253.jpg,pseudostem_weevil,PSEUDOSTEM WEEVIL,256,256,1410
images/pseudostem_weevil/h_0001_191.jpg,pseudostem_weevil,PSEUDOSTEM WEEVIL,256,256,1573
images/pseudostem_weevil/e_0001_123.jpg,pseudostem_weevil,PSEUDOSTEM WEEVIL,256,256,1153
images/pseudostem_weevil/k_0001_153.jpg,pseudostem_weevil,PSEUDOSTEM WEEVIL,256,256,1574
images/pseudostem_weevil/j_0001_11.jpg,pseudostem_weevil,PSEUDOSTEM WEEVIL,256,256,1065
images/pseudostem_weevil/f_0001_1_108.jpg,pseudostem_weevil,PSEUDOSTEM WEEVIL,256,256,1575
images/pseudostem_weevil/i_0001_223.jpg,pseudostem_weevil,PSEUDOSTEM WEEVIL,256,256,1322
images/pseudostem_weevil/d_0001_59.jpg,pseudostem_weevil,PSEUDOSTEM WEEVIL,256,256,1062
images/pseudostem_weevil/h_0001_109.jpg,pseudostem_weevil,PSEUDOSTEM WEEVIL,256,256,1202
images/pseudostem_weevil/i_0001_254.jpg,pseudostem_weevil,PSEUDOSTEM WEEVIL,256,256,1118
images/pseudostem_weevil/c_0001_79.jpg,pseudostem_weevil,PSEUDOSTEM WEEVIL,256,256,1062
images/pseudostem_weevil/k_0001_124.jpg,pseudostem_weevil,PSEUDOSTEM WEEVIL,256,256,1163
images/pseudostem_weevil/j_0001_66.jpg,pseudostem_weevil,PSEUDOSTEM WEEVIL,256,256,1295
images/pseudostem_weevil/h_0001_90.jpg,pseudostem_weevil,PSEUDOSTEM WEEVIL,256,256,1060
images/pseudostem_weevil/j_0001_89.jpg,pseudostem_weevil,PSEUDOSTEM WEEVIL,256,256,1404
images/pseudostem_weevil/e_0001_154.jpg,pseudostem_weevil,PSEUDOSTEM WEEVIL,256,256,1254
images/pseudostem_weevil/c_0001_96.jpg,pseudostem_weevil,PSEUDOSTEM WEEVIL,256,256,1062
images/pseudostem_weevil/g_0001_224.jpg,pseudostem_weevil,PSEUDOSTEM WEEVIL,256,256,1576
images/pseudostem_weevil/a_175.jpg,pseudostem_weevil,PSEUDOSTEM WEEVIL,256,256,1114
images/pseudostem_weevil/i_0001_311.jpg,pseudostem_weevil,PSEUDOSTEM WEEVIL,256,256,1469
images/pseudostem_weevil/e_0001_62.jpg,pseudostem_weevil,PSEUDOSTEM WEEVIL,256,256,1577
images/pseudostem_weevil/g_0001_94.jpg,pseudostem_weevil,PSEUDOSTEM WEEVIL,256,256,1578
images/pseudostem_weevil/d_0001_120.jpg,pseudostem_weevil,PSEUDOSTEM WEEVIL,256,256,1062
images/pseudostem_weevil/a_25.jpg,pseudostem_weevil,PSEUDOSTEM WEEVIL,256,256,1109
images/pseudostem_weevil/h_0001_365.jpg,pseudostem_weevil,PSEUDOSTEM WEEVIL,256,256,1156
images/pseudostem_weevil/b_0001_35.jpg,pseudostem_weevil,PSEUDOSTEM WEEVIL,256,256,1062
images/pseudostem_weevil/i_0001_192.jpg,pseudostem_weevil,PSEUDOSTEM WEEVIL,256,256,1579
images/pseudostem_weevil/h_0001_220.jpg,pseudostem_weevil,PSEUDOSTEM WEEVIL,256,256,1580
images/pseudostem_weevil/i_0001_33.jpg,pseudostem_weevil,PSEUDOSTEM WEEVIL,256,256,1150
images/pseudostem_weevil/j_0001_150.jpg,pseudostem_weevil,PSEUDOSTEM WEEVIL,256,256,1153
images/pseudostem_weevil/e_0001_292.jpg,pseudostem_weevil,PSEUDOSTEM WEEVIL,256,256,1065
images/pseudostem_weevil/i_0001_8.jpg,pseudostem_weevil,PSEUDOSTEM WEEVIL,256,256,1184
images/pseudostem_weevil/k_0001_173.jpg,pseudostem_weevil,PSEUDOSTEM WEEVIL,256,256,1581
images/pseudostem_weevil/j_0001_31.jpg,pseudostem_weevil,PSEUDOSTEM WEEVIL,256,256,1388
images/pseudostem_weevil/i_0001_203.jpg,pseudostem_weevil,PSEUDOSTEM WEEVIL,256,256,1410
images/pseudostem_weevil/d_0001_79.jpg,pseudostem_weevil,PSEUDOSTEM WEEVIL,256,256,1062
images/pseudostem_weevil/j_0001_3.jpg,pseudostem_weevil,PSEUDOSTEM WEEVIL,256,256,1065
images/pseudostem_weevil/a_122.jpg,pseudostem_weevil,PSEUDOSTEM WEEVIL,256,256,1131
images/pseudostem_weevil/d_0001_96.jpg,pseudostem_weevil,PSEUDOSTEM WEEVIL,256,256,1062
images/pseudostem_weevil/e_0001_103.jpg,pseudostem_weevil,PSEUDOSTEM WEEVIL,256,256,1582
images/pseudostem_weevil/h_0001_28.jpg,pseudostem_weevil,PSEUDOSTEM WEEVIL,256,256,1534
images/pseudostem_weevil/g_0001_7.jpg,pseudostem_weevil,PSEUDOSTEM WEEVIL,256,256,1461
images/pseudostem_weevil/h_0001_298.jpg,pseudostem_weevil,PSEUDOSTEM WEEVIL,256,256,1583
images/pseudostem_weevil/a_72.jpg,pseudostem_weevil,PSEUDOSTEM WEEVIL,256,256,1584
images/pseudostem_weevil/h_0001_332.jpg,pseudostem_weevil,PSEUDOSTEM WEEVIL,256,256,1585
images/pseudostem_weevil/b_0001_62.jpg,pseudostem_weevil,PSEUDOSTEM WEEVIL,256,256,1062
images/pseudostem_weevil/f_0001_1_85.jpg,pseudostem_weevil,PSEUDOSTEM WEEVIL,256,256,1064
images/pseudostem_weevil/d_0001_177.jpg,pseudostem_weevil,PSEUDOSTEM WEEVIL,256,256,1062
images/pseudostem_weevil/e_0001_35.jpg,pseudostem_weevil,PSEUDOSTEM WEEVIL,256,256,1062
images/pseudostem_weevil/j_0001_107.jpg,pseudostem_weevil,PSEUDOSTEM WEEVIL,256,256,1104
images/pseudostem_weevil/b_0001_114.jpg,pseudostem_weevil,PSEUDOSTEM WEEVIL,256,256,1062
images/pseudostem_weevil/i_0001_64.jpg,pseudostem_weevil,PSEUDOSTEM WEEVIL,256,256,1140
images/pseudostem_weevil/k_0001_92.jpg,pseudostem_weevil,PSEUDOSTEM WEEVIL,256,256,1586
images/pseudostem_weevil/h_0001_277.jpg,pseudostem_weevil,PSEUDOSTEM WEEVIL,256,256,1455
images/pseudostem_weevil/i_0001_215.jpg,pseudostem_weevil,PSEUDOSTEM WEEVIL,256,256,1587
images/pseudostem_weevil/h_0001_148.jpg,pseudostem_weevil,PSEUDOSTEM WEEVIL,256,256,1179
images/pseudostem_weevil/c_0001_38.jpg,pseudostem_weevil,PSEUDOSTEM WEEVIL,256,256,1062
images/pseudostem_weevil/j_0001_238.jpg,pseudostem_weevil,PSEUDOSTEM WEEVIL,256,256,1588
images/pseudostem_weevil/j_0001_27.jpg,pseudostem_weevil,PSEUDOSTEM WEEVIL,256,256,1589
images/pseudostem_weevil/k_0001_165.jpg,pseudostem_weevil,PSEUDOSTEM WEEVIL,256,256,1478
images/pseudostem_weevil/e_0001_115.jpg,pseudostem_weevil,PSEUDOSTEM WEEVIL,256,256,1400
images/pseudostem_weevil/d_0001_80.jpg,pseudostem_weevil,PSEUDOSTEM WEEVIL,256,256,1062
images/pseudostem_weevil/a_134.jpg,pseudostem_weevil,PSEUDOSTEM WEEVIL,256,256,1590
images/pseudostem_weevil/e_0001_23.jpg,pseudostem_weevil,PSEUDOSTEM WEEVIL,256,256,1087
images/pseudostem_weevil/d_0001_161.jpg,pseudostem_weevil,PSEUDOSTEM WEEVIL,256,256,1062
images/pseudostem_weevil/f_0001_1_93.jpg,pseudostem_weevil,PSEUDOSTEM WEEVIL,256,256,1064
images/pseudostem_weevil/h_0001_324.jpg,pseudostem_weevil,PSEUDOSTEM WEEVIL,256,256,1591
images/pseudostem_weevil/b_0001_74.jpg,pseudostem_weevil,PSEUDOSTEM WEEVIL,256,256,1062
images/pseudostem_weevil/a_64.jpg,pseudostem_weevil,PSEUDOSTEM WEEVIL,256,256,1320
images/pseudostem_weevil/h_0001_261.jpg,pseudostem_weevil,PSEUDOSTEM WEEVIL,256,256,1592
images/pseudostem_weevil/k_0001_84.jpg,pseudostem_weevil,PSEUDOSTEM WEEVIL,256,256,1593
images/pseudostem_weevil/i_0001_72.jpg,pseudostem_weevil,PSEUDOSTEM WEEVIL,256,256,1445
images/pseudostem_weevil/b_0001_102.jpg,pseudostem_weevil,PSEUDOSTEM WEEVIL,256,256,1442
images/pseudostem_weevil/j_0001_111.jpg,pseudostem_weevil,PSEUDOSTEM WEEVIL,256,256,1064
images/pseudostem_weevil/h_0001_86.jpg,pseudostem_weevil,PSEUDOSTEM WEEVIL,256,256,1227
images/pseudostem_weevil/j_0001_70.jpg,pseudostem_weevil,PSEUDOSTEM WEEVIL,256,256,1117
images/pseudostem_weevil/k_0001_132.jpg,pseudostem_weevil,PSEUDOSTEM WEEVIL,256,256,1594
images/pseudostem_weevil/i_0001_242.jpg,pseudostem_weevil,PSEUDOSTEM WEEVIL,256,256,1440
images/pseudostem_weevil/d_0001_38.jpg,pseudostem_weevil,PSEUDOSTEM WEEVIL,256,256,1062
images/pseudostem_weevil/a_163.jpg,pseudostem_weevil,PSEUDOSTEM WEEVIL,256,256,1321
images/pseudostem_weevil/i_0001_307.jpg,pseudostem_weevil,PSEUDOSTEM WEEVIL,256,256,1380
images/pseudostem_weevil/g_0001_232.jpg,pseudostem_weevil,PSEUDOSTEM WEEVIL,256,256,1202
images/pseudostem_weevil/c_0001_80.jpg,pseudostem_weevil,PSEUDOSTEM WEEVIL,256,256,1062
images/pseudostem_weevil/e_0001_142.jpg,pseudostem_weevil,PSEUDOSTEM WEEVIL,256,256,1102
images/pseudostem_weevil/h_0001_69.jpg,pseudostem_weevil,PSEUDOSTEM WEEVIL,256,256,1055
images/pseudostem_weevil/i_0001_184.jpg,pseudostem_weevil,PSEUDOSTEM WEEVIL,256,256,1595
images/pseudostem_weevil/h_0001_373.jpg,pseudostem_weevil,PSEUDOSTEM WEEVIL,256,256,1596
images/pseudostem_weevil/b_0001_23.jpg,pseudostem_weevil,PSEUDOSTEM WEEVIL,256,256,1062
images/pseudostem_weevil/a_33.jpg,pseudostem_weevil,PSEUDOSTEM WEEVIL,256,256,1109
images/pseudostem_weevil/d_0001_136.jpg,pseudostem_weevil,PSEUDOSTEM WEEVIL,256,256,1062
images/pseudostem_weevil/g_0001_82.jpg,pseudostem_weevil,PSEUDOSTEM WEEVIL,256,256,1429
images/pseudostem_weevil/e_0001_74.jpg,pseudostem_weevil,PSEUDOSTEM WEEVIL,256,256,1597
images/pseudostem_weevil/e_0001_284.jpg,pseudostem_weevil,PSEUDOSTEM WEEVIL,256,256,1065
images/pseudostem_weevil/j_0001_146.jpg,pseudostem_weevil,PSEUDOSTEM WEEVIL,256,256,1087
images/pseudostem_weevil/i_0001_25.jpg,pseudostem_weevil,PSEUDOSTEM WEEVIL,256,256,1598
images/pseudostem_weevil/h_0001_236.jpg,pseudostem_weevil,PSEUDOSTEM WEEVIL,256,256,1105
images/pseudostem_weevil/a_118.jpg,pseudostem_weevil,PSEUDOSTEM WEEVIL,256,256,1528
images/pseudostem_weevil/g_0001_249.jpg,pseudostem_weevil,PSEUDOSTEM WEEVIL,256,256,1599
images/pseudostem_weevil/e_0001_139.jpg,pseudostem_weevil,PSEUDOSTEM WEEVIL,256,256,1102
images/pseudostem_weevil/h_0001_12.jpg,pseudostem_weevil,PSEUDOSTEM WEEVIL,256,256,1102
images/pseudostem_weevil/k_0001_149.jpg,pseudostem_weevil,PSEUDOSTEM WEEVIL,256,256,1540
images/pseudostem_weevil/j_0001_214.jpg,pseudostem_weevil,PSEUDOSTEM WEEVIL,256,256,1529
images/pseudostem_weevil/c_0001_14.jpg,pseudostem_weevil,PSEUDOSTEM WEEVIL,256,256,1062
images/pseudostem_weevil/f_0001_1_112.jpg,pseudostem_weevil,PSEUDOSTEM WEEVIL,256,256,1073
images/pseudostem_weevil/h_0001_164.jpg,pseudostem_weevil,PSEUDOSTEM WEEVIL,256,256,1093
images/pseudostem_weevil/i_0001_239.jpg,pseudostem_weevil,PSEUDOSTEM WEEVIL,256,256,1462
images/pseudostem_weevil/d_0001_43.jpg,pseudostem_weevil,PSEUDOSTEM WEEVIL,256,256,1062
images/pseudostem_weevil/g_0001_16.jpg,pseudostem_weevil,PSEUDOSTEM WEEVIL,256,256,1600
images/pseudostem_weevil/k_0001_260.jpg,pseudostem_weevil,PSEUDOSTEM WEEVIL,256,256,1475
images/pseudostem_weevil/f_0001_1_50.jpg,pseudostem_weevil,PSEUDOSTEM WEEVIL,256,256,1060
images/pseudostem_weevil/i_0001_110.jpg,pseudostem_weevil,PSEUDOSTEM WEEVIL,256,256,1099
images/pseudostem_weevil/g_0001_160.jpg,pseudostem_weevil,PSEUDOSTEM WEEVIL,256,256,1601
images/pseudostem_weevil/k_0001_47.jpg,pseudostem_weevil,PSEUDOSTEM WEEVIL,256,256,1093
images/pseudostem_weevil/a_48.jpg,pseudostem_weevil,PSEUDOSTEM WEEVIL,256,256,1602
images/pseudostem_weevil/a_231.jpg,pseudostem_weevil,PSEUDOSTEM WEEVIL,256,256,1603
images/pseudostem_weevil/h_0001_308.jpg,pseudostem_weevil,PSEUDOSTEM WEEVIL,256,256,1604
images/pseudostem_weevil/b_0001_58.jpg,pseudostem_weevil,PSEUDOSTEM WEEVIL,256,256,1062
images/pseudostem_weevil/e_0001_210.jpg,pseudostem_weevil,PSEUDOSTEM WEEVIL,256,256,1096
images/pseudostem_weevil/h_0001_45.jpg,pseudostem_weevil,PSEUDOSTEM WEEVIL,256,256,1428
images/pseudostem_weevil/i_0001_281.jpg,pseudostem_weevil,PSEUDOSTEM WEEVIL,256,256,1605
images/pseudostem_weevil/h_0001_426.jpg,pseudostem_weevil,PSEUDOSTEM WEEVIL,256,256,1064
images/pseudostem_weevil/d_0001_14.jpg,pseudostem_weevil,PSEUDOSTEM WEEVIL,256,256,1062
images/pseudostem_weevil/h_0001_133.jpg,pseudostem_weevil,PSEUDOSTEM WEEVIL,256,256,1085
images/pseudostem_weevil/b_0001_6.jpg,pseudostem_weevil,PSEUDOSTEM WEEVIL,256,256,1363
images/pseudostem_weevil/c_0001_43.jpg,pseudostem_weevil,PSEUDOSTEM WEEVIL,256,256,1062
images/pseudostem_weevil/j_0001_243.jpg,pseudostem_weevil,PSEUDOSTEM WEEVIL,256,256,1068
images/pseudostem_weevil/e_0001_181.jpg,pseudostem_weevil,PSEUDOSTEM WEEVIL,256,256,1332
images/pseudostem_weevil/i_0001_147.jpg,pseudostem_weevil,PSEUDOSTEM WEEVIL,256,256,1086
images/pseudostem_weevil/a_289.jpg,pseudostem_weevil,PSEUDOSTEM WEEVIL,256,256,1367
images/pseudostem_weevil/k_0001_237.jpg,pseudostem_weevil,PSEUDOSTEM WEEVIL,256,256,1055
images/pseudostem_weevil/e_0001_5.jpg,pseudostem_weevil,PSEUDOSTEM WEEVIL,256,256,1606
images/pseudostem_weevil/e_0001_302.jpg,pseudostem_weevil,PSEUDOSTEM WEEVIL,256,256,1082
images/pseudostem_weevil/g_0001_41.jpg,pseudostem_weevil,PSEUDOSTEM WEEVIL,256,256,1607
images/pseudostem_weevil/e_0001_58.jpg,pseudostem_weevil,PSEUDOSTEM WEEVIL,256,256,1468
images/pseudostem_weevil/j_0001_185.jpg,pseudostem_weevil,PSEUDOSTEM WEEVIL,256,256,1103
images/pseudostem_weevil/e_0001_247.jpg,pseudostem_weevil,PSEUDOSTEM WEEVIL,256,256,1189
images/pseudostem_weevil/h_0001_1.jpg,pseudostem_weevil,PSEUDOSTEM WEEVIL,256,256,1090
images/pseudostem_weevil/a_266.jpg,pseudostem_weevil,PSEUDOSTEM WEEVIL,256,256,1069
images/pseudostem_weevil/k_0001_10.jpg,pseudostem_weevil,PSEUDOSTEM WEEVIL,256,256,1085
images/pseudostem_weevil/g_0001_137.jpg,pseudostem_weevil,PSEUDOSTEM WEEVIL,256,256,1065
images/pseudostem_weevil/a_159.jpg,pseudostem_weevil,PSEUDOSTEM WEEVIL,256,256,1536
images/pseudostem_weevil/g_0001_208.jpg,pseudostem_weevil,PSEUDOSTEM WEEVIL,256,256,1101
images/pseudostem_weevil/h_0001_430.jpg,pseudostem_weevil,PSEUDOSTEM WEEVIL,256,256,1496
images/pseudostem_weevil/i_0001_297.jpg,pseudostem_weevil,PSEUDOSTEM WEEVIL,256,256,1359
images/pseudostem_weevil/e_0001_178.jpg,pseudostem_weevil,PSEUDOSTEM WEEVIL,256,256,1206
images/pseudostem_weevil/h_0001_53.jpg,pseudostem_weevil,PSEUDOSTEM WEEVIL,256,256,1075
images/pseudostem_weevil/e_0001_197.jpg,pseudostem_weevil,PSEUDOSTEM WEEVIL,256,256,1075
images/pseudostem_weevil/k_0001_108.jpg,pseudostem_weevil,PSEUDOSTEM WEEVIL,256,256,1608
images/pseudostem_weevil/c_0001_55.jpg,pseudostem_weevil,PSEUDOSTEM WEEVIL,256,256,1062
images/pseudostem_weevil/i_0001_278.jpg,pseudostem_weevil,PSEUDOSTEM WEEVIL,256,256,1286
images/pseudostem_weevil/h_0001_125.jpg,pseudostem_weevil,PSEUDOSTEM WEEVIL,256,256,1078
images/pseudostem_weevil/g_0001_57.jpg,pseudostem_weevil,PSEUDOSTEM WEEVIL,256,256,1078
images/pseudostem_weevil/k_0001_221.jpg,pseudostem_weevil,PSEUDOSTEM WEEVIL,256,256,1075
images/pseudostem_weevil/f_0001_1_11.jpg,pseudostem_weevil,PSEUDOSTEM WEEVIL,256,256,1057
images/pseudostem_weevil/i_0001_151.jpg,pseudostem_weevil,PSEUDOSTEM WEEVIL,256,256,1368
images/pseudostem_weevil/g_0001_121.jpg,pseudostem_weevil,PSEUDOSTEM WEEVIL,256,256,1412
images/pseudostem_weevil/h_0001_349.jpg,pseudostem_weevil,PSEUDOSTEM WEEVIL,256,256,1156
images/pseudostem_weevil/b_0001_19.jpg,pseudostem_weevil,PSEUDOSTEM WEEVIL,256,256,1062
images/pseudostem_weevil/a_270.jpg,pseudostem_weevil,PSEUDOSTEM WEEVIL,256,256,1069
images/pseudostem_weevil/e_0001_251.jpg,pseudostem_weevil,PSEUDOSTEM WEEVIL,256,256,1417
images/pseudostem_weevil/j_0001_193.jpg,pseudostem_weevil,PSEUDOSTEM WEEVIL,256,256,1502
images/pseudostem_weevil/d_0001_55.jpg,pseudostem_weevil,PSEUDOSTEM WEEVIL,256,256,1062
images/pseudostem_weevil/h_0001_172.jpg,pseudostem_weevil,PSEUDOSTEM WEEVIL,256,256,1609
images/pseudostem_weevil/f_0001_1_104.jpg,pseudostem_weevil,PSEUDOSTEM WEEVIL,256,256,1376
images/pseudostem_weevil/j_0001_202.jpg,pseudostem_weevil,PSEUDOSTEM WEEVIL,256,256,1497
images/pseudostem_weevil/i_0001_106.jpg,pseudostem_weevil,PSEUDOSTEM WEEVIL,256,256,1059
images/pseudostem_weevil/i_0001_48.jpg,pseudostem_weevil,PSEUDOSTEM WEEVIL,256,256,1378
images/pseudostem_weevil/g_0001_199.jpg,pseudostem_weevil,PSEUDOSTEM WEEVIL,256,256,1061
images/pseudostem_weevil/f_0001_1_46.jpg,pseudostem_weevil,PSEUDOSTEM WEEVIL,256,256,1103
images/pseudostem_weevil/k_0001_276.jpg,pseudostem_weevil,PSEUDOSTEM WEEVIL,256,256,1061
images/pseudostem_weevil/e_0001_19.jpg,pseudostem_weevil,PSEUDOSTEM WEEVIL,256,256,1087
images/pseudostem_weevil/e_0001_206.jpg,pseudostem_weevil,PSEUDOSTEM WEEVIL,256,256,1055
images/pseudostem_weevil/a_227.jpg,pseudostem_weevil,PSEUDOSTEM WEEVIL,256,256,1346
images/pseudostem_weevil/k_0001_51.jpg,pseudostem_weevil,PSEUDOSTEM WEEVIL,256,256,1093
images/pseudostem_weevil/g_0001_176.jpg,pseudostem_weevil,PSEUDOSTEM WEEVIL,256,256,1057
images/pseudostem_weevil/i_0001_107.jpg,pseudostem_weevil,PSEUDOSTEM WEEVIL,256,256,1059
images/pseudostem_weevil/i_0001_49.jpg,pseudostem_weevil,PSEUDOSTEM WEEVIL,256,256,1378
images/pseudostem_weevil/g_0001_198.jpg,pseudostem_weevil,PSEUDOSTEM WEEVIL,256,256,1179
images/pseudostem_weevil/f_0001_1_47.jpg,pseudostem_weevil,PSEUDOSTEM WEEVIL,256,256,1060
images/pseudostem_weevil/k_0001_277.jpg,pseudostem_weevil,PSEUDOSTEM WEEVIL,256,256,1202
images/pseudostem_weevil/e_0001_18.jpg,pseudostem_weevil,PSEUDOSTEM WEEVIL,256,256,1610
images/pseudostem_weevil/e_0001_207.jpg,pseudostem_weevil,PSEUDOSTEM WEEVIL,256,256,1247
images/pseudostem_weevil/a_226.jpg,pseudostem_weevil,PSEUDOSTEM WEEVIL,256,256,1611
images/pseudostem_weevil/k_0001_50.jpg,pseudostem_weevil,PSEUDOSTEM WEEVIL,256,256,1093
images/pseudostem_weevil/g_0001_177.jpg,pseudostem_weevil,PSEUDOSTEM WEEVIL,256,256,1057
images/pseudostem_weevil/d_0001_54.jpg,pseudostem_weevil,PSEUDOSTEM WEEVIL,256,256,1062
images/pseudostem_weevil/h_0001_173.jpg,pseudostem_weevil,PSEUDOSTEM WEEVIL,256,256,1612
images/pseudostem_weevil/f_0001_1_105.jpg,pseudostem_weevil,PSEUDOSTEM WEEVIL,256,256,1376
images/pseudostem_weevil/j_0001_203.jpg,pseudostem_weevil,PSEUDOSTEM WEEVIL,256,256,1112
images/pseudostem_weevil/g_0001_56.jpg,pseudostem_weevil,PSEUDOSTEM WEEVIL,256,256,1189
images/pseudostem_weevil/k_0001_220.jpg,pseudostem_weevil,PSEUDOSTEM WEEVIL,256,256,1075
images/pseudostem_weevil/f_0001_1_10.jpg,pseudostem_weevil,PSEUDOSTEM WEEVIL,256,256,1416
images/pseudostem_weevil/i_0001_150.jpg,pseudostem_weevil,PSEUDOSTEM WEEVIL,256,256,1368
images/pseudostem_weevil/g_0001_120.jpg,pseudostem_weevil,PSEUDOSTEM WEEVIL,256,256,1412
images/pseudostem_weevil/a_271.jpg,pseudostem_weevil,PSEUDOSTEM WEEVIL,256,256,1069
images/pseudostem_weevil/h_0001_348.jpg,pseudostem_weevil,PSEUDOSTEM WEEVIL,256,256,1156
images/pseudostem_weevil/b_0001_18.jpg,pseudostem_weevil,PSEUDOSTEM WEEVIL,256,256,1062
images/pseudostem_weevil/e_0001_250.jpg,pseudostem_weevil,PSEUDOSTEM WEEVIL,256,256,1417
images/pseudostem_weevil/j_0001_192.jpg,pseudostem_weevil,PSEUDOSTEM WEEVIL,256,256,1232
images/pseudostem_weevil/a_158.jpg,pseudostem_weevil,PSEUDOSTEM WEEVIL,256,256,1536
images/pseudostem_weevil/h_0001_431.jpg,pseudostem_weevil,PSEUDOSTEM WEEVIL,256,256,1575
images/pseudostem_weevil/g_0001_209.jpg,pseudostem_weevil,PSEUDOSTEM WEEVIL,256,256,1613
images/pseudostem_weevil/i_0001_296.jpg,pseudostem_weevil,PSEUDOSTEM WEEVIL,256,256,1359
images/pseudostem_weevil/e_0001_179.jpg,pseudostem_weevil,PSEUDOSTEM WEEVIL,256,256,1614
images/pseudostem_weevil/h_0001_52.jpg,pseudostem_weevil,PSEUDOSTEM WEEVIL,256,256,1075
images/pseudostem_weevil/e_0001_196.jpg,pseudostem_weevil,PSEUDOSTEM WEEVIL,256,256,1075
images/pseudostem_weevil/k_0001_109.jpg,pseudostem_weevil,PSEUDOSTEM WEEVIL,256,256,1615
images/pseudostem_weevil/c_0001_54.jpg,pseudostem_weevil,PSEUDOSTEM WEEVIL,256,256,1062
images/pseudostem_weevil/h_0001_124.jpg,pseudostem_weevil,PSEUDOSTEM WEEVIL,256,256,1060
images/pseudostem_weevil/i_0001_279.jpg,pseudostem_weevil,PSEUDOSTEM WEEVIL,256,256,1286
images/pseudostem_weevil/i_0001_146.jpg,pseudostem_weevil,PSEUDOSTEM WEEVIL,256,256,1151
images/pseudostem_weevil/a_288.jpg,pseudostem_weevil,PSEUDOSTEM WEEVIL,256,256,1367
images/pseudostem_weevil/k_0001_236.jpg,pseudostem_weevil,PSEUDOSTEM WEEVIL,256,256,1055
images/pseudostem_weevil/e_0001_4.jpg,pseudostem_weevil,PSEUDOSTEM WEEVIL,256,256,1616
images/pseudostem_weevil/e_0001_303.jpg,pseudostem_weevil,PSEUDOSTEM WEEVIL,256,256,1065
images/pseudostem_weevil/g_0001_40.jpg,pseudostem_weevil,PSEUDOSTEM WEEVIL,256,256,1480
images/pseudostem_weevil/e_0001_59.jpg,pseudostem_weevil,PSEUDOSTEM WEEVIL,256,256,1617
images/pseudostem_weevil/j_0001_184.jpg,pseudostem_weevil,PSEUDOSTEM WEEVIL,256,256,1207
images/pseudostem_weevil/e_0001_246.jpg,pseudostem_weevil,PSEUDOSTEM WEEVIL,256,256,1578
images/pseudostem_weevil/a_267.jpg,pseudostem_weevil,PSEUDOSTEM WEEVIL,256,256,1069
images/pseudostem_weevil/k_0001_11.jpg,pseudostem_weevil,PSEUDOSTEM WEEVIL,256,256,1085
images/pseudostem_weevil/g_0001_136.jpg,pseudostem_weevil,PSEUDOSTEM WEEVIL,256,256,1065
images/pseudostem_weevil/h_0001_44.jpg,pseudostem_weevil,PSEUDOSTEM WEEVIL,256,256,1091
images/pseudostem_weevil/i_0001_280.jpg,pseudostem_weevil,PSEUDOSTEM WEEVIL,256,256,1618
images/pseudostem_weevil/h_0001_427.jpg,pseudostem_weevil,PSEUDOSTEM WEEVIL,256,256,1365
images/pseudostem_weevil/d_0001_15.jpg,pseudostem_weevil,PSEUDOSTEM WEEVIL,256,256,1062
images/pseudostem_weevil/h_0001_132.jpg,pseudostem_weevil,PSEUDOSTEM WEEVIL,256,256,1085
images/pseudostem_weevil/b_0001_7.jpg,pseudostem_weevil,PSEUDOSTEM WEEVIL,256,256,1363
images/pseudostem_weevil/c_0001_42.jpg,pseudostem_weevil,PSEUDOSTEM WEEVIL,256,256,1062
images/pseudostem_weevil/j_0001_242.jpg,pseudostem_weevil,PSEUDOSTEM WEEVIL,256,256,1391
images/pseudostem_weevil/e_0001_180.jpg,pseudostem_weevil,PSEUDOSTEM WEEVIL,256,256,1206
images/pseudostem_weevil/g_0001_17.jpg,pseudostem_weevil,PSEUDOSTEM WEEVIL,256,256,1619
images/pseudostem_weevil/k_0001_261.jpg,pseudostem_weevil,PSEUDOSTEM WEEVIL,256,256,1430
images/pseudostem_weevil/f_0001_1_51.jpg,pseudostem_weevil,PSEUDOSTEM WEEVIL,256,256,1060
images/pseudostem_weevil/i_0001_111.jpg,pseudostem_weevil,PSEUDOSTEM WEEVIL,256,256,1099
images/pseudostem_weevil/g_0001_161.jpg,pseudostem_weevil,PSEUDOSTEM WEEVIL,256,256,1166
images/pseudostem_weevil/k_0001_46.jpg,pseudostem_weevil,PSEUDOSTEM WEEVIL,256,256,1266
images/pseudostem_weevil/h_0001_309.jpg,pseudostem_weevil,PSEUDOSTEM WEEVIL,256,256,1620
images/pseudostem_weevil/b_0001_59.jpg,pseudostem_weevil,PSEUDOSTEM WEEVIL,256,256,1621
images/pseudostem_weevil/a_230.jpg,pseudostem_weevil,PSEUDOSTEM WEEVIL,256,256,1269
images/pseudostem_weevil/a_49.jpg,pseudostem_weevil,PSEUDOSTEM WEEVIL,256,256,1602
images/pseudostem_weevil/e_0001_211.jpg,pseudostem_weevil,PSEUDOSTEM WEEVIL,256,256,1096
images/pseudostem_weevil/a_119.jpg,pseudostem_weevil,PSEUDOSTEM WEEVIL,256,256,1131
images/pseudostem_weevil/g_0001_248.jpg,pseudostem_weevil,PSEUDOSTEM WEEVIL,256,256,1373
images/pseudostem_weevil/e_0001_138.jpg,pseudostem_weevil,PSEUDOSTEM WEEVIL,256,256,1084
images/pseudostem_weevil/h_0001_13.jpg,pseudostem_weevil,PSEUDOSTEM WEEVIL,256,256,1060
images/pseudostem_weevil/j_0001_215.jpg,pseudostem_weevil,PSEUDOSTEM WEEVIL,256,256,1366
images/pseudostem_weevil/k_0001_148.jpg,pseudostem_weevil,PSEUDOSTEM WEEVIL,256,256,1622
images/pseudostem_weevil/c_0001_15.jpg,pseudostem_weevil,PSEUDOSTEM WEEVIL,256,256,1062
images/pseudostem_weevil/f_0001_1_113.jpg,pseudostem_weevil,PSEUDOSTEM WEEVIL,256,256,1232
images/pseudostem_weevil/i_0001_238.jpg,pseudostem_weevil,PSEUDOSTEM WEEVIL,256,256,1371
images/pseudostem_weevil/h_0001_165.jpg,pseudostem_weevil,PSEUDOSTEM WEEVIL,256,256,1093
images/pseudostem_weevil/d_0001_42.jpg,pseudostem_weevil,PSEUDOSTEM WEEVIL,256,256,1062
images/pseudostem_weevil/i_0001_185.jpg,pseudostem_weevil,PSEUDOSTEM WEEVIL,256,256,1115
images/pseudostem_weevil/a_32.jpg,pseudostem_weevil,PSEUDOSTEM WEEVIL,256,256,1109
images/pseudostem_weevil/h_0001_372.jpg,pseudostem_weevil,PSEUDOSTEM WEEVIL,256,256,1623
images/pseudostem_weevil/b_0001_22.jpg,pseudostem_weevil,PSEUDOSTEM WEEVIL,256,256,1062
images/pseudostem_weevil/d_0001_137.jpg,pseudostem_weevil,PSEUDOSTEM WEEVIL,256,256,1062
images/pseudostem_weevil/g_0001_83.jpg,pseudostem_weevil,PSEUDOSTEM WEEVIL,256,256,1429
images/pseudostem_weevil/e_0001_75.jpg,pseudostem_weevil,PSEUDOSTEM WEEVIL,256,256,1624
images/pseudostem_weevil/e_0001_285.jpg,pseudostem_weevil,PSEUDOSTEM WEEVIL,256,256,1065
images/pseudostem_weevil/j_0001_147.jpg,pseudostem_weevil,PSEUDOSTEM WEEVIL,256,256,1153
images/pseudostem_weevil/i_0001_24.jpg,pseudostem_weevil,PSEUDOSTEM WEEVIL,256,256,1272
images/pseudostem_weevil/h_0001_237.jpg,pseudostem_weevil,PSEUDOSTEM WEEVIL,256,256,1519
images/pseudostem_weevil/h_0001_87.jpg,pseudostem_weevil,PSEUDOSTEM WEEVIL,256,256,1227
images/pseudostem_weevil/j_0001_71.jpg,pseudostem_weevil,PSEUDOSTEM WEEVIL,256,256,1295
images/pseudostem_weevil/k_0001_133.jpg,pseudostem_weevil,PSEUDOSTEM WEEVIL,256,256,1594
images/pseudostem_weevil/c_0001_120.jpg,pseudostem_weevil,PSEUDOSTEM WEEVIL,256,256,1062
images/pseudostem_weevil/i_0001_243.jpg,pseudostem_weevil,PSEUDOSTEM WEEVIL,256,256,1118
images/pseudostem_weevil/d_0001_39.jpg,pseudostem_weevil,PSEUDOSTEM WEEVIL,256,256,1062
images/pseudostem_weevil/i_0001_306.jpg,pseudostem_weevil,PSEUDOSTEM WEEVIL,256,256,1380
images/pseudostem_weevil/a_162.jpg,pseudostem_weevil,PSEUDOSTEM WEEVIL,256,256,1536
images/pseudostem_weevil/g_0001_233.jpg,pseudostem_weevil,PSEUDOSTEM WEEVIL,256,256,1577
images/pseudostem_weevil/c_0001_81.jpg,pseudostem_weevil,PSEUDOSTEM WEEVIL,256,256,1062
images/pseudostem_weevil/e_0001_143.jpg,pseudostem_weevil,PSEUDOSTEM WEEVIL,256,256,1102
images/pseudostem_weevil/h_0001_68.jpg,pseudostem_weevil,PSEUDOSTEM WEEVIL,256,256,1060
images/pseudostem_weevil/e_0001_22.jpg,pseudostem_weevil,PSEUDOSTEM WEEVIL,256,256,1087
images/pseudostem_weevil/d_0001_160.jpg,pseudostem_weevil,PSEUDOSTEM WEEVIL,256,256,1062
images/pseudostem_weevil/f_0001_1_92.jpg,pseudostem_weevil,PSEUDOSTEM WEEVIL,256,256,1064
images/pseudostem_weevil/a_65.jpg,pseudostem_weevil,PSEUDOSTEM WEEVIL,256,256,1447
images/pseudostem_weevil/h_0001_325.jpg,pseudostem_weevil,PSEUDOSTEM WEEVIL,256,256,1625
images/pseudostem_weevil/b_0001_75.jpg,pseudostem_weevil,PSEUDOSTEM WEEVIL,256,256,1062
images/pseudostem_weevil/k_0001_85.jpg,pseudostem_weevil,PSEUDOSTEM WEEVIL,256,256,1626
images/pseudostem_weevil/h_0001_260.jpg,pseudostem_weevil,PSEUDOSTEM WEEVIL,256,256,1627
images/pseudostem_weevil/i_0001_73.jpg,pseudostem_weevil,PSEUDOSTEM WEEVIL,256,256,1445
images/pseudostem_weevil/j_0001_110.jpg,pseudostem_weevil,PSEUDOSTEM WEEVIL,256,256,1064
images/pseudostem_weevil/b_0001_103.jpg,pseudostem_weevil,PSEUDOSTEM WEEVIL,256,256,1442
images/pseudostem_weevil/h_0001_149.jpg,pseudostem_weevil,PSEUDOSTEM WEEVIL,256,256,1179
images/pseudostem_weevil/i_0001_214.jpg,pseudostem_weevil,PSEUDOSTEM WEEVIL,256,256,1518
images/pseudostem_weevil/c_0001_39.jpg,pseudostem_weevil,PSEUDOSTEM WEEVIL,256,256,1062
images/pseudostem_weevil/j_0001_26.jpg,pseudostem_weevil,PSEUDOSTEM WEEVIL,256,256,1628
images/pseudostem_weevil/k_0001_164.jpg,pseudostem_weevil,PSEUDOSTEM WEEVIL,256,256,1478
images/pseudostem_weevil/j_0001_239.jpg,pseudostem_weevil,PSEUDOSTEM WEEVIL,256,256,1629
images/pseudostem_weevil/e_0001_114.jpg,pseudostem_weevil,PSEUDOSTEM WEEVIL,256,256,1129
images/pseudostem_weevil/g_0001_264.jpg,pseudostem_weevil,PSEUDOSTEM WEEVIL,256,256,1145
images/pseudostem_weevil/d_0001_81.jpg,pseudostem_weevil,PSEUDOSTEM WEEVIL,256,256,1062
images/pseudostem_weevil/a_135.jpg,pseudostem_weevil,PSEUDOSTEM WEEVIL,256,256,1281
images/pseudostem_weevil/h_0001_299.jpg,pseudostem_weevil,PSEUDOSTEM WEEVIL,256,256,1510
images/pseudostem_weevil/h_0001_333.jpg,pseudostem_weevil,PSEUDOSTEM WEEVIL,256,256,1585
images/pseudostem_weevil/b_0001_63.jpg,pseudostem_weevil,PSEUDOSTEM WEEVIL,256,256,1062
images/pseudostem_weevil/a_73.jpg,pseudostem_weevil,PSEUDOSTEM WEEVIL,256,256,1584
images/pseudostem_weevil/f_0001_1_84.jpg,pseudostem_weevil,PSEUDOSTEM WEEVIL,256,256,1064
images/pseudostem_weevil/d_0001_176.jpg,pseudostem_weevil,PSEUDOSTEM WEEVIL,256,256,1062
images/pseudostem_weevil/e_0001_34.jpg,pseudostem_weevil,PSEUDOSTEM WEEVIL,256,256,1062
images/pseudostem_weevil/b_0001_115.jpg,pseudostem_weevil,PSEUDOSTEM WEEVIL,256,256,1062
images/pseudostem_weevil/j_0001_106.jpg,pseudostem_weevil,PSEUDOSTEM WEEVIL,256,256,1104
images/pseudostem_weevil/i_0001_65.jpg,pseudostem_weevil,PSEUDOSTEM WEEVIL,256,256,1140
images/pseudostem_weevil/h_0001_276.jpg,pseudostem_weevil,PSEUDOSTEM WEEVIL,256,256,1455
images/pseudostem_weevil/k_0001_93.jpg,pseudostem_weevil,PSEUDOSTEM WEEVIL,256,256,1630
images/pseudostem_weevil/k_0001_172.jpg,pseudostem_weevil,PSEUDOSTEM WEEVIL,256,256,1464
images/pseudostem_weevil/j_0001_30.jpg,pseudostem_weevil,PSEUDOSTEM WEEVIL,256,256,1388
images/pseudostem_weevil/i_0001_202.jpg,pseudostem_weevil,PSEUDOSTEM WEEVIL,256,256,1410
images/pseudostem_weevil/j_0001_2.jpg,pseudostem_weevil,PSEUDOSTEM WEEVIL,256,256,1391
images/pseudostem_weevil/d_0001_78.jpg,pseudostem_weevil,PSEUDOSTEM WEEVIL,256,256,1062
images/pseudostem_weevil/a_123.jpg,pseudostem_weevil,PSEUDOSTEM WEEVIL,256,256,1131
images/pseudostem_weevil/d_0001_97.jpg,pseudostem_weevil,PSEUDOSTEM WEEVIL,256,256,1062
images/pseudostem_weevil/g_0001_6.jpg,pseudostem_weevil,PSEUDOSTEM WEEVIL,256,256,1631
images/pseudostem_weevil/e_0001_102.jpg,pseudostem_weevil,PSEUDOSTEM WEEVIL,256,256,1397
images/pseudostem_weevil/h_0001_29.jpg,pseudostem_weevil,PSEUDOSTEM WEEVIL,256,256,1266
images/pseudostem_weevil/e_0001_63.jpg,pseudostem_weevil,PSEUDOSTEM WEEVIL,256,256,1632
images/pseudostem_weevil/g_0001_95.jpg,pseudostem_weevil,PSEUDOSTEM WEEVIL,256,256,1529
images/pseudostem_weevil/d_0001_121.jpg,pseudostem_weevil,PSEUDOSTEM WEEVIL,256,256,1062
images/pseudostem_weevil/h_0001_364.jpg,pseudostem_weevil,PSEUDOSTEM WEEVIL,256,256,1156
images/pseudostem_weevil/b_0001_34.jpg,pseudostem_weevil,PSEUDOSTEM WEEVIL,256,256,1062
images/pseudostem_weevil/a_24.jpg,pseudostem_weevil,PSEUDOSTEM WEEVIL,256,256,1281
images/pseudostem_weevil/i_0001_193.jpg,pseudostem_weevil,PSEUDOSTEM WEEVIL,256,256,1633
images/pseudostem_weevil/h_0001_221.jpg,pseudostem_weevil,PSEUDOSTEM WEEVIL,256,256,1634
images/pseudostem_weevil/i_0001_32.jpg,pseudostem_weevil,PSEUDOSTEM WEEVIL,256,256,1150
images/pseudostem_weevil/j_0001_151.jpg,pseudostem_weevil,PSEUDOSTEM WEEVIL,256,256,1153
images/pseudostem_weevil/e_0001_293.jpg,pseudostem_weevil,PSEUDOSTEM WEEVIL,256,256,1065
images/pseudostem_weevil/i_0001_9.jpg,pseudostem_weevil,PSEUDOSTEM WEEVIL,256,256,1184
images/pseudostem_weevil/i_0001_255.jpg,pseudostem_weevil,PSEUDOSTEM WEEVIL,256,256,1118
images/pseudostem_weevil/h_0001_108.jpg,pseudostem_weevil,PSEUDOSTEM WEEVIL,256,256,1061
images/pseudostem_weevil/c_0001_78.jpg,pseudostem_weevil,PSEUDOSTEM WEEVIL,256,256,1062
images/pseudostem_weevil/k_0001_125.jpg,pseudostem_weevil,PSEUDOSTEM WEEVIL,256,256,1635
images/pseudostem_weevil/j_0001_67.jpg,pseudostem_weevil,PSEUDOSTEM WEEVIL,256,256,1295
images/pseudostem_weevil/h_0001_91.jpg,pseudostem_weevil,PSEUDOSTEM WEEVIL,256,256,1227
images/pseudostem_weevil/j_0001_88.jpg,pseudostem_weevil,PSEUDOSTEM WEEVIL,256,256,1404
images/pseudostem_weevil/e_0001_155.jpg,pseudostem_weevil,PSEUDOSTEM WEEVIL,256,256,1102
images/pseudostem_weevil/c_0001_97.jpg,pseudostem_weevil,PSEUDOSTEM WEEVIL,256,256,1062
images/pseudostem_weevil/g_0001_225.jpg,pseudostem_weevil,PSEUDOSTEM WEEVIL,256,256,1636
images/pseudostem_weevil/i_0001_310.jpg,pseudostem_weevil,PSEUDOSTEM WEEVIL,256,256,1469
images/pseudostem_weevil/a_174.jpg,pseudostem_weevil,PSEUDOSTEM WEEVIL,256,256,1114
images/pseudostem_weevil/f_0001_1_6.jpg,pseudostem_weevil,PSEUDOSTEM WEEVIL,256,256,1166
images/pseudostem_weevil/a_103.jpg,pseudostem_weevil,PSEUDOSTEM WEEVIL,256,256,1351
images/pseudostem_weevil/g_0001_252.jpg,pseudostem_weevil,PSEUDOSTEM WEEVIL,256,256,1410
images/pseudostem_weevil/h_0001_190.jpg,pseudostem_weevil,PSEUDOSTEM WEEVIL,256,256,1060
images/pseudostem_weevil/e_0001_122.jpg,pseudostem_weevil,PSEUDOSTEM WEEVIL,256,256,1153
images/pseudostem_weevil/k_0001_152.jpg,pseudostem_weevil,PSEUDOSTEM WEEVIL,256,256,1637
images/pseudostem_weevil/j_0001_10.jpg,pseudostem_weevil,PSEUDOSTEM WEEVIL,256,256,1065
images/pseudostem_weevil/f_0001_1_109.jpg,pseudostem_weevil,PSEUDOSTEM WEEVIL,256,256,1638
images/pseudostem_weevil/i_0001_222.jpg,pseudostem_weevil,PSEUDOSTEM WEEVIL,256,256,1582
images/pseudostem_weevil/d_0001_58.jpg,pseudostem_weevil,PSEUDOSTEM WEEVIL,256,256,1062
images/pseudostem_weevil/j_0001_126.jpg,pseudostem_weevil,PSEUDOSTEM WEEVIL,256,256,1173
images/pseudostem_weevil/i_0001_45.jpg,pseudostem_weevil,PSEUDOSTEM WEEVIL,256,256,1290
images/pseudostem_weevil/g_0001_194.jpg,pseudostem_weevil,PSEUDOSTEM WEEVIL,256,256,1237
images/pseudostem_weevil/h_0001_256.jpg,pseudostem_weevil,PSEUDOSTEM WEEVIL,256,256,1639
images/pseudostem_weevil/h_0001_313.jpg,pseudostem_weevil,PSEUDOSTEM WEEVIL,256,256,1640
images/pseudostem_weevil/b_0001_43.jpg,pseudostem_weevil,PSEUDOSTEM WEEVIL,256,256,1062
images/pseudostem_weevil/a_53.jpg,pseudostem_weevil,PSEUDOSTEM WEEVIL,256,256,1171
images/pseudostem_weevil/d_0001_156.jpg,pseudostem_weevil,PSEUDOSTEM WEEVIL,256,256,1062
images/pseudostem_weevil/e_0001_14.jpg,pseudostem_weevil,PSEUDOSTEM WEEVIL,256,256,1147
images/pseudostem_weevil/e_0001_175.jpg,pseudostem_weevil,PSEUDOSTEM WEEVIL,256,256,1206
images/pseudostem_weevil/g_0001_205.jpg,pseudostem_weevil,PSEUDOSTEM WEEVIL,256,256,1210
images/pseudostem_weevil/a_154.jpg,pseudostem_weevil,PSEUDOSTEM WEEVIL,256,256,1536
images/pseudostem_weevil/i_0001_275.jpg,pseudostem_weevil,PSEUDOSTEM WEEVIL,256,256,1286
images/pseudostem_weevil/h_0001_128.jpg,pseudostem_weevil,PSEUDOSTEM WEEVIL,256,256,1078
images/pseudostem_weevil/c_0001_58.jpg,pseudostem_weevil,PSEUDOSTEM WEEVIL,256,256,1062
images/pseudostem_weevil/c_0001_116.jpg,pseudostem_weevil,PSEUDOSTEM WEEVIL,256,256,1062
images/pseudostem_weevil/k_0001_105.jpg,pseudostem_weevil,PSEUDOSTEM WEEVIL,256,256,1641
images/pseudostem_weevil/j_0001_47.jpg,pseudostem_weevil,PSEUDOSTEM WEEVIL,256,256,1090
images/pseudostem_weevil/h_0001_201.jpg,pseudostem_weevil,PSEUDOSTEM WEEVIL,256,256,1060
images/pseudostem_weevil/i_0001_12.jpg,pseudostem_weevil,PSEUDOSTEM WEEVIL,256,256,1184
images/pseudostem_weevil/a_292.jpg,pseudostem_weevil,PSEUDOSTEM WEEVIL,256,256,1285
images/pseudostem_weevil/j_0001_171.jpg,pseudostem_weevil,PSEUDOSTEM WEEVIL,256,256,1102
images/pseudostem_weevil/e_0001_43.jpg,pseudostem_weevil,PSEUDOSTEM WEEVIL,256,256,1062
images/pseudostem_weevil/d_0001_101.jpg,pseudostem_weevil,PSEUDOSTEM WEEVIL,256,256,1062
images/pseudostem_weevil/h_0001_344.jpg,pseudostem_weevil,PSEUDOSTEM WEEVIL,256,256,1156
images/pseudostem_weevil/b_0001_14.jpg,pseudostem_weevil,PSEUDOSTEM WEEVIL,256,256,1062
images/pseudostem_weevil/a_142.jpg,pseudostem_weevil,PSEUDOSTEM WEEVIL,256,256,1642
images/pseudostem_weevil/g_0001_213.jpg,pseudostem_weevil,PSEUDOSTEM WEEVIL,256,256,1643
images/pseudostem_weevil/e_0001_163.jpg,pseudostem_weevil,PSEUDOSTEM WEEVIL,256,256,1141
images/pseudostem_weevil/h_0001_48.jpg,pseudostem_weevil,PSEUDOSTEM WEEVIL,256,256,1428
images/pseudostem_weevil/j_0001_51.jpg,pseudostem_weevil,PSEUDOSTEM WEEVIL,256,256,1090
images/pseudostem_weevil/k_0001_113.jpg,pseudostem_weevil,PSEUDOSTEM WEEVIL,256,256,1163
images/pseudostem_weevil/c_0001_100.jpg,pseudostem_weevil,PSEUDOSTEM WEEVIL,256,256,1062
images/pseudostem_weevil/a_3.jpg,pseudostem_weevil,PSEUDOSTEM WEEVIL,256,256,1191
images/pseudostem_weevil/i_0001_263.jpg,pseudostem_weevil,PSEUDOSTEM WEEVIL,256,256,1286
images/pseudostem_weevil/d_0001_19.jpg,pseudostem_weevil,PSEUDOSTEM WEEVIL,256,256,1062
images/pseudostem_weevil/e_0001_8.jpg,pseudostem_weevil,PSEUDOSTEM WEEVIL,256,256,1391
images/pseudostem_weevil/j_0001_167.jpg,pseudostem_weevil,PSEUDOSTEM WEEVIL,256,256,1102
images/pseudostem_weevil/a_284.jpg,pseudostem_weevil,PSEUDOSTEM WEEVIL,256,256,1531
images/pseudostem_weevil/h_0001_217.jpg,pseudostem_weevil,PSEUDOSTEM WEEVIL,256,256,1644
images/pseudostem_weevil/a_12.jpg,pseudostem_weevil,PSEUDOSTEM WEEVIL,256,256,1191
images/pseudostem_weevil/h_0001_352.jpg,pseudostem_weevil,PSEUDOSTEM WEEVIL,256,256,1156
images/pseudostem_weevil/d_0001_117.jpg,pseudostem_weevil,PSEUDOSTEM WEEVIL,256,256,1062
images/pseudostem_weevil/j_0001_188.jpg,pseudostem_weevil,PSEUDOSTEM WEEVIL,256,256,1103
images/pseudostem_weevil/e_0001_55.jpg,pseudostem_weevil,PSEUDOSTEM WEEVIL,256,256,1062
images/pseudostem_weevil/e_0001_134.jpg,pseudostem_weevil,PSEUDOSTEM WEEVIL,256,256,1084
images/pseudostem_weevil/k_0001_7.jpg,pseudostem_weevil,PSEUDOSTEM WEEVIL,256,256,1277
images/pseudostem_weevil/h_0001_186.jpg,pseudostem_weevil,PSEUDOSTEM WEEVIL,256,256,1645
images/pseudostem_weevil/g_0001_244.jpg,pseudostem_weevil,PSEUDOSTEM WEEVIL,256,256,1646
images/pseudostem_weevil/a_115.jpg,pseudostem_weevil,PSEUDOSTEM WEEVIL,256,256,1528
images/pseudostem_weevil/h_0001_169.jpg,pseudostem_weevil,PSEUDOSTEM WEEVIL,256,256,1093
images/pseudostem_weevil/i_0001_234.jpg,pseudostem_weevil,PSEUDOSTEM WEEVIL,256,256,1129
images/pseudostem_weevil/c_0001_19.jpg,pseudostem_weevil,PSEUDOSTEM WEEVIL,256,256,1062
images/pseudostem_weevil/k_0001_144.jpg,pseudostem_weevil,PSEUDOSTEM WEEVIL,256,256,1567
images/pseudostem_weevil/j_0001_219.jpg,pseudostem_weevil,PSEUDOSTEM WEEVIL,256,256,1417
images/pseudostem_weevil/h_0001_240.jpg,pseudostem_weevil,PSEUDOSTEM WEEVIL,256,256,1519
images/pseudostem_weevil/g_0001_182.jpg,pseudostem_weevil,PSEUDOSTEM WEEVIL,256,256,1090
images/pseudostem_weevil/i_0001_53.jpg,pseudostem_weevil,PSEUDOSTEM WEEVIL,256,256,1140
images/pseudostem_weevil/j_0001_130.jpg,pseudostem_weevil,PSEUDOSTEM WEEVIL,256,256,1173
images/pseudostem_weevil/k_0001_282.jpg,pseudostem_weevil,PSEUDOSTEM WEEVIL,256,256,1202
images/pseudostem_weevil/d_0001_140.jpg,pseudostem_weevil,PSEUDOSTEM WEEVIL,256,256,1062
images/pseudostem_weevil/a_45.jpg,pseudostem_weevil,PSEUDOSTEM WEEVIL,256,256,1647
images/pseudostem_weevil/h_0001_305.jpg,pseudostem_weevil,PSEUDOSTEM WEEVIL,256,256,1648
images/pseudostem_weevil/b_0001_55.jpg,pseudostem_weevil,PSEUDOSTEM WEEVIL,256,256,1062
images/pseudostem_weevil/d_0001_35.jpg,pseudostem_weevil,PSEUDOSTEM WEEVIL,256,256,1062
images/pseudostem_weevil/a_181.jpg,pseudostem_weevil,PSEUDOSTEM WEEVIL,256,256,1201
images/pseudostem_weevil/h_0001_112.jpg,pseudostem_weevil,PSEUDOSTEM WEEVIL,256,256,1379
images/pseudostem_weevil/c_0001_62.jpg,pseudostem_weevil,PSEUDOSTEM WEEVIL,256,256,1062
images/pseudostem_weevil/j_0001_92.jpg,pseudostem_weevil,PSEUDOSTEM WEEVIL,256,256,1104
images/pseudostem_weevil/h_0001_64.jpg,pseudostem_weevil,PSEUDOSTEM WEEVIL,256,256,1075
images/pseudostem_weevil/h_0001_407.jpg,pseudostem_weevil,PSEUDOSTEM WEEVIL,256,256,1064
images/pseudostem_weevil/e_0001_79.jpg,pseudostem_weevil,PSEUDOSTEM WEEVIL,256,256,1649
images/pseudostem_weevil/e_0001_266.jpg,pseudostem_weevil,PSEUDOSTEM WEEVIL,256,256,1384
images/pseudostem_weevil/a_247.jpg,pseudostem_weevil,PSEUDOSTEM WEEVIL,256,256,1650
images/pseudostem_weevil/k_0001_31.jpg,pseudostem_weevil,PSEUDOSTEM WEEVIL,256,256,1179
images/pseudostem_weevil/i_0001_189.jpg,pseudostem_weevil,PSEUDOSTEM WEEVIL,256,256,1111
images/pseudostem_weevil/g_0001_116.jpg,pseudostem_weevil,PSEUDOSTEM WEEVIL,256,256,1384
images/pseudostem_weevil/i_0001_166.jpg,pseudostem_weevil,PSEUDOSTEM WEEVIL,256,256,1204
images/pseudostem_weevil/a_302.jpg,pseudostem_weevil,PSEUDOSTEM WEEVIL,256,256,1651
images/pseudostem_weevil/i_0001_28.jpg,pseudostem_weevil,PSEUDOSTEM WEEVIL,256,256,1652
images/pseudostem_weevil/f_0001_1_26.jpg,pseudostem_weevil,PSEUDOSTEM WEEVIL,256,256,1090
images/pseudostem_weevil/h_0001_391.jpg,pseudostem_weevil,PSEUDOSTEM WEEVIL,256,256,1407
images/pseudostem_weevil/k_0001_216.jpg,pseudostem_weevil,PSEUDOSTEM WEEVIL,256,256,1332
images/pseudostem_weevil/e_0001_289.jpg,pseudostem_weevil,PSEUDOSTEM WEEVIL,256,256,1065
images/pseudostem_weevil/e_0001_96.jpg,pseudostem_weevil,PSEUDOSTEM WEEVIL,256,256,1473
images/pseudostem_weevil/g_0001_60.jpg,pseudostem_weevil,PSEUDOSTEM WEEVIL,256,256,1342
images/pseudostem_weevil/j_0001_235.jpg,pseudostem_weevil,PSEUDOSTEM WEEVIL,256,256,1653
images/pseudostem_weevil/k_0001_168.jpg,pseudostem_weevil,PSEUDOSTEM WEEVIL,256,256,1206
images/pseudostem_weevil/c_0001_35.jpg,pseudostem_weevil,PSEUDOSTEM WEEVIL,256,256,1062
images/pseudostem_weevil/i_0001_218.jpg,pseudostem_weevil,PSEUDOSTEM WEEVIL,256,256,1654
images/pseudostem_weevil/h_0001_145.jpg,pseudostem_weevil,PSEUDOSTEM WEEVIL,256,256,1237
images/pseudostem_weevil/d_0001_62.jpg,pseudostem_weevil,PSEUDOSTEM WEEVIL,256,256,1062
images/pseudostem_weevil/a_139.jpg,pseudostem_weevil,PSEUDOSTEM WEEVIL,256,256,1476
images/pseudostem_weevil/h_0001_450.jpg,pseudostem_weevil,PSEUDOSTEM WEEVIL,256,256,1153
images/pseudostem_weevil/e_0001_118.jpg,pseudostem_weevil,PSEUDOSTEM WEEVIL,256,256,1371
images/pseudostem_weevil/h_0001_33.jpg,pseudostem_weevil,PSEUDOSTEM WEEVIL,256,256,1212
images/pseudostem_weevil/k_0001_187.jpg,pseudostem_weevil,PSEUDOSTEM WEEVIL,256,256,1655
images/pseudostem_weevil/g_0001_141.jpg,pseudostem_weevil,PSEUDOSTEM WEEVIL,256,256,1065
images/pseudostem_weevil/i_0001_90.jpg,pseudostem_weevil,PSEUDOSTEM WEEVIL,256,256,1272
images/pseudostem_weevil/k_0001_66.jpg,pseudostem_weevil,PSEUDOSTEM WEEVIL,256,256,1656
images/pseudostem_weevil/h_0001_283.jpg,pseudostem_weevil,PSEUDOSTEM WEEVIL,256,256,1657
images/pseudostem_weevil/h_0001_329.jpg,pseudostem_weevil,PSEUDOSTEM WEEVIL,256,256,1658
images/pseudostem_weevil/b_0001_79.jpg,pseudostem_weevil,PSEUDOSTEM WEEVIL,256,256,1062
images/pseudostem_weevil/a_69.jpg,pseudostem_weevil,PSEUDOSTEM WEEVIL,256,256,1447
images/pseudostem_weevil/a_210.jpg,pseudostem_weevil,PSEUDOSTEM WEEVIL,256,256,1395
images/pseudostem_weevil/e_0001_231.jpg,pseudostem_weevil,PSEUDOSTEM WEEVIL,256,256,1061
images/pseudostem_weevil/g_0001_37.jpg,pseudostem_weevil,PSEUDOSTEM WEEVIL,256,256,1659
images/pseudostem_weevil/k_0001_241.jpg,pseudostem_weevil,PSEUDOSTEM WEEVIL,256,256,1533
images/pseudostem_weevil/a_86.jpg,pseudostem_weevil,PSEUDOSTEM WEEVIL,256,256,1389
images/pseudostem_weevil/b_0001_96.jpg,pseudostem_weevil,PSEUDOSTEM WEEVIL,256,256,1062
images/pseudostem_weevil/f_0001_1_71.jpg,pseudostem_weevil,PSEUDOSTEM WEEVIL,256,256,1104
images/pseudostem_weevil/i_0001_131.jpg,pseudostem_weevil,PSEUDOSTEM WEEVIL,256,256,1390
images/pseudostem_weevil/k_0001_89.jpg,pseudostem_weevil,PSEUDOSTEM WEEVIL,256,256,1660
images/pseudostem_weevil/d_0001_74.jpg,pseudostem_weevil,PSEUDOSTEM WEEVIL,256,256,1062
images/pseudostem_weevil/h_0001_153.jpg,pseudostem_weevil,PSEUDOSTEM WEEVIL,256,256,1179
images/pseudostem_weevil/c_0001_23.jpg,pseudostem_weevil,PSEUDOSTEM WEEVIL,256,256,1062
images/pseudostem_weevil/j_0001_223.jpg,pseudostem_weevil,PSEUDOSTEM WEEVIL,256,256,1512
images/pseudostem_weevil/k_0001_191.jpg,pseudostem_weevil,PSEUDOSTEM WEEVIL,256,256,1396
images/pseudostem_weevil/h_0001_25.jpg,pseudostem_weevil,PSEUDOSTEM WEEVIL,256,256,1661
images/pseudostem_weevil/h_0001_446.jpg,pseudostem_weevil,PSEUDOSTEM WEEVIL,256,256,1090
images/pseudostem_weevil/e_0001_38.jpg,pseudostem_weevil,PSEUDOSTEM WEEVIL,256,256,1062
images/pseudostem_weevil/e_0001_227.jpg,pseudostem_weevil,PSEUDOSTEM WEEVIL,256,256,1160
images/pseudostem_weevil/f_0001_1_88.jpg,pseudostem_weevil,PSEUDOSTEM WEEVIL,256,256,1064
images/pseudostem_weevil/a_206.jpg,pseudostem_weevil,PSEUDOSTEM WEEVIL,256,256,1228
images/pseudostem_weevil/h_0001_295.jpg,pseudostem_weevil,PSEUDOSTEM WEEVIL,256,256,1402
images/pseudostem_weevil/k_0001_70.jpg,pseudostem_weevil,PSEUDOSTEM WEEVIL,256,256,1662
images/pseudostem_weevil/i_0001_86.jpg,pseudostem_weevil,PSEUDOSTEM WEEVIL,256,256,1549
images/pseudostem_weevil/g_0001_157.jpg,pseudostem_weevil,PSEUDOSTEM WEEVIL,256,256,1085
images/pseudostem_weevil/i_0001_127.jpg,pseudostem_weevil,PSEUDOSTEM WEEVIL,256,256,1224
images/pseudostem_weevil/i_0001_69.jpg,pseudostem_weevil,PSEUDOSTEM WEEVIL,256,256,1445
images/pseudostem_weevil/f_0001_1_67.jpg,pseudostem_weevil,PSEUDOSTEM WEEVIL,256,256,1104
images/pseudostem_weevil/b_0001_80.jpg,pseudostem_weevil,PSEUDOSTEM WEEVIL,256,256,1062
images/pseudostem_weevil/a_90.jpg,pseudostem_weevil,PSEUDOSTEM WEEVIL,256,256,1281
images/pseudostem_weevil/b_0001_119.jpg,pseudostem_weevil,PSEUDOSTEM WEEVIL,256,256,1331
images/pseudostem_weevil/k_0001_257.jpg,pseudostem_weevil,PSEUDOSTEM WEEVIL,256,256,1457
images/pseudostem_weevil/g_0001_21.jpg,pseudostem_weevil,PSEUDOSTEM WEEVIL,256,256,1129
images/pseudostem_weevil/k_0001_129.jpg,pseudostem_weevil,PSEUDOSTEM WEEVIL,256,256,1545
images/pseudostem_weevil/c_0001_74.jpg,pseudostem_weevil,PSEUDOSTEM WEEVIL,256,256,1062
images/pseudostem_weevil/h_0001_104.jpg,pseudostem_weevil,PSEUDOSTEM WEEVIL,256,256,1061
images/pseudostem_weevil/i_0001_259.jpg,pseudostem_weevil,PSEUDOSTEM WEEVIL,256,256,1118
images/pseudostem_weevil/a_197.jpg,pseudostem_weevil,PSEUDOSTEM WEEVIL,256,256,1467
images/pseudostem_weevil/d_0001_23.jpg,pseudostem_weevil,PSEUDOSTEM WEEVIL,256,256,1062
images/pseudostem_weevil/c_0001_2.jpg,pseudostem_weevil,PSEUDOSTEM WEEVIL,256,256,1062
images/pseudostem_weevil/a_178.jpg,pseudostem_weevil,PSEUDOSTEM WEEVIL,256,256,1201
images/pseudostem_weevil/h_0001_411.jpg,pseudostem_weevil,PSEUDOSTEM WEEVIL,256,256,1064
images/pseudostem_weevil/g_0001_229.jpg,pseudostem_weevil,PSEUDOSTEM WEEVIL,256,256,1617
images/pseudostem_weevil/e_0001_159.jpg,pseudostem_weevil,PSEUDOSTEM WEEVIL,256,256,1266
images/pseudostem_weevil/h_0001_72.jpg,pseudostem_weevil,PSEUDOSTEM WEEVIL,256,256,1055
images/pseudostem_weevil/j_0001_84.jpg,pseudostem_weevil,PSEUDOSTEM WEEVIL,256,256,1404
images/pseudostem_weevil/g_0001_100.jpg,pseudostem_weevil,PSEUDOSTEM WEEVIL,256,256,1417
images/pseudostem_weevil/d_0001_1.jpg,pseudostem_weevil,PSEUDOSTEM WEEVIL,256,256,1062
images/pseudostem_weevil/k_0001_27.jpg,pseudostem_weevil,PSEUDOSTEM WEEVIL,256,256,1237
images/pseudostem_weevil/a_251.jpg,pseudostem_weevil,PSEUDOSTEM WEEVIL,256,256,1544
images/pseudostem_weevil/a_28.jpg,pseudostem_weevil,PSEUDOSTEM WEEVIL,256,256,1109
images/pseudostem_weevil/h_0001_368.jpg,pseudostem_weevil,PSEUDOSTEM WEEVIL,256,256,1104
images/pseudostem_weevil/b_0001_38.jpg,pseudostem_weevil,PSEUDOSTEM WEEVIL,256,256,1062
images/pseudostem_weevil/e_0001_270.jpg,pseudostem_weevil,PSEUDOSTEM WEEVIL,256,256,1239
images/pseudostem_weevil/g_0001_99.jpg,pseudostem_weevil,PSEUDOSTEM WEEVIL,256,256,1417
images/pseudostem_weevil/g_0001_76.jpg,pseudostem_weevil,PSEUDOSTEM WEEVIL,256,256,1070
images/pseudostem_weevil/i_0001_5.jpg,pseudostem_weevil,PSEUDOSTEM WEEVIL,256,256,1469
images/pseudostem_weevil/e_0001_80.jpg,pseudostem_weevil,PSEUDOSTEM WEEVIL,256,256,1663
images/pseudostem_weevil/k_0001_200.jpg,pseudostem_weevil,PSEUDOSTEM WEEVIL,256,256,1664
images/pseudostem_weevil/h_0001_387.jpg,pseudostem_weevil,PSEUDOSTEM WEEVIL,256,256,1407
images/pseudostem_weevil/f_0001_1_30.jpg,pseudostem_weevil,PSEUDOSTEM WEEVIL,256,256,1090
images/pseudostem_weevil/i_0001_170.jpg,pseudostem_weevil,PSEUDOSTEM WEEVIL,256,256,1204
images/pseudostem_weevil/h_0001_96.jpg,pseudostem_weevil,PSEUDOSTEM WEEVIL,256,256,1061
images/pseudostem_weevil/k_0001_122.jpg,pseudostem_weevil,PSEUDOSTEM WEEVIL,256,256,1665
images/pseudostem_weevil/j_0001_60.jpg,pseudostem_weevil,PSEUDOSTEM WEEVIL,256,256,1333
images/pseudostem_weevil/d_0001_28.jpg,pseudostem_weevil,PSEUDOSTEM WEEVIL,256,256,1062
images/pseudostem_weevil/i_0001_252.jpg,pseudostem_weevil,PSEUDOSTEM WEEVIL,256,256,1118
images/pseudostem_weevil/g_0001_222.jpg,pseudostem_weevil,PSEUDOSTEM WEEVIL,256,256,1093
images/pseudostem_weevil/c_0001_9.jpg,pseudostem_weevil,PSEUDOSTEM WEEVIL,256,256,1062
images/pseudostem_weevil/a_173.jpg,pseudostem_weevil,PSEUDOSTEM WEEVIL,256,256,1114
images/pseudostem_weevil/e_0001_152.jpg,pseudostem_weevil,PSEUDOSTEM WEEVIL,256,256,1102
images/pseudostem_weevil/h_0001_79.jpg,pseudostem_weevil,PSEUDOSTEM WEEVIL,256,256,1060
images/pseudostem_weevil/c_0001_90.jpg,pseudostem_weevil,PSEUDOSTEM WEEVIL,256,256,1062
images/pseudostem_weevil/a_23.jpg,pseudostem_weevil,PSEUDOSTEM WEEVIL,256,256,1109
images/pseudostem_weevil/h_0001_363.jpg,pseudostem_weevil,PSEUDOSTEM WEEVIL,256,256,1156
images/pseudostem_weevil/b_0001_33.jpg,pseudostem_weevil,PSEUDOSTEM WEEVIL,256,256,1062
images/pseudostem_weevil/i_0001_194.jpg,pseudostem_weevil,PSEUDOSTEM WEEVIL,256,256,1597
images/pseudostem_weevil/g_0001_92.jpg,pseudostem_weevil,PSEUDOSTEM WEEVIL,256,256,1327
images/pseudostem_weevil/e_0001_64.jpg,pseudostem_weevil,PSEUDOSTEM WEEVIL,256,256,1666
images/pseudostem_weevil/d_0001_126.jpg,pseudostem_weevil,PSEUDOSTEM WEEVIL,256,256,1062
images/pseudostem_weevil/e_0001_294.jpg,pseudostem_weevil,PSEUDOSTEM WEEVIL,256,256,1065
images/pseudostem_weevil/j_0001_156.jpg,pseudostem_weevil,PSEUDOSTEM WEEVIL,256,256,1153
images/pseudostem_weevil/i_0001_35.jpg,pseudostem_weevil,PSEUDOSTEM WEEVIL,256,256,1272
images/pseudostem_weevil/h_0001_226.jpg,pseudostem_weevil,PSEUDOSTEM WEEVIL,256,256,1298
images/pseudostem_weevil/h_0001_158.jpg,pseudostem_weevil,PSEUDOSTEM WEEVIL,256,256,1101
images/pseudostem_weevil/i_0001_205.jpg,pseudostem_weevil,PSEUDOSTEM WEEVIL,256,256,1231
images/pseudostem_weevil/j_0001_5.jpg,pseudostem_weevil,PSEUDOSTEM WEEVIL,256,256,1065
images/pseudostem_weevil/k_0001_175.jpg,pseudostem_weevil,PSEUDOSTEM WEEVIL,256,256,1304
images/pseudostem_weevil/j_0001_37.jpg,pseudostem_weevil,PSEUDOSTEM WEEVIL,256,256,1303
images/pseudostem_weevil/j_0001_228.jpg,pseudostem_weevil,PSEUDOSTEM WEEVIL,256,256,1667
images/pseudostem_weevil/c_0001_28.jpg,pseudostem_weevil,PSEUDOSTEM WEEVIL,256,256,1062
images/pseudostem_weevil/e_0001_105.jpg,pseudostem_weevil,PSEUDOSTEM WEEVIL,256,256,1097
images/pseudostem_weevil/g_0001_1.jpg,pseudostem_weevil,PSEUDOSTEM WEEVIL,256,256,1061
images/pseudostem_weevil/d_0001_90.jpg,pseudostem_weevil,PSEUDOSTEM WEEVIL,256,256,1062
images/pseudostem_weevil/a_124.jpg,pseudostem_weevil,PSEUDOSTEM WEEVIL,256,256,1281
images/pseudostem_weevil/d_0001_171.jpg,pseudostem_weevil,PSEUDOSTEM WEEVIL,256,256,1221
images/pseudostem_weevil/e_0001_33.jpg,pseudostem_weevil,PSEUDOSTEM WEEVIL,256,256,1062
images/pseudostem_weevil/f_0001_1_83.jpg,pseudostem_weevil,PSEUDOSTEM WEEVIL,256,256,1104
images/pseudostem_weevil/a_74.jpg,pseudostem_weevil,PSEUDOSTEM WEEVIL,256,256,1143
images/pseudostem_weevil/h_0001_334.jpg,pseudostem_weevil,PSEUDOSTEM WEEVIL,256,256,1090
images/pseudostem_weevil/b_0001_64.jpg,pseudostem_weevil,PSEUDOSTEM WEEVIL,256,256,1062
images/pseudostem_weevil/k_0001_94.jpg,pseudostem_weevil,PSEUDOSTEM WEEVIL,256,256,1668
images/pseudostem_weevil/h_0001_271.jpg,pseudostem_weevil,PSEUDOSTEM WEEVIL,256,256,1669
images/pseudostem_weevil/i_0001_62.jpg,pseudostem_weevil,PSEUDOSTEM WEEVIL,256,256,1140
images/pseudostem_weevil/j_0001_101.jpg,pseudostem_weevil,PSEUDOSTEM WEEVIL,256,256,1087
images/pseudostem_weevil/b_0001_112.jpg,pseudostem_weevil,PSEUDOSTEM WEEVIL,256,256,1062
images/pseudostem_weevil/j_0001_21.jpg,pseudostem_weevil,PSEUDOSTEM WEEVIL,256,256,1065
images/pseudostem_weevil/k_0001_163.jpg,pseudostem_weevil,PSEUDOSTEM WEEVIL,256,256,1670
images/pseudostem_weevil/d_0001_69.jpg,pseudostem_weevil,PSEUDOSTEM WEEVIL,256,256,1062
images/pseudostem_weevil/i_0001_213.jpg,pseudostem_weevil,PSEUDOSTEM WEEVIL,256,256,1671
images/pseudostem_weevil/g_0001_263.jpg,pseudostem_weevil,PSEUDOSTEM WEEVIL,256,256,1672
images/pseudostem_weevil/a_132.jpg,pseudostem_weevil,PSEUDOSTEM WEEVIL,256,256,1131
images/pseudostem_weevil/d_0001_86.jpg,pseudostem_weevil,PSEUDOSTEM WEEVIL,256,256,1062
images/pseudostem_weevil/e_0001_113.jpg,pseudostem_weevil,PSEUDOSTEM WEEVIL,256,256,1400
images/pseudostem_weevil/h_0001_38.jpg,pseudostem_weevil,PSEUDOSTEM WEEVIL,256,256,1212
images/pseudostem_weevil/h_0001_322.jpg,pseudostem_weevil,PSEUDOSTEM WEEVIL,256,256,1591
images/pseudostem_weevil/b_0001_72.jpg,pseudostem_weevil,PSEUDOSTEM WEEVIL,256,256,1062
images/pseudostem_weevil/a_62.jpg,pseudostem_weevil,PSEUDOSTEM WEEVIL,256,256,1320
images/pseudostem_weevil/f_0001_1_95.jpg,pseudostem_weevil,PSEUDOSTEM WEEVIL,256,256,1064
images/pseudostem_weevil/h_0001_288.jpg,pseudostem_weevil,PSEUDOSTEM WEEVIL,256,256,1673
images/pseudostem_weevil/e_0001_25.jpg,pseudostem_weevil,PSEUDOSTEM WEEVIL,256,256,1073
images/pseudostem_weevil/d_0001_167.jpg,pseudostem_weevil,PSEUDOSTEM WEEVIL,256,256,1062
images/pseudostem_weevil/b_0001_104.jpg,pseudostem_weevil,PSEUDOSTEM WEEVIL,256,256,1062
images/pseudostem_weevil/j_0001_117.jpg,pseudostem_weevil,PSEUDOSTEM WEEVIL,256,256,1064
images/pseudostem_weevil/i_0001_74.jpg,pseudostem_weevil,PSEUDOSTEM WEEVIL,256,256,1674
images/pseudostem_weevil/h_0001_267.jpg,pseudostem_weevil,PSEUDOSTEM WEEVIL,256,256,1669
images/pseudostem_weevil/k_0001_82.jpg,pseudostem_weevil,PSEUDOSTEM WEEVIL,256,256,1675
images/pseudostem_weevil/i_0001_244.jpg,pseudostem_weevil,PSEUDOSTEM WEEVIL,256,256,1118
images/pseudostem_weevil/h_0001_119.jpg,pseudostem_weevil,PSEUDOSTEM WEEVIL,256,256,1078
images/pseudostem_weevil/j_0001_76.jpg,pseudostem_weevil,PSEUDOSTEM WEEVIL,256,256,1117
images/pseudostem_weevil/k_0001_134.jpg,pseudostem_weevil,PSEUDOSTEM WEEVIL,256,256,1594
images/pseudostem_weevil/h_0001_80.jpg,pseudostem_weevil,PSEUDOSTEM WEEVIL,256,256,1096
images/pseudostem_weevil/c_0001_69.jpg,pseudostem_weevil,PSEUDOSTEM WEEVIL,256,256,1062
images/pseudostem_weevil/c_0001_86.jpg,pseudostem_weevil,PSEUDOSTEM WEEVIL,256,256,1062
images/pseudostem_weevil/j_0001_99.jpg,pseudostem_weevil,PSEUDOSTEM WEEVIL,256,256,1104
images/pseudostem_weevil/e_0001_144.jpg,pseudostem_weevil,PSEUDOSTEM WEEVIL,256,256,1102
images/pseudostem_weevil/a_165.jpg,pseudostem_weevil,PSEUDOSTEM WEEVIL,256,256,1321
images/pseudostem_weevil/i_0001_301.jpg,pseudostem_weevil,PSEUDOSTEM WEEVIL,256,256,1359
images/pseudostem_weevil/g_0001_234.jpg,pseudostem_weevil,PSEUDOSTEM WEEVIL,256,256,1676
images/pseudostem_weevil/d_0001_130.jpg,pseudostem_weevil,PSEUDOSTEM WEEVIL,256,256,1062
images/pseudostem_weevil/e_0001_72.jpg,pseudostem_weevil,PSEUDOSTEM WEEVIL,256,256,1579
images/pseudostem_weevil/g_0001_84.jpg,pseudostem_weevil,PSEUDOSTEM WEEVIL,256,256,1112
images/pseudostem_weevil/i_0001_182.jpg,pseudostem_weevil,PSEUDOSTEM WEEVIL,256,256,1577
images/pseudostem_weevil/h_0001_375.jpg,pseudostem_weevil,PSEUDOSTEM WEEVIL,256,256,1110
images/pseudostem_weevil/b_0001_25.jpg,pseudostem_weevil,PSEUDOSTEM WEEVIL,256,256,1062
images/pseudostem_weevil/a_35.jpg,pseudostem_weevil,PSEUDOSTEM WEEVIL,256,256,1281
images/pseudostem_weevil/h_0001_230.jpg,pseudostem_weevil,PSEUDOSTEM WEEVIL,256,256,1677
images/pseudostem_weevil/a_309.jpg,pseudostem_weevil,PSEUDOSTEM WEEVIL,256,256,1191
images/pseudostem_weevil/i_0001_23.jpg,pseudostem_weevil,PSEUDOSTEM WEEVIL,256,256,1678
images/pseudostem_weevil/j_0001_140.jpg,pseudostem_weevil,PSEUDOSTEM WEEVIL,256,256,1679
images/pseudostem_weevil/e_0001_282.jpg,pseudostem_weevil,PSEUDOSTEM WEEVIL,256,256,1065
images/pseudostem_weevil/h_0001_14.jpg,pseudostem_weevil,PSEUDOSTEM WEEVIL,256,256,1102
images/pseudostem_weevil/h_0001_162.jpg,pseudostem_weevil,PSEUDOSTEM WEEVIL,256,256,1643
images/pseudostem_weevil/d_0001_45.jpg,pseudostem_weevil,PSEUDOSTEM WEEVIL,256,256,1062
images/pseudostem_weevil/j_0001_212.jpg,pseudostem_weevil,PSEUDOSTEM WEEVIL,256,256,1422
images/pseudostem_weevil/f_0001_1_114.jpg,pseudostem_weevil,PSEUDOSTEM WEEVIL,256,256,1679
images/pseudostem_weevil/c_0001_12.jpg,pseudostem_weevil,PSEUDOSTEM WEEVIL,256,256,1062
images/pseudostem_weevil/f_0001_1_56.jpg,pseudostem_weevil,PSEUDOSTEM WEEVIL,256,256,1060
images/pseudostem_weevil/i_0001_116.jpg,pseudostem_weevil,PSEUDOSTEM WEEVIL,256,256,1099
images/pseudostem_weevil/g_0001_189.jpg,pseudostem_weevil,PSEUDOSTEM WEEVIL,256,256,1088
images/pseudostem_weevil/i_0001_58.jpg,pseudostem_weevil,PSEUDOSTEM WEEVIL,256,256,1140
images/pseudostem_weevil/g_0001_10.jpg,pseudostem_weevil,PSEUDOSTEM WEEVIL,256,256,1582
images/pseudostem_weevil/k_0001_266.jpg,pseudostem_weevil,PSEUDOSTEM WEEVIL,256,256,1061
images/pseudostem_weevil/e_0001_216.jpg,pseudostem_weevil,PSEUDOSTEM WEEVIL,256,256,1096
images/pseudostem_weevil/k_0001_41.jpg,pseudostem_weevil,PSEUDOSTEM WEEVIL,256,256,1680
images/pseudostem_weevil/g_0001_166.jpg,pseudostem_weevil,PSEUDOSTEM WEEVIL,256,256,1681
images/pseudostem_weevil/a_237.jpg,pseudostem_weevil,PSEUDOSTEM WEEVIL,256,256,1269
images/pseudostem_weevil/h_0001_420.jpg,pseudostem_weevil,PSEUDOSTEM WEEVIL,256,256,1064
images/pseudostem_weevil/g_0001_218.jpg,pseudostem_weevil,PSEUDOSTEM WEEVIL,256,256,1093
images/pseudostem_weevil/i_0001_287.jpg,pseudostem_weevil,PSEUDOSTEM WEEVIL,256,256,1682
images/pseudostem_weevil/a_149.jpg,pseudostem_weevil,PSEUDOSTEM WEEVIL,256,256,1180
images/pseudostem_weevil/e_0001_168.jpg,pseudostem_weevil,PSEUDOSTEM WEEVIL,256,256,1070
images/pseudostem_weevil/h_0001_43.jpg,pseudostem_weevil,PSEUDOSTEM WEEVIL,256,256,1091
images/pseudostem_weevil/c_0001_45.jpg,pseudostem_weevil,PSEUDOSTEM WEEVIL,256,256,1062
images/pseudostem_weevil/a_8.jpg,pseudostem_weevil,PSEUDOSTEM WEEVIL,256,256,1191
images/pseudostem_weevil/e_0001_187.jpg,pseudostem_weevil,PSEUDOSTEM WEEVIL,256,256,1075
images/pseudostem_weevil/k_0001_118.jpg,pseudostem_weevil,PSEUDOSTEM WEEVIL,256,256,1162
images/pseudostem_weevil/j_0001_245.jpg,pseudostem_weevil,PSEUDOSTEM WEEVIL,256,256,1068
images/pseudostem_weevil/d_0001_12.jpg,pseudostem_weevil,PSEUDOSTEM WEEVIL,256,256,1062
images/pseudostem_weevil/h_0001_135.jpg,pseudostem_weevil,PSEUDOSTEM WEEVIL,256,256,1060
images/pseudostem_weevil/i_0001_268.jpg,pseudostem_weevil,PSEUDOSTEM WEEVIL,256,256,1286
images/pseudostem_weevil/e_0001_3.jpg,pseudostem_weevil,PSEUDOSTEM WEEVIL,256,256,1421
images/pseudostem_weevil/k_0001_231.jpg,pseudostem_weevil,PSEUDOSTEM WEEVIL,256,256,1075
images/pseudostem_weevil/g_0001_47.jpg,pseudostem_weevil,PSEUDOSTEM WEEVIL,256,256,1087
images/pseudostem_weevil/e_0001_304.jpg,pseudostem_weevil,PSEUDOSTEM WEEVIL,256,256,1065
images/pseudostem_weevil/i_0001_141.jpg,pseudostem_weevil,PSEUDOSTEM WEEVIL,256,256,1122
images/pseudostem_weevil/a_260.jpg,pseudostem_weevil,PSEUDOSTEM WEEVIL,256,256,1083
images/pseudostem_weevil/a_19.jpg,pseudostem_weevil,PSEUDOSTEM WEEVIL,256,256,1109
images/pseudostem_weevil/h_0001_359.jpg,pseudostem_weevil,PSEUDOSTEM WEEVIL,256,256,1156
images/pseudostem_weevil/h_0001_7.jpg,pseudostem_weevil,PSEUDOSTEM WEEVIL,256,256,1438
images/pseudostem_weevil/g_0001_131.jpg,pseudostem_weevil,PSEUDOSTEM WEEVIL,256,256,1065
images/pseudostem_weevil/k_0001_16.jpg,pseudostem_weevil,PSEUDOSTEM WEEVIL,256,256,1088
images/pseudostem_weevil/e_0001_241.jpg,pseudostem_weevil,PSEUDOSTEM WEEVIL,256,256,1335
images/pseudostem_weevil/j_0001_183.jpg,pseudostem_weevil,PSEUDOSTEM WEEVIL,256,256,1082
images/pseudostem_weevil/h_0001_55.jpg,pseudostem_weevil,PSEUDOSTEM WEEVIL,256,256,1075
images/pseudostem_weevil/i_0001_291.jpg,pseudostem_weevil,PSEUDOSTEM WEEVIL,256,256,1683
images/pseudostem_weevil/h_0001_436.jpg,pseudostem_weevil,PSEUDOSTEM WEEVIL,256,256,1684
images/pseudostem_weevil/h_0001_123.jpg,pseudostem_weevil,PSEUDOSTEM WEEVIL,256,256,1078
images/pseudostem_weevil/e_0001_191.jpg,pseudostem_weevil,PSEUDOSTEM WEEVIL,256,256,1075
images/pseudostem_weevil/c_0001_53.jpg,pseudostem_weevil,PSEUDOSTEM WEEVIL,256,256,1062
images/pseudostem_weevil/f_0001_1_17.jpg,pseudostem_weevil,PSEUDOSTEM WEEVIL,256,256,1057
images/pseudostem_weevil/a_299.jpg,pseudostem_weevil,PSEUDOSTEM WEEVIL,256,256,1187
images/pseudostem_weevil/i_0001_157.jpg,pseudostem_weevil,PSEUDOSTEM WEEVIL,256,256,1151
images/pseudostem_weevil/i_0001_19.jpg,pseudostem_weevil,PSEUDOSTEM WEEVIL,256,256,1184
images/pseudostem_weevil/e_0001_312.jpg,pseudostem_weevil,PSEUDOSTEM WEEVIL,256,256,1166
images/pseudostem_weevil/g_0001_51.jpg,pseudostem_weevil,PSEUDOSTEM WEEVIL,256,256,1073
images/pseudostem_weevil/k_0001_227.jpg,pseudostem_weevil,PSEUDOSTEM WEEVIL,256,256,1075
images/pseudostem_weevil/j_0001_195.jpg,pseudostem_weevil,PSEUDOSTEM WEEVIL,256,256,1070
images/pseudostem_weevil/e_0001_257.jpg,pseudostem_weevil,PSEUDOSTEM WEEVIL,256,256,1238
images/pseudostem_weevil/e_0001_48.jpg,pseudostem_weevil,PSEUDOSTEM WEEVIL,256,256,1062
images/pseudostem_weevil/g_0001_127.jpg,pseudostem_weevil,PSEUDOSTEM WEEVIL,256,256,1068
images/pseudostem_weevil/a_276.jpg,pseudostem_weevil,PSEUDOSTEM WEEVIL,256,256,1069
images/pseudostem_weevil/g_0001_259.jpg,pseudostem_weevil,PSEUDOSTEM WEEVIL,256,256,1154
images/pseudostem_weevil/a_108.jpg,pseudostem_weevil,PSEUDOSTEM WEEVIL,256,256,1197
images/pseudostem_weevil/e_0001_129.jpg,pseudostem_weevil,PSEUDOSTEM WEEVIL,256,256,1153
images/pseudostem_weevil/f_0001_1_102.jpg,pseudostem_weevil,PSEUDOSTEM WEEVIL,256,256,1685
images/pseudostem_weevil/j_0001_204.jpg,pseudostem_weevil,PSEUDOSTEM WEEVIL,256,256,1261
images/pseudostem_weevil/k_0001_159.jpg,pseudostem_weevil,PSEUDOSTEM WEEVIL,256,256,1686
images/pseudostem_weevil/d_0001_53.jpg,pseudostem_weevil,PSEUDOSTEM WEEVIL,256,256,1062
images/pseudostem_weevil/i_0001_229.jpg,pseudostem_weevil,PSEUDOSTEM WEEVIL,256,256,1687
images/pseudostem_weevil/h_0001_174.jpg,pseudostem_weevil,PSEUDOSTEM WEEVIL,256,256,1688
images/pseudostem_weevil/k_0001_270.jpg,pseudostem_weevil,PSEUDOSTEM WEEVIL,256,256,1061
images/pseudostem_weevil/i_0001_100.jpg,pseudostem_weevil,PSEUDOSTEM WEEVIL,256,256,1059
images/pseudostem_weevil/f_0001_1_40.jpg,pseudostem_weevil,PSEUDOSTEM WEEVIL,256,256,1060
images/pseudostem_weevil/h_0001_318.jpg,pseudostem_weevil,PSEUDOSTEM WEEVIL,256,256,1689
images/pseudostem_weevil/b_0001_48.jpg,pseudostem_weevil,PSEUDOSTEM WEEVIL,256,256,1062
images/pseudostem_weevil/a_58.jpg,pseudostem_weevil,PSEUDOSTEM WEEVIL,256,256,1127
images/pseudostem_weevil/a_221.jpg,pseudostem_weevil,PSEUDOSTEM WEEVIL,256,256,1346
images/pseudostem_weevil/g_0001_170.jpg,pseudostem_weevil,PSEUDOSTEM WEEVIL,256,256,1271
images/pseudostem_weevil/k_0001_57.jpg,pseudostem_weevil,PSEUDOSTEM WEEVIL,256,256,1534
images/pseudostem_weevil/e_0001_200.jpg,pseudostem_weevil,PSEUDOSTEM WEEVIL,256,256,1055
images/pseudostem_weevil/e_0001_277.jpg,pseudostem_weevil,PSEUDOSTEM WEEVIL,256,256,1690
images/pseudostem_weevil/e_0001_68.jpg,pseudostem_weevil,PSEUDOSTEM WEEVIL,256,256,1691
images/pseudostem_weevil/i_0001_198.jpg,pseudostem_weevil,PSEUDOSTEM WEEVIL,256,256,1649
images/pseudostem_weevil/k_0001_20.jpg,pseudostem_weevil,PSEUDOSTEM WEEVIL,256,256,1088
images/pseudostem_weevil/d_0001_6.jpg,pseudostem_weevil,PSEUDOSTEM WEEVIL,256,256,1062
images/pseudostem_weevil/g_0001_107.jpg,pseudostem_weevil,PSEUDOSTEM WEEVIL,256,256,1692
images/pseudostem_weevil/a_256.jpg,pseudostem_weevil,PSEUDOSTEM WEEVIL,256,256,1083
images/pseudostem_weevil/f_0001_1_37.jpg,pseudostem_weevil,PSEUDOSTEM WEEVIL,256,256,1060
images/pseudostem_weevil/h_0001_380.jpg,pseudostem_weevil,PSEUDOSTEM WEEVIL,256,256,1234
images/pseudostem_weevil/i_0001_177.jpg,pseudostem_weevil,PSEUDOSTEM WEEVIL,256,256,1468
images/pseudostem_weevil/i_0001_39.jpg,pseudostem_weevil,PSEUDOSTEM WEEVIL,256,256,1290
images/pseudostem_weevil/e_0001_87.jpg,pseudostem_weevil,PSEUDOSTEM WEEVIL,256,256,1149
images/pseudostem_weevil/i_0001_2.jpg,pseudostem_weevil,PSEUDOSTEM WEEVIL,256,256,1693
images/pseudostem_weevil/g_0001_71.jpg,pseudostem_weevil,PSEUDOSTEM WEEVIL,256,256,1232
images/pseudostem_weevil/k_0001_207.jpg,pseudostem_weevil,PSEUDOSTEM WEEVIL,256,256,1694
images/pseudostem_weevil/e_0001_298.jpg,pseudostem_weevil,PSEUDOSTEM WEEVIL,256,256,1065
images/pseudostem_weevil/h_0001_103.jpg,pseudostem_weevil,PSEUDOSTEM WEEVIL,256,256,1061
images/pseudostem_weevil/d_0001_24.jpg,pseudostem_weevil,PSEUDOSTEM WEEVIL,256,256,1062
images/pseudostem_weevil/a_190.jpg,pseudostem_weevil,PSEUDOSTEM WEEVIL,256,256,1095
images/pseudostem_weevil/c_0001_73.jpg,pseudostem_weevil,PSEUDOSTEM WEEVIL,256,256,1062
images/pseudostem_weevil/j_0001_83.jpg,pseudostem_weevil,PSEUDOSTEM WEEVIL,256,256,1203
images/pseudostem_weevil/h_0001_75.jpg,pseudostem_weevil,PSEUDOSTEM WEEVIL,256,256,1247
images/pseudostem_weevil/c_0001_5.jpg,pseudostem_weevil,PSEUDOSTEM WEEVIL,256,256,1062
images/pseudostem_weevil/h_0001_416.jpg,pseudostem_weevil,PSEUDOSTEM WEEVIL,256,256,1064
images/pseudostem_weevil/h_0001_338.jpg,pseudostem_weevil,PSEUDOSTEM WEEVIL,256,256,1283
images/pseudostem_weevil/b_0001_68.jpg,pseudostem_weevil,PSEUDOSTEM WEEVIL,256,256,1062
images/pseudostem_weevil/a_201.jpg,pseudostem_weevil,PSEUDOSTEM WEEVIL,256,256,1095
images/pseudostem_weevil/a_78.jpg,pseudostem_weevil,PSEUDOSTEM WEEVIL,256,256,1695
images/pseudostem_weevil/i_0001_81.jpg,pseudostem_weevil,PSEUDOSTEM WEEVIL,256,256,1229
images/pseudostem_weevil/g_0001_150.jpg,pseudostem_weevil,PSEUDOSTEM WEEVIL,256,256,1065
images/pseudostem_weevil/k_0001_77.jpg,pseudostem_weevil,PSEUDOSTEM WEEVIL,256,256,1696
images/pseudostem_weevil/h_0001_292.jpg,pseudostem_weevil,PSEUDOSTEM WEEVIL,256,256,1253
images/pseudostem_weevil/e_0001_220.jpg,pseudostem_weevil,PSEUDOSTEM WEEVIL,256,256,1227
images/pseudostem_weevil/k_0001_250.jpg,pseudostem_weevil,PSEUDOSTEM WEEVIL,256,256,1124
images/pseudostem_weevil/g_0001_26.jpg,pseudostem_weevil,PSEUDOSTEM WEEVIL,256,256,1506
images/pseudostem_weevil/k_0001_98.jpg,pseudostem_weevil,PSEUDOSTEM WEEVIL,256,256,1697
images/pseudostem_weevil/i_0001_120.jpg,pseudostem_weevil,PSEUDOSTEM WEEVIL,256,256,1274
images/pseudostem_weevil/a_97.jpg,pseudostem_weevil,PSEUDOSTEM WEEVIL,256,256,1698
images/pseudostem_weevil/b_0001_87.jpg,pseudostem_weevil,PSEUDOSTEM WEEVIL,256,256,1137
images/pseudostem_weevil/f_0001_1_60.jpg,pseudostem_weevil,PSEUDOSTEM WEEVIL,256,256,1060
images/pseudostem_weevil/c_0001_24.jpg,pseudostem_weevil,PSEUDOSTEM WEEVIL,256,256,1062
images/pseudostem_weevil/j_0001_224.jpg,pseudostem_weevil,PSEUDOSTEM WEEVIL,256,256,1699
images/pseudostem_weevil/k_0001_179.jpg,pseudostem_weevil,PSEUDOSTEM WEEVIL,256,256,1163
images/pseudostem_weevil/j_0001_9.jpg,pseudostem_weevil,PSEUDOSTEM WEEVIL,256,256,1065
images/pseudostem_weevil/d_0001_73.jpg,pseudostem_weevil,PSEUDOSTEM WEEVIL,256,256,1062
images/pseudostem_weevil/i_0001_209.jpg,pseudostem_weevil,PSEUDOSTEM WEEVIL,256,256,1313
images/pseudostem_weevil/h_0001_154.jpg,pseudostem_weevil,PSEUDOSTEM WEEVIL,256,256,1210
images/pseudostem_weevil/h_0001_441.jpg,pseudostem_weevil,PSEUDOSTEM WEEVIL,256,256,1153
images/pseudostem_weevil/a_128.jpg,pseudostem_weevil,PSEUDOSTEM WEEVIL,256,256,1131
images/pseudostem_weevil/e_0001_109.jpg,pseudostem_weevil,PSEUDOSTEM WEEVIL,256,256,1619
images/pseudostem_weevil/h_0001_22.jpg,pseudostem_weevil,PSEUDOSTEM WEEVIL,256,256,1102
images/pseudostem_weevil/k_0001_196.jpg,pseudostem_weevil,PSEUDOSTEM WEEVIL,256,256,1700
images/pseudostem_weevil/e_0001_236.jpg,pseudostem_weevil,PSEUDOSTEM WEEVIL,256,256,1061
images/pseudostem_weevil/e_0001_29.jpg,pseudostem_weevil,PSEUDOSTEM WEEVIL,256,256,1062
images/pseudostem_weevil/h_0001_284.jpg,pseudostem_weevil,PSEUDOSTEM WEEVIL,256,256,1219
images/pseudostem_weevil/k_0001_61.jpg,pseudostem_weevil,PSEUDOSTEM WEEVIL,256,256,1701
images/pseudostem_weevil/g_0001_146.jpg,pseudostem_weevil,PSEUDOSTEM WEEVIL,256,256,1085
images/pseudostem_weevil/i_0001_97.jpg,pseudostem_weevil,PSEUDOSTEM WEEVIL,256,256,1059
images/pseudostem_weevil/f_0001_1_99.jpg,pseudostem_weevil,PSEUDOSTEM WEEVIL,256,256,1064
images/pseudostem_weevil/a_217.jpg,pseudostem_weevil,PSEUDOSTEM WEEVIL,256,256,1126
images/pseudostem_weevil/f_0001_1_76.jpg,pseudostem_weevil,PSEUDOSTEM WEEVIL,256,256,1104
images/pseudostem_weevil/b_0001_91.jpg,pseudostem_weevil,PSEUDOSTEM WEEVIL,256,256,1062
images/pseudostem_weevil/a_81.jpg,pseudostem_weevil,PSEUDOSTEM WEEVIL,256,256,1258
images/pseudostem_weevil/i_0001_136.jpg,pseudostem_weevil,PSEUDOSTEM WEEVIL,256,256,1122
images/pseudostem_weevil/i_0001_78.jpg,pseudostem_weevil,PSEUDOSTEM WEEVIL,256,256,1229
images/pseudostem_weevil/g_0001_30.jpg,pseudostem_weevil,PSEUDOSTEM WEEVIL,256,256,1616
images/pseudostem_weevil/k_0001_246.jpg,pseudostem_weevil,PSEUDOSTEM WEEVIL,256,256,1124
images/pseudostem_weevil/b_0001_108.jpg,pseudostem_weevil,PSEUDOSTEM WEEVIL,256,256,1062
images/pseudostem_weevil/h_0001_142.jpg,pseudostem_weevil,PSEUDOSTEM WEEVIL,256,256,1237
images/pseudostem_weevil/d_0001_65.jpg,pseudostem_weevil,PSEUDOSTEM WEEVIL,256,256,1062
images/pseudostem_weevil/j_0001_232.jpg,pseudostem_weevil,PSEUDOSTEM WEEVIL,256,256,1385
images/pseudostem_weevil/c_0001_32.jpg,pseudostem_weevil,PSEUDOSTEM WEEVIL,256,256,1062
images/pseudostem_weevil/k_0001_180.jpg,pseudostem_weevil,PSEUDOSTEM WEEVIL,256,256,1148
images/pseudostem_weevil/h_0001_34.jpg,pseudostem_weevil,PSEUDOSTEM WEEVIL,256,256,1212
images/pseudostem_weevil/a_39.jpg,pseudostem_weevil,PSEUDOSTEM WEEVIL,256,256,1702
images/pseudostem_weevil/a_240.jpg,pseudostem_weevil,PSEUDOSTEM WEEVIL,256,256,1095
images/pseudostem_weevil/h_0001_379.jpg,pseudostem_weevil,PSEUDOSTEM WEEVIL,256,256,1104
images/pseudostem_weevil/b_0001_29.jpg,pseudostem_weevil,PSEUDOSTEM WEEVIL,256,256,1062
images/pseudostem_weevil/g_0001_111.jpg,pseudostem_weevil,PSEUDOSTEM WEEVIL,256,256,1158
images/pseudostem_weevil/k_0001_36.jpg,pseudostem_weevil,PSEUDOSTEM WEEVIL,256,256,1108
images/pseudostem_weevil/g_0001_88.jpg,pseudostem_weevil,PSEUDOSTEM WEEVIL,256,256,1335
images/pseudostem_weevil/e_0001_261.jpg,pseudostem_weevil,PSEUDOSTEM WEEVIL,256,256,1301
images/pseudostem_weevil/k_0001_211.jpg,pseudostem_weevil,PSEUDOSTEM WEEVIL,256,256,1206
images/pseudostem_weevil/g_0001_67.jpg,pseudostem_weevil,PSEUDOSTEM WEEVIL,256,256,1103
images/pseudostem_weevil/e_0001_91.jpg,pseudostem_weevil,PSEUDOSTEM WEEVIL,256,256,1703
images/pseudostem_weevil/a_305.jpg,pseudostem_weevil,PSEUDOSTEM WEEVIL,256,256,1187
images/pseudostem_weevil/i_0001_161.jpg,pseudostem_weevil,PSEUDOSTEM WEEVIL,256,256,1704
images/pseudostem_weevil/h_0001_396.jpg,pseudostem_weevil,PSEUDOSTEM WEEVIL,256,256,1205
images/pseudostem_weevil/f_0001_1_21.jpg,pseudostem_weevil,PSEUDOSTEM WEEVIL,256,256,1090
images/pseudostem_weevil/c_0001_65.jpg,pseudostem_weevil,PSEUDOSTEM WEEVIL,256,256,1062
images/pseudostem_weevil/k_0001_138.jpg,pseudostem_weevil,PSEUDOSTEM WEEVIL,256,256,1705
images/pseudostem_weevil/a_186.jpg,pseudostem_weevil,PSEUDOSTEM WEEVIL,256,256,1267
images/pseudostem_weevil/d_0001_32.jpg,pseudostem_weevil,PSEUDOSTEM WEEVIL,256,256,1062
images/pseudostem_weevil/h_0001_115.jpg,pseudostem_weevil,PSEUDOSTEM WEEVIL,256,256,1202
images/pseudostem_weevil/i_0001_248.jpg,pseudostem_weevil,PSEUDOSTEM WEEVIL,256,256,1118
images/pseudostem_weevil/h_0001_400.jpg,pseudostem_weevil,PSEUDOSTEM WEEVIL,256,256,1104
images/pseudostem_weevil/g_0001_238.jpg,pseudostem_weevil,PSEUDOSTEM WEEVIL,256,256,1691
images/pseudostem_weevil/a_169.jpg,pseudostem_weevil,PSEUDOSTEM WEEVIL,256,256,1321
images/pseudostem_weevil/e_0001_148.jpg,pseudostem_weevil,PSEUDOSTEM WEEVIL,256,256,1102
images/pseudostem_weevil/h_0001_63.jpg,pseudostem_weevil,PSEUDOSTEM WEEVIL,256,256,1075
images/pseudostem_weevil/j_0001_95.jpg,pseudostem_weevil,PSEUDOSTEM WEEVIL,256,256,1104
images/pseudostem_weevil/j_0001_137.jpg,pseudostem_weevil,PSEUDOSTEM WEEVIL,256,256,1706
images/pseudostem_weevil/g_0001_185.jpg,pseudostem_weevil,PSEUDOSTEM WEEVIL,256,256,1336
images/pseudostem_weevil/i_0001_54.jpg,pseudostem_weevil,PSEUDOSTEM WEEVIL,256,256,1140
images/pseudostem_weevil/h_0001_247.jpg,pseudostem_weevil,PSEUDOSTEM WEEVIL,256,256,1707
images/pseudostem_weevil/h_0001_302.jpg,pseudostem_weevil,PSEUDOSTEM WEEVIL,256,256,1708
images/pseudostem_weevil/b_0001_52.jpg,pseudostem_weevil,PSEUDOSTEM WEEVIL,256,256,1062
images/pseudostem_weevil/a_42.jpg,pseudostem_weevil,PSEUDOSTEM WEEVIL,256,256,1709
images/pseudostem_weevil/d_0001_147.jpg,pseudostem_weevil,PSEUDOSTEM WEEVIL,256,256,1062
images/pseudostem_weevil/k_0001_285.jpg,pseudostem_weevil,PSEUDOSTEM WEEVIL,256,256,1202
images/pseudostem_weevil/g_0001_243.jpg,pseudostem_weevil,PSEUDOSTEM WEEVIL,256,256,1202
images/pseudostem_weevil/h_0001_181.jpg,pseudostem_weevil,PSEUDOSTEM WEEVIL,256,256,1710
images/pseudostem_weevil/a_112.jpg,pseudostem_weevil,PSEUDOSTEM WEEVIL,256,256,1056
images/pseudostem_weevil/e_0001_133.jpg,pseudostem_weevil,PSEUDOSTEM WEEVIL,256,256,1084
images/pseudostem_weevil/h_0001_18.jpg,pseudostem_weevil,PSEUDOSTEM WEEVIL,256,256,1102
images/pseudostem_weevil/f_0001_1_118.jpg,pseudostem_weevil,PSEUDOSTEM WEEVIL,256,256,1153
images/pseudostem_weevil/k_0001_143.jpg,pseudostem_weevil,PSEUDOSTEM WEEVIL,256,256,1711
images/pseudostem_weevil/d_0001_49.jpg,pseudostem_weevil,PSEUDOSTEM WEEVIL,256,256,1062
images/pseudostem_weevil/i_0001_233.jpg,pseudostem_weevil,PSEUDOSTEM WEEVIL,256,256,1400
images/pseudostem_weevil/a_283.jpg,pseudostem_weevil,PSEUDOSTEM WEEVIL,256,256,1531
images/pseudostem_weevil/h_0001_210.jpg,pseudostem_weevil,PSEUDOSTEM WEEVIL,256,256,1712
images/pseudostem_weevil/e_0001_308.jpg,pseudostem_weevil,PSEUDOSTEM WEEVIL,256,256,1550
images/pseudostem_weevil/j_0001_160.jpg,pseudostem_weevil,PSEUDOSTEM WEEVIL,256,256,1084
images/pseudostem_weevil/d_0001_110.jpg,pseudostem_weevil,PSEUDOSTEM WEEVIL,256,256,1062
images/pseudostem_weevil/e_0001_52.jpg,pseudostem_weevil,PSEUDOSTEM WEEVIL,256,256,1500
images/pseudostem_weevil/h_0001_355.jpg,pseudostem_weevil,PSEUDOSTEM WEEVIL,256,256,1156
images/pseudostem_weevil/a_15.jpg,pseudostem_weevil,PSEUDOSTEM WEEVIL,256,256,1191
images/pseudostem_weevil/e_0001_164.jpg,pseudostem_weevil,PSEUDOSTEM WEEVIL,256,256,1456
images/pseudostem_weevil/a_145.jpg,pseudostem_weevil,PSEUDOSTEM WEEVIL,256,256,1180
images/pseudostem_weevil/g_0001_214.jpg,pseudostem_weevil,PSEUDOSTEM WEEVIL,256,256,1093
images/pseudostem_weevil/i_0001_264.jpg,pseudostem_weevil,PSEUDOSTEM WEEVIL,256,256,1176
images/pseudostem_weevil/h_0001_139.jpg,pseudostem_weevil,PSEUDOSTEM WEEVIL,256,256,1088
images/pseudostem_weevil/c_0001_107.jpg,pseudostem_weevil,PSEUDOSTEM WEEVIL,256,256,1062
images/pseudostem_weevil/j_0001_249.jpg,pseudostem_weevil,PSEUDOSTEM WEEVIL,256,256,1065
images/pseudostem_weevil/j_0001_56.jpg,pseudostem_weevil,PSEUDOSTEM WEEVIL,256,256,1090
images/pseudostem_weevil/k_0001_114.jpg,pseudostem_weevil,PSEUDOSTEM WEEVIL,256,256,1190
images/pseudostem_weevil/a_4.jpg,pseudostem_weevil,PSEUDOSTEM WEEVIL,256,256,1191
images/pseudostem_weevil/c_0001_49.jpg,pseudostem_weevil,PSEUDOSTEM WEEVIL,256,256,1062
images/pseudostem_weevil/j_0001_176.jpg,pseudostem_weevil,PSEUDOSTEM WEEVIL,256,256,1713
images/pseudostem_weevil/i_0001_15.jpg,pseudostem_weevil,PSEUDOSTEM WEEVIL,256,256,1184
images/pseudostem_weevil/h_0001_206.jpg,pseudostem_weevil,PSEUDOSTEM WEEVIL,256,256,1714
images/pseudostem_weevil/a_295.jpg,pseudostem_weevil,PSEUDOSTEM WEEVIL,256,256,1285
images/pseudostem_weevil/h_0001_343.jpg,pseudostem_weevil,PSEUDOSTEM WEEVIL,256,256,1156
images/pseudostem_weevil/b_0001_13.jpg,pseudostem_weevil,PSEUDOSTEM WEEVIL,256,256,1062
images/pseudostem_weevil/e_0001_44.jpg,pseudostem_weevil,PSEUDOSTEM WEEVIL,256,256,1062
images/pseudostem_weevil/d_0001_106.jpg,pseudostem_weevil,PSEUDOSTEM WEEVIL,256,256,1062
images/pseudostem_weevil/j_0001_199.jpg,pseudostem_weevil,PSEUDOSTEM WEEVIL,256,256,1614
images/pseudostem_weevil/g_0001_202.jpg,pseudostem_weevil,PSEUDOSTEM WEEVIL,256,256,1179
images/pseudostem_weevil/a_153.jpg,pseudostem_weevil,PSEUDOSTEM WEEVIL,256,256,1536
images/pseudostem_weevil/e_0001_172.jpg,pseudostem_weevil,PSEUDOSTEM WEEVIL,256,256,1206
images/pseudostem_weevil/h_0001_59.jpg,pseudostem_weevil,PSEUDOSTEM WEEVIL,256,256,1075
images/pseudostem_weevil/k_0001_102.jpg,pseudostem_weevil,PSEUDOSTEM WEEVIL,256,256,1715
images/pseudostem_weevil/j_0001_40.jpg,pseudostem_weevil,PSEUDOSTEM WEEVIL,256,256,1177
images/pseudostem_weevil/c_0001_111.jpg,pseudostem_weevil,PSEUDOSTEM WEEVIL,256,256,1062
images/pseudostem_weevil/i_0001_272.jpg,pseudostem_weevil,PSEUDOSTEM WEEVIL,256,256,1286
images/pseudostem_weevil/h_0001_251.jpg,pseudostem_weevil,PSEUDOSTEM WEEVIL,256,256,1716
images/pseudostem_weevil/i_0001_42.jpg,pseudostem_weevil,PSEUDOSTEM WEEVIL,256,256,1290
images/pseudostem_weevil/g_0001_193.jpg,pseudostem_weevil,PSEUDOSTEM WEEVIL,256,256,1237
images/pseudostem_weevil/j_0001_121.jpg,pseudostem_weevil,PSEUDOSTEM WEEVIL,256,256,1064
images/pseudostem_weevil/d_0001_151.jpg,pseudostem_weevil,PSEUDOSTEM WEEVIL,256,256,1062
images/pseudostem_weevil/e_0001_13.jpg,pseudostem_weevil,PSEUDOSTEM WEEVIL,256,256,1125
images/pseudostem_weevil/a_54.jpg,pseudostem_weevil,PSEUDOSTEM WEEVIL,256,256,1171
images/pseudostem_weevil/h_0001_314.jpg,pseudostem_weevil,PSEUDOSTEM WEEVIL,256,256,1640
images/pseudostem_weevil/b_0001_44.jpg,pseudostem_weevil,PSEUDOSTEM WEEVIL,256,256,1062
images/pseudostem_weevil/e_0001_125.jpg,pseudostem_weevil,PSEUDOSTEM WEEVIL,256,256,1153
images/pseudostem_weevil/f_0001_1_1.jpg,pseudostem_weevil,PSEUDOSTEM WEEVIL,256,256,1073
images/pseudostem_weevil/a_104.jpg,pseudostem_weevil,PSEUDOSTEM WEEVIL,256,256,1351
images/pseudostem_weevil/h_0001_197.jpg,pseudostem_weevil,PSEUDOSTEM WEEVIL,256,256,1717
images/pseudostem_weevil/g_0001_255.jpg,pseudostem_weevil,PSEUDOSTEM WEEVIL,256,256,1718
images/pseudostem_weevil/h_0001_178.jpg,pseudostem_weevil,PSEUDOSTEM WEEVIL,256,256,1719
images/pseudostem_weevil/i_0001_225.jpg,pseudostem_weevil,PSEUDOSTEM WEEVIL,256,256,1582
images/pseudostem_weevil/k_0001_155.jpg,pseudostem_weevil,PSEUDOSTEM WEEVIL,256,256,1720
images/pseudostem_weevil/j_0001_17.jpg,pseudostem_weevil,PSEUDOSTEM WEEVIL,256,256,1065
images/pseudostem_weevil/j_0001_208.jpg,pseudostem_weevil,PSEUDOSTEM WEEVIL,256,256,1335
images/pseudostem_weevil/e_0001_124.jpg,pseudostem_weevil,PSEUDOSTEM WEEVIL,256,256,1502
images/pseudostem_weevil/a_105.jpg,pseudostem_weevil,PSEUDOSTEM WEEVIL,256,256,1197
images/pseudostem_weevil/h_0001_196.jpg,pseudostem_weevil,PSEUDOSTEM WEEVIL,256,256,1717
images/pseudostem_weevil/g_0001_254.jpg,pseudostem_weevil,PSEUDOSTEM WEEVIL,256,256,1202
images/pseudostem_weevil/i_0001_224.jpg,pseudostem_weevil,PSEUDOSTEM WEEVIL,256,256,1151
images/pseudostem_weevil/h_0001_179.jpg,pseudostem_weevil,PSEUDOSTEM WEEVIL,256,256,1060
images/pseudostem_weevil/j_0001_209.jpg,pseudostem_weevil,PSEUDOSTEM WEEVIL,256,256,1606
images/pseudostem_weevil/k_0001_154.jpg,pseudostem_weevil,PSEUDOSTEM WEEVIL,256,256,1720
images/pseudostem_weevil/j_0001_16.jpg,pseudostem_weevil,PSEUDOSTEM WEEVIL,256,256,1065
images/pseudostem_weevil/h_0001_250.jpg,pseudostem_weevil,PSEUDOSTEM WEEVIL,256,256,1721
images/pseudostem_weevil/i_0001_43.jpg,pseudostem_weevil,PSEUDOSTEM WEEVIL,256,256,1290
images/pseudostem_weevil/g_0001_192.jpg,pseudostem_weevil,PSEUDOSTEM WEEVIL,256,256,1088
images/pseudostem_weevil/j_0001_120.jpg,pseudostem_weevil,PSEUDOSTEM WEEVIL,256,256,1173
images/pseudostem_weevil/d_0001_150.jpg,pseudostem_weevil,PSEUDOSTEM WEEVIL,256,256,1062
images/pseudostem_weevil/e_0001_12.jpg,pseudostem_weevil,PSEUDOSTEM WEEVIL,256,256,1147
images/pseudostem_weevil/h_0001_315.jpg,pseudostem_weevil,PSEUDOSTEM WEEVIL,256,256,1288
images/pseudostem_weevil/b_0001_45.jpg,pseudostem_weevil,PSEUDOSTEM WEEVIL,256,256,1062
images/pseudostem_weevil/a_55.jpg,pseudostem_weevil,PSEUDOSTEM WEEVIL,256,256,1722
images/pseudostem_weevil/g_0001_203.jpg,pseudostem_weevil,PSEUDOSTEM WEEVIL,256,256,1179
images/pseudostem_weevil/a_152.jpg,pseudostem_weevil,PSEUDOSTEM WEEVIL,256,256,1180
images/pseudostem_weevil/e_0001_173.jpg,pseudostem_weevil,PSEUDOSTEM WEEVIL,256,256,1163
images/pseudostem_weevil/h_0001_58.jpg,pseudostem_weevil,PSEUDOSTEM WEEVIL,256,256,1075
images/pseudostem_weevil/c_0001_110.jpg,pseudostem_weevil,PSEUDOSTEM WEEVIL,256,256,1062
images/pseudostem_weevil/k_0001_103.jpg,pseudostem_weevil,PSEUDOSTEM WEEVIL,256,256,1571
images/pseudostem_weevil/j_0001_41.jpg,pseudostem_weevil,PSEUDOSTEM WEEVIL,256,256,1177
images/pseudostem_weevil/i_0001_273.jpg,pseudostem_weevil,PSEUDOSTEM WEEVIL,256,256,1286
images/pseudostem_weevil/j_0001_177.jpg,pseudostem_weevil,PSEUDOSTEM WEEVIL,256,256,1250
images/pseudostem_weevil/i_0001_14.jpg,pseudostem_weevil,PSEUDOSTEM WEEVIL,256,256,1184
images/pseudostem_weevil/h_0001_207.jpg,pseudostem_weevil,PSEUDOSTEM WEEVIL,256,256,1723
images/pseudostem_weevil/a_294.jpg,pseudostem_weevil,PSEUDOSTEM WEEVIL,256,256,1285
images/pseudostem_weevil/h_0001_342.jpg,pseudostem_weevil,PSEUDOSTEM WEEVIL,256,256,1724
images/pseudostem_weevil/b_0001_12.jpg,pseudostem_weevil,PSEUDOSTEM WEEVIL,256,256,1062
images/pseudostem_weevil/e_0001_45.jpg,pseudostem_weevil,PSEUDOSTEM WEEVIL,256,256,1062
images/pseudostem_weevil/d_0001_107.jpg,pseudostem_weevil,PSEUDOSTEM WEEVIL,256,256,1062
images/pseudostem_weevil/j_0001_198.jpg,pseudostem_weevil,PSEUDOSTEM WEEVIL,256,256,1616
images/pseudostem_weevil/e_0001_165.jpg,pseudostem_weevil,PSEUDOSTEM WEEVIL,256,256,1163
images/pseudostem_weevil/a_144.jpg,pseudostem_weevil,PSEUDOSTEM WEEVIL,256,256,1180
images/pseudostem_weevil/g_0001_215.jpg,pseudostem_weevil,PSEUDOSTEM WEEVIL,256,256,1093
images/pseudostem_weevil/h_0001_138.jpg,pseudostem_weevil,PSEUDOSTEM WEEVIL,256,256,1088
images/pseudostem_weevil/i_0001_265.jpg,pseudostem_weevil,PSEUDOSTEM WEEVIL,256,256,1176
images/pseudostem_weevil/j_0001_57.jpg,pseudostem_weevil,PSEUDOSTEM WEEVIL,256,256,1147
images/pseudostem_weevil/k_0001_115.jpg,pseudostem_weevil,PSEUDOSTEM WEEVIL,256,256,1725
images/pseudostem_weevil/j_0001_248.jpg,pseudostem_weevil,PSEUDOSTEM WEEVIL,256,256,1065
images/pseudostem_weevil/c_0001_106.jpg,pseudostem_weevil,PSEUDOSTEM WEEVIL,256,256,1062
images/pseudostem_weevil/a_5.jpg,pseudostem_weevil,PSEUDOSTEM WEEVIL,256,256,1191
images/pseudostem_weevil/c_0001_48.jpg,pseudostem_weevil,PSEUDOSTEM WEEVIL,256,256,1062
images/pseudostem_weevil/a_282.jpg,pseudostem_weevil,PSEUDOSTEM WEEVIL,256,256,1531
images/pseudostem_weevil/h_0001_211.jpg,pseudostem_weevil,PSEUDOSTEM WEEVIL,256,256,1726
images/pseudostem_weevil/e_0001_309.jpg,pseudostem_weevil,PSEUDOSTEM WEEVIL,256,256,1458
images/pseudostem_weevil/j_0001_161.jpg,pseudostem_weevil,PSEUDOSTEM WEEVIL,256,256,1084
images/pseudostem_weevil/d_0001_111.jpg,pseudostem_weevil,PSEUDOSTEM WEEVIL,256,256,1062
images/pseudostem_weevil/e_0001_53.jpg,pseudostem_weevil,PSEUDOSTEM WEEVIL,256,256,1408
images/pseudostem_weevil/a_14.jpg,pseudostem_weevil,PSEUDOSTEM WEEVIL,256,256,1191
images/pseudostem_weevil/h_0001_354.jpg,pseudostem_weevil,PSEUDOSTEM WEEVIL,256,256,1156
images/pseudostem_weevil/g_0001_242.jpg,pseudostem_weevil,PSEUDOSTEM WEEVIL,256,256,1727
images/pseudostem_weevil/h_0001_180.jpg,pseudostem_weevil,PSEUDOSTEM WEEVIL,256,256,1728
images/pseudostem_weevil/a_113.jpg,pseudostem_weevil,PSEUDOSTEM WEEVIL,256,256,1281
images/pseudostem_weevil/e_0001_132.jpg,pseudostem_weevil,PSEUDOSTEM WEEVIL,256,256,1084
images/pseudostem_weevil/h_0001_19.jpg,pseudostem_weevil,PSEUDOSTEM WEEVIL,256,256,1102
images/pseudostem_weevil/k_0001_1.jpg,pseudostem_weevil,PSEUDOSTEM WEEVIL,256,256,1102
images/pseudostem_weevil/f_0001_1_119.jpg,pseudostem_weevil,PSEUDOSTEM WEEVIL,256,256,1153
images/pseudostem_weevil/k_0001_142.jpg,pseudostem_weevil,PSEUDOSTEM WEEVIL,256,256,1194
images/pseudostem_weevil/d_0001_48.jpg,pseudostem_weevil,PSEUDOSTEM WEEVIL,256,256,1062
images/pseudostem_weevil/i_0001_232.jpg,pseudostem_weevil,PSEUDOSTEM WEEVIL,256,256,1400
images/pseudostem_weevil/j_0001_136.jpg,pseudostem_weevil,PSEUDOSTEM WEEVIL,256,256,1575
images/pseudostem_weevil/g_0001_184.jpg,pseudostem_weevil,PSEUDOSTEM WEEVIL,256,256,1090
images/pseudostem_weevil/i_0001_55.jpg,pseudostem_weevil,PSEUDOSTEM WEEVIL,256,256,1140
images/pseudostem_weevil/h_0001_246.jpg,pseudostem_weevil,PSEUDOSTEM WEEVIL,256,256,1060
images/pseudostem_weevil/a_43.jpg,pseudostem_weevil,PSEUDOSTEM WEEVIL,256,256,1729
images/pseudostem_weevil/h_0001_303.jpg,pseudostem_weevil,PSEUDOSTEM WEEVIL,256,256,1708
images/pseudostem_weevil/b_0001_53.jpg,pseudostem_weevil,PSEUDOSTEM WEEVIL,256,256,1062
images/pseudostem_weevil/d_0001_146.jpg,pseudostem_weevil,PSEUDOSTEM WEEVIL,256,256,1062
images/pseudostem_weevil/k_0001_284.jpg,pseudostem_weevil,PSEUDOSTEM WEEVIL,256,256,1202
images/pseudostem_weevil/c_0001_64.jpg,pseudostem_weevil,PSEUDOSTEM WEEVIL,256,256,1062
images/pseudostem_weevil/k_0001_139.jpg,pseudostem_weevil,PSEUDOSTEM WEEVIL,256,256,1194
images/pseudostem_weevil/a_187.jpg,pseudostem_weevil,PSEUDOSTEM WEEVIL,256,256,1267
images/pseudostem_weevil/d_0001_33.jpg,pseudostem_weevil,PSEUDOSTEM WEEVIL,256,256,1062
images/pseudostem_weevil/i_0001_249.jpg,pseudostem_weevil,PSEUDOSTEM WEEVIL,256,256,1118
images/pseudostem_weevil/h_0001_114.jpg,pseudostem_weevil,PSEUDOSTEM WEEVIL,256,256,1202
images/pseudostem_weevil/g_0001_239.jpg,pseudostem_weevil,PSEUDOSTEM WEEVIL,256,256,1730
images/pseudostem_weevil/h_0001_401.jpg,pseudostem_weevil,PSEUDOSTEM WEEVIL,256,256,1104
images/pseudostem_weevil/a_168.jpg,pseudostem_weevil,PSEUDOSTEM WEEVIL,256,256,1281
images/pseudostem_weevil/e_0001_149.jpg,pseudostem_weevil,PSEUDOSTEM WEEVIL,256,256,1102
images/pseudostem_weevil/h_0001_62.jpg,pseudostem_weevil,PSEUDOSTEM WEEVIL,256,256,1075
images/pseudostem_weevil/j_0001_94.jpg,pseudostem_weevil,PSEUDOSTEM WEEVIL,256,256,1731
images/pseudostem_weevil/h_0001_378.jpg,pseudostem_weevil,PSEUDOSTEM WEEVIL,256,256,1110
images/pseudostem_weevil/b_0001_28.jpg,pseudostem_weevil,PSEUDOSTEM WEEVIL,256,256,1062
images/pseudostem_weevil/a_241.jpg,pseudostem_weevil,PSEUDOSTEM WEEVIL,256,256,1732
images/pseudostem_weevil/a_38.jpg,pseudostem_weevil,PSEUDOSTEM WEEVIL,256,256,1702
images/pseudostem_weevil/g_0001_110.jpg,pseudostem_weevil,PSEUDOSTEM WEEVIL,256,256,1158
images/pseudostem_weevil/k_0001_37.jpg,pseudostem_weevil,PSEUDOSTEM WEEVIL,256,256,1108
images/pseudostem_weevil/g_0001_89.jpg,pseudostem_weevil,PSEUDOSTEM WEEVIL,256,256,1335
images/pseudostem_weevil/e_0001_260.jpg,pseudostem_weevil,PSEUDOSTEM WEEVIL,256,256,1692
images/pseudostem_weevil/k_0001_210.jpg,pseudostem_weevil,PSEUDOSTEM WEEVIL,256,256,1733
images/pseudostem_weevil/g_0001_66.jpg,pseudostem_weevil,PSEUDOSTEM WEEVIL,256,256,1103
images/pseudostem_weevil/e_0001_90.jpg,pseudostem_weevil,PSEUDOSTEM WEEVIL,256,256,1313
images/pseudostem_weevil/i_0001_160.jpg,pseudostem_weevil,PSEUDOSTEM WEEVIL,256,256,1076
images/pseudostem_weevil/a_304.jpg,pseudostem_weevil,PSEUDOSTEM WEEVIL,256,256,1187
images/pseudostem_weevil/h_0001_397.jpg,pseudostem_weevil,PSEUDOSTEM WEEVIL,256,256,1205
images/pseudostem_weevil/f_0001_1_20.jpg,pseudostem_weevil,PSEUDOSTEM WEEVIL,256,256,1090
images/pseudostem_weevil/h_0001_143.jpg,pseudostem_weevil,PSEUDOSTEM WEEVIL,256,256,1237
images/pseudostem_weevil/d_0001_64.jpg,pseudostem_weevil,PSEUDOSTEM WEEVIL,256,256,1062
images/pseudostem_weevil/j_0001_233.jpg,pseudostem_weevil,PSEUDOSTEM WEEVIL,256,256,1384
images/pseudostem_weevil/c_0001_33.jpg,pseudostem_weevil,PSEUDOSTEM WEEVIL,256,256,1062
images/pseudostem_weevil/k_0001_181.jpg,pseudostem_weevil,PSEUDOSTEM WEEVIL,256,256,1734
images/pseudostem_weevil/h_0001_35.jpg,pseudostem_weevil,PSEUDOSTEM WEEVIL,256,256,1060
images/pseudostem_weevil/h_0001_456.jpg,pseudostem_weevil,PSEUDOSTEM WEEVIL,256,256,1084
images/pseudostem_weevil/e_0001_237.jpg,pseudostem_weevil,PSEUDOSTEM WEEVIL,256,256,1061
images/pseudostem_weevil/e_0001_28.jpg,pseudostem_weevil,PSEUDOSTEM WEEVIL,256,256,1062
images/pseudostem_weevil/k_0001_60.jpg,pseudostem_weevil,PSEUDOSTEM WEEVIL,256,256,1735
images/pseudostem_weevil/h_0001_285.jpg,pseudostem_weevil,PSEUDOSTEM WEEVIL,256,256,1219
images/pseudostem_weevil/g_0001_147.jpg,pseudostem_weevil,PSEUDOSTEM WEEVIL,256,256,1065
images/pseudostem_weevil/i_0001_96.jpg,pseudostem_weevil,PSEUDOSTEM WEEVIL,256,256,1059
images/pseudostem_weevil/f_0001_1_98.jpg,pseudostem_weevil,PSEUDOSTEM WEEVIL,256,256,1064
images/pseudostem_weevil/a_216.jpg,pseudostem_weevil,PSEUDOSTEM WEEVIL,256,256,1126
images/pseudostem_weevil/f_0001_1_77.jpg,pseudostem_weevil,PSEUDOSTEM WEEVIL,256,256,1104
images/pseudostem_weevil/a_80.jpg,pseudostem_weevil,PSEUDOSTEM WEEVIL,256,256,1258
images/pseudostem_weevil/b_0001_90.jpg,pseudostem_weevil,PSEUDOSTEM WEEVIL,256,256,1137
images/pseudostem_weevil/i_0001_137.jpg,pseudostem_weevil,PSEUDOSTEM WEEVIL,256,256,1122
images/pseudostem_weevil/i_0001_79.jpg,pseudostem_weevil,PSEUDOSTEM WEEVIL,256,256,1151
images/pseudostem_weevil/g_0001_31.jpg,pseudostem_weevil,PSEUDOSTEM WEEVIL,256,256,1736
images/pseudostem_weevil/b_0001_109.jpg,pseudostem_weevil,PSEUDOSTEM WEEVIL,256,256,1062
images/pseudostem_weevil/k_0001_247.jpg,pseudostem_weevil,PSEUDOSTEM WEEVIL,256,256,1124
images/pseudostem_weevil/c_0001_25.jpg,pseudostem_weevil,PSEUDOSTEM WEEVIL,256,256,1062
images/pseudostem_weevil/k_0001_178.jpg,pseudostem_weevil,PSEUDOSTEM WEEVIL,256,256,1737
images/pseudostem_weevil/j_0001_225.jpg,pseudostem_weevil,PSEUDOSTEM WEEVIL,256,256,1738
images/pseudostem_weevil/d_0001_72.jpg,pseudostem_weevil,PSEUDOSTEM WEEVIL,256,256,1062
images/pseudostem_weevil/j_0001_8.jpg,pseudostem_weevil,PSEUDOSTEM WEEVIL,256,256,1065
images/pseudostem_weevil/h_0001_155.jpg,pseudostem_weevil,PSEUDOSTEM WEEVIL,256,256,1739
images/pseudostem_weevil/i_0001_208.jpg,pseudostem_weevil,PSEUDOSTEM WEEVIL,256,256,1154
images/pseudostem_weevil/h_0001_440.jpg,pseudostem_weevil,PSEUDOSTEM WEEVIL,256,256,1153
images/pseudostem_weevil/a_129.jpg,pseudostem_weevil,PSEUDOSTEM WEEVIL,256,256,1131
images/pseudostem_weevil/e_0001_108.jpg,pseudostem_weevil,PSEUDOSTEM WEEVIL,256,256,1600
images/pseudostem_weevil/h_0001_23.jpg,pseudostem_weevil,PSEUDOSTEM WEEVIL,256,256,1740
images/pseudostem_weevil/k_0001_197.jpg,pseudostem_weevil,PSEUDOSTEM WEEVIL,256,256,1255
images/pseudostem_weevil/a_79.jpg,pseudostem_weevil,PSEUDOSTEM WEEVIL,256,256,1281
images/pseudostem_weevil/a_200.jpg,pseudostem_weevil,PSEUDOSTEM WEEVIL,256,256,1741
images/pseudostem_weevil/h_0001_339.jpg,pseudostem_weevil,PSEUDOSTEM WEEVIL,256,256,1742
images/pseudostem_weevil/b_0001_69.jpg,pseudostem_weevil,PSEUDOSTEM WEEVIL,256,256,1062
images/pseudostem_weevil/i_0001_80.jpg,pseudostem_weevil,PSEUDOSTEM WEEVIL,256,256,1229
images/pseudostem_weevil/g_0001_151.jpg,pseudostem_weevil,PSEUDOSTEM WEEVIL,256,256,1065
images/pseudostem_weevil/h_0001_293.jpg,pseudostem_weevil,PSEUDOSTEM WEEVIL,256,256,1743
images/pseudostem_weevil/k_0001_76.jpg,pseudostem_weevil,PSEUDOSTEM WEEVIL,256,256,1696
images/pseudostem_weevil/e_0001_221.jpg,pseudostem_weevil,PSEUDOSTEM WEEVIL,256,256,1227
images/pseudostem_weevil/k_0001_251.jpg,pseudostem_weevil,PSEUDOSTEM WEEVIL,256,256,1124
images/pseudostem_weevil/g_0001_27.jpg,pseudostem_weevil,PSEUDOSTEM WEEVIL,256,256,1506
images/pseudostem_weevil/i_0001_121.jpg,pseudostem_weevil,PSEUDOSTEM WEEVIL,256,256,1274
images/pseudostem_weevil/k_0001_99.jpg,pseudostem_weevil,PSEUDOSTEM WEEVIL,256,256,1744
images/pseudostem_weevil/b_0001_86.jpg,pseudostem_weevil,PSEUDOSTEM WEEVIL,256,256,1062
images/pseudostem_weevil/a_96.jpg,pseudostem_weevil,PSEUDOSTEM WEEVIL,256,256,1698
images/pseudostem_weevil/f_0001_1_61.jpg,pseudostem_weevil,PSEUDOSTEM WEEVIL,256,256,1060
images/pseudostem_weevil/h_0001_102.jpg,pseudostem_weevil,PSEUDOSTEM WEEVIL,256,256,1061
images/pseudostem_weevil/d_0001_25.jpg,pseudostem_weevil,PSEUDOSTEM WEEVIL,256,256,1062
images/pseudostem_weevil/a_191.jpg,pseudostem_weevil,PSEUDOSTEM WEEVIL,256,256,1119
images/pseudostem_weevil/c_0001_72.jpg,pseudostem_weevil,PSEUDOSTEM WEEVIL,256,256,1062
images/pseudostem_weevil/j_0001_82.jpg,pseudostem_weevil,PSEUDOSTEM WEEVIL,256,256,1203
images/pseudostem_weevil/h_0001_74.jpg,pseudostem_weevil,PSEUDOSTEM WEEVIL,256,256,1247
images/pseudostem_weevil/c_0001_4.jpg,pseudostem_weevil,PSEUDOSTEM WEEVIL,256,256,1062
images/pseudostem_weevil/h_0001_417.jpg,pseudostem_weevil,PSEUDOSTEM WEEVIL,256,256,1064
images/pseudostem_weevil/e_0001_276.jpg,pseudostem_weevil,PSEUDOSTEM WEEVIL,256,256,1068
images/pseudostem_weevil/e_0001_69.jpg,pseudostem_weevil,PSEUDOSTEM WEEVIL,256,256,1559
images/pseudostem_weevil/d_0001_7.jpg,pseudostem_weevil,PSEUDOSTEM WEEVIL,256,256,1062
images/pseudostem_weevil/k_0001_21.jpg,pseudostem_weevil,PSEUDOSTEM WEEVIL,256,256,1088
images/pseudostem_weevil/i_0001_199.jpg,pseudostem_weevil,PSEUDOSTEM WEEVIL,256,256,1663
images/pseudostem_weevil/g_0001_106.jpg,pseudostem_weevil,PSEUDOSTEM WEEVIL,256,256,1745
images/pseudostem_weevil/a_257.jpg,pseudostem_weevil,PSEUDOSTEM WEEVIL,256,256,1083
images/pseudostem_weevil/f_0001_1_36.jpg,pseudostem_weevil,PSEUDOSTEM WEEVIL,256,256,1492
images/pseudostem_weevil/h_0001_381.jpg,pseudostem_weevil,PSEUDOSTEM WEEVIL,256,256,1234
images/pseudostem_weevil/i_0001_176.jpg,pseudostem_weevil,PSEUDOSTEM WEEVIL,256,256,1468
images/pseudostem_weevil/a_312.jpg,pseudostem_weevil,PSEUDOSTEM WEEVIL,256,256,1191
images/pseudostem_weevil/i_0001_38.jpg,pseudostem_weevil,PSEUDOSTEM WEEVIL,256,256,1175
images/pseudostem_weevil/e_0001_86.jpg,pseudostem_weevil,PSEUDOSTEM WEEVIL,256,256,1168
images/pseudostem_weevil/g_0001_70.jpg,pseudostem_weevil,PSEUDOSTEM WEEVIL,256,256,1746
images/pseudostem_weevil/i_0001_3.jpg,pseudostem_weevil,PSEUDOSTEM WEEVIL,256,256,1469
images/pseudostem_weevil/k_0001_206.jpg,pseudostem_weevil,PSEUDOSTEM WEEVIL,256,256,1747
images/pseudostem_weevil/e_0001_299.jpg,pseudostem_weevil,PSEUDOSTEM WEEVIL,256,256,1065
images/pseudostem_weevil/k_0001_271.jpg,pseudostem_weevil,PSEUDOSTEM WEEVIL,256,256,1061
images/pseudostem_weevil/i_0001_101.jpg,pseudostem_weevil,PSEUDOSTEM WEEVIL,256,256,1151
images/pseudostem_weevil/f_0001_1_41.jpg,pseudostem_weevil,PSEUDOSTEM WEEVIL,256,256,1060
images/pseudostem_weevil/a_220.jpg,pseudostem_weevil,PSEUDOSTEM WEEVIL,256,256,1748
images/pseudostem_weevil/a_59.jpg,pseudostem_weevil,PSEUDOSTEM WEEVIL,256,256,1749
images/pseudostem_weevil/h_0001_319.jpg,pseudostem_weevil,PSEUDOSTEM WEEVIL,256,256,1750
images/pseudostem_weevil/b_0001_49.jpg,pseudostem_weevil,PSEUDOSTEM WEEVIL,256,256,1062
images/pseudostem_weevil/g_0001_171.jpg,pseudostem_weevil,PSEUDOSTEM WEEVIL,256,256,1057
images/pseudostem_weevil/k_0001_56.jpg,pseudostem_weevil,PSEUDOSTEM WEEVIL,256,256,1751
images/pseudostem_weevil/e_0001_201.jpg,pseudostem_weevil,PSEUDOSTEM WEEVIL,256,256,1429
images/pseudostem_weevil/g_0001_258.jpg,pseudostem_weevil,PSEUDOSTEM WEEVIL,256,256,1149
images/pseudostem_weevil/a_109.jpg,pseudostem_weevil,PSEUDOSTEM WEEVIL,256,256,1197
images/pseudostem_weevil/e_0001_128.jpg,pseudostem_weevil,PSEUDOSTEM WEEVIL,256,256,1153
images/pseudostem_weevil/f_0001_1_103.jpg,pseudostem_weevil,PSEUDOSTEM WEEVIL,256,256,1064
images/pseudostem_weevil/k_0001_158.jpg,pseudostem_weevil,PSEUDOSTEM WEEVIL,256,256,1752
images/pseudostem_weevil/j_0001_205.jpg,pseudostem_weevil,PSEUDOSTEM WEEVIL,256,256,1112
images/pseudostem_weevil/d_0001_52.jpg,pseudostem_weevil,PSEUDOSTEM WEEVIL,256,256,1062
images/pseudostem_weevil/h_0001_175.jpg,pseudostem_weevil,PSEUDOSTEM WEEVIL,256,256,1753
images/pseudostem_weevil/i_0001_228.jpg,pseudostem_weevil,PSEUDOSTEM WEEVIL,256,256,1164
images/pseudostem_weevil/f_0001_1_16.jpg,pseudostem_weevil,PSEUDOSTEM WEEVIL,256,256,1057
images/pseudostem_weevil/a_298.jpg,pseudostem_weevil,PSEUDOSTEM WEEVIL,256,256,1187
images/pseudostem_weevil/i_0001_156.jpg,pseudostem_weevil,PSEUDOSTEM WEEVIL,256,256,1076
images/pseudostem_weevil/i_0001_18.jpg,pseudostem_weevil,PSEUDOSTEM WEEVIL,256,256,1184
images/pseudostem_weevil/g_0001_50.jpg,pseudostem_weevil,PSEUDOSTEM WEEVIL,256,256,1087
images/pseudostem_weevil/k_0001_226.jpg,pseudostem_weevil,PSEUDOSTEM WEEVIL,256,256,1075
images/pseudostem_weevil/j_0001_194.jpg,pseudostem_weevil,PSEUDOSTEM WEEVIL,256,256,1409
images/pseudostem_weevil/e_0001_256.jpg,pseudostem_weevil,PSEUDOSTEM WEEVIL,256,256,1244
images/pseudostem_weevil/e_0001_49.jpg,pseudostem_weevil,PSEUDOSTEM WEEVIL,256,256,1062
images/pseudostem_weevil/g_0001_126.jpg,pseudostem_weevil,PSEUDOSTEM WEEVIL,256,256,1754
images/pseudostem_weevil/a_277.jpg,pseudostem_weevil,PSEUDOSTEM WEEVIL,256,256,1069
images/pseudostem_weevil/h_0001_54.jpg,pseudostem_weevil,PSEUDOSTEM WEEVIL,256,256,1075
images/pseudostem_weevil/i_0001_290.jpg,pseudostem_weevil,PSEUDOSTEM WEEVIL,256,256,1755
images/pseudostem_weevil/h_0001_437.jpg,pseudostem_weevil,PSEUDOSTEM WEEVIL,256,256,1100
images/pseudostem_weevil/h_0001_122.jpg,pseudostem_weevil,PSEUDOSTEM WEEVIL,256,256,1078
images/pseudostem_weevil/j_0001_252.jpg,pseudostem_weevil,PSEUDOSTEM WEEVIL,256,256,1065
images/pseudostem_weevil/e_0001_190.jpg,pseudostem_weevil,PSEUDOSTEM WEEVIL,256,256,1486
images/pseudostem_weevil/c_0001_52.jpg,pseudostem_weevil,PSEUDOSTEM WEEVIL,256,256,1062
images/pseudostem_weevil/e_0001_2.jpg,pseudostem_weevil,PSEUDOSTEM WEEVIL,256,256,1125
images/pseudostem_weevil/k_0001_230.jpg,pseudostem_weevil,PSEUDOSTEM WEEVIL,256,256,1075
images/pseudostem_weevil/g_0001_46.jpg,pseudostem_weevil,PSEUDOSTEM WEEVIL,256,256,1078
images/pseudostem_weevil/e_0001_305.jpg,pseudostem_weevil,PSEUDOSTEM WEEVIL,256,256,1065
images/pseudostem_weevil/i_0001_140.jpg,pseudostem_weevil,PSEUDOSTEM WEEVIL,256,256,1122
images/pseudostem_weevil/h_0001_358.jpg,pseudostem_weevil,PSEUDOSTEM WEEVIL,256,256,1156
images/pseudostem_weevil/a_18.jpg,pseudostem_weevil,PSEUDOSTEM WEEVIL,256,256,1109
images/pseudostem_weevil/a_261.jpg,pseudostem_weevil,PSEUDOSTEM WEEVIL,256,256,1083
images/pseudostem_weevil/h_0001_6.jpg,pseudostem_weevil,PSEUDOSTEM WEEVIL,256,256,1102
images/pseudostem_weevil/g_0001_130.jpg,pseudostem_weevil,PSEUDOSTEM WEEVIL,256,256,1065
images/pseudostem_weevil/k_0001_17.jpg,pseudostem_weevil,PSEUDOSTEM WEEVIL,256,256,1088
images/pseudostem_weevil/e_0001_240.jpg,pseudostem_weevil,PSEUDOSTEM WEEVIL,256,256,1066
images/pseudostem_weevil/j_0001_182.jpg,pseudostem_weevil,PSEUDOSTEM WEEVIL,256,256,1082
images/pseudostem_weevil/g_0001_219.jpg,pseudostem_weevil,PSEUDOSTEM WEEVIL,256,256,1093
images/pseudostem_weevil/h_0001_421.jpg,pseudostem_weevil,PSEUDOSTEM WEEVIL,256,256,1064
images/pseudostem_weevil/i_0001_286.jpg,pseudostem_weevil,PSEUDOSTEM WEEVIL,256,256,1756
images/pseudostem_weevil/a_148.jpg,pseudostem_weevil,PSEUDOSTEM WEEVIL,256,256,1180
images/pseudostem_weevil/e_0001_169.jpg,pseudostem_weevil,PSEUDOSTEM WEEVIL,256,256,1163
images/pseudostem_weevil/h_0001_42.jpg,pseudostem_weevil,PSEUDOSTEM WEEVIL,256,256,1091
images/pseudostem_weevil/c_0001_44.jpg,pseudostem_weevil,PSEUDOSTEM WEEVIL,256,256,1062
images/pseudostem_weevil/b_0001_1.jpg,pseudostem_weevil,PSEUDOSTEM WEEVIL,256,256,1757
images/pseudostem_weevil/a_9.jpg,pseudostem_weevil,PSEUDOSTEM WEEVIL,256,256,1191
images/pseudostem_weevil/e_0001_186.jpg,pseudostem_weevil,PSEUDOSTEM WEEVIL,256,256,1075
images/pseudostem_weevil/j_0001_244.jpg,pseudostem_weevil,PSEUDOSTEM WEEVIL,256,256,1758
images/pseudostem_weevil/k_0001_119.jpg,pseudostem_weevil,PSEUDOSTEM WEEVIL,256,256,1162
images/pseudostem_weevil/d_0001_13.jpg,pseudostem_weevil,PSEUDOSTEM WEEVIL,256,256,1062
images/pseudostem_weevil/i_0001_269.jpg,pseudostem_weevil,PSEUDOSTEM WEEVIL,256,256,1205
images/pseudostem_weevil/h_0001_134.jpg,pseudostem_weevil,PSEUDOSTEM WEEVIL,256,256,1759
images/pseudostem_weevil/f_0001_1_57.jpg,pseudostem_weevil,PSEUDOSTEM WEEVIL,256,256,1103
images/pseudostem_weevil/i_0001_117.jpg,pseudostem_weevil,PSEUDOSTEM WEEVIL,256,256,1099
images/pseudostem_weevil/g_0001_188.jpg,pseudostem_weevil,PSEUDOSTEM WEEVIL,256,256,1061
images/pseudostem_weevil/i_0001_59.jpg,pseudostem_weevil,PSEUDOSTEM WEEVIL,256,256,1140
images/pseudostem_weevil/g_0001_11.jpg,pseudostem_weevil,PSEUDOSTEM WEEVIL,256,256,1582
images/pseudostem_weevil/k_0001_267.jpg,pseudostem_weevil,PSEUDOSTEM WEEVIL,256,256,1102
images/pseudostem_weevil/k_0001_288.jpg,pseudostem_weevil,PSEUDOSTEM WEEVIL,256,256,1078
images/pseudostem_weevil/e_0001_217.jpg,pseudostem_weevil,PSEUDOSTEM WEEVIL,256,256,1096
images/pseudostem_weevil/k_0001_40.jpg,pseudostem_weevil,PSEUDOSTEM WEEVIL,256,256,1108
images/pseudostem_weevil/g_0001_167.jpg,pseudostem_weevil,PSEUDOSTEM WEEVIL,256,256,1572
images/pseudostem_weevil/a_236.jpg,pseudostem_weevil,PSEUDOSTEM WEEVIL,256,256,1269
images/pseudostem_weevil/h_0001_15.jpg,pseudostem_weevil,PSEUDOSTEM WEEVIL,256,256,1102
images/pseudostem_weevil/h_0001_163.jpg,pseudostem_weevil,PSEUDOSTEM WEEVIL,256,256,1093
images/pseudostem_weevil/d_0001_44.jpg,pseudostem_weevil,PSEUDOSTEM WEEVIL,256,256,1062
images/pseudostem_weevil/j_0001_213.jpg,pseudostem_weevil,PSEUDOSTEM WEEVIL,256,256,1760
images/pseudostem_weevil/f_0001_1_115.jpg,pseudostem_weevil,PSEUDOSTEM WEEVIL,256,256,1100
images/pseudostem_weevil/c_0001_13.jpg,pseudostem_weevil,PSEUDOSTEM WEEVIL,256,256,1062
images/pseudostem_weevil/d_0001_131.jpg,pseudostem_weevil,PSEUDOSTEM WEEVIL,256,256,1062
images/pseudostem_weevil/e_0001_73.jpg,pseudostem_weevil,PSEUDOSTEM WEEVIL,256,256,1646
images/pseudostem_weevil/g_0001_85.jpg,pseudostem_weevil,PSEUDOSTEM WEEVIL,256,256,1761
images/pseudostem_weevil/i_0001_183.jpg,pseudostem_weevil,PSEUDOSTEM WEEVIL,256,256,1762
images/pseudostem_weevil/a_34.jpg,pseudostem_weevil,PSEUDOSTEM WEEVIL,256,256,1109
images/pseudostem_weevil/h_0001_374.jpg,pseudostem_weevil,PSEUDOSTEM WEEVIL,256,256,1763
images/pseudostem_weevil/b_0001_24.jpg,pseudostem_weevil,PSEUDOSTEM WEEVIL,256,256,1062
images/pseudostem_weevil/a_308.jpg,pseudostem_weevil,PSEUDOSTEM WEEVIL,256,256,1187
images/pseudostem_weevil/h_0001_231.jpg,pseudostem_weevil,PSEUDOSTEM WEEVIL,256,256,1434
images/pseudostem_weevil/i_0001_22.jpg,pseudostem_weevil,PSEUDOSTEM WEEVIL,256,256,1184
images/pseudostem_weevil/j_0001_141.jpg,pseudostem_weevil,PSEUDOSTEM WEEVIL,256,256,1100
images/pseudostem_weevil/e_0001_283.jpg,pseudostem_weevil,PSEUDOSTEM WEEVIL,256,256,1065
images/pseudostem_weevil/h_0001_118.jpg,pseudostem_weevil,PSEUDOSTEM WEEVIL,256,256,1202
images/pseudostem_weevil/i_0001_245.jpg,pseudostem_weevil,PSEUDOSTEM WEEVIL,256,256,1118
images/pseudostem_weevil/j_0001_77.jpg,pseudostem_weevil,PSEUDOSTEM WEEVIL,256,256,1117
images/pseudostem_weevil/k_0001_135.jpg,pseudostem_weevil,PSEUDOSTEM WEEVIL,256,256,1163
images/pseudostem_weevil/h_0001_81.jpg,pseudostem_weevil,PSEUDOSTEM WEEVIL,256,256,1096
images/pseudostem_weevil/c_0001_68.jpg,pseudostem_weevil,PSEUDOSTEM WEEVIL,256,256,1062
images/pseudostem_weevil/c_0001_87.jpg,pseudostem_weevil,PSEUDOSTEM WEEVIL,256,256,1062
images/pseudostem_weevil/j_0001_98.jpg,pseudostem_weevil,PSEUDOSTEM WEEVIL,256,256,1104
images/pseudostem_weevil/e_0001_145.jpg,pseudostem_weevil,PSEUDOSTEM WEEVIL,256,256,1102
images/pseudostem_weevil/i_0001_300.jpg,pseudostem_weevil,PSEUDOSTEM WEEVIL,256,256,1359
images/pseudostem_weevil/a_164.jpg,pseudostem_weevil,PSEUDOSTEM WEEVIL,256,256,1321
images/pseudostem_weevil/g_0001_235.jpg,pseudostem_weevil,PSEUDOSTEM WEEVIL,256,256,1666
images/pseudostem_weevil/a_63.jpg,pseudostem_weevil,PSEUDOSTEM WEEVIL,256,256,1320
images/pseudostem_weevil/h_0001_323.jpg,pseudostem_weevil,PSEUDOSTEM WEEVIL,256,256,1104
images/pseudostem_weevil/b_0001_73.jpg,pseudostem_weevil,PSEUDOSTEM WEEVIL,256,256,1062
images/pseudostem_weevil/f_0001_1_94.jpg,pseudostem_weevil,PSEUDOSTEM WEEVIL,256,256,1064
images/pseudostem_weevil/h_0001_289.jpg,pseudostem_weevil,PSEUDOSTEM WEEVIL,256,256,1253
images/pseudostem_weevil/e_0001_24.jpg,pseudostem_weevil,PSEUDOSTEM WEEVIL,256,256,1125
images/pseudostem_weevil/d_0001_166.jpg,pseudostem_weevil,PSEUDOSTEM WEEVIL,256,256,1062
images/pseudostem_weevil/j_0001_116.jpg,pseudostem_weevil,PSEUDOSTEM WEEVIL,256,256,1064
images/pseudostem_weevil/b_0001_105.jpg,pseudostem_weevil,PSEUDOSTEM WEEVIL,256,256,1062
images/pseudostem_weevil/i_0001_75.jpg,pseudostem_weevil,PSEUDOSTEM WEEVIL,256,256,1764
images/pseudostem_weevil/k_0001_83.jpg,pseudostem_weevil,PSEUDOSTEM WEEVIL,256,256,1675
images/pseudostem_weevil/h_0001_266.jpg,pseudostem_weevil,PSEUDOSTEM WEEVIL,256,256,1123
images/pseudostem_weevil/j_0001_20.jpg,pseudostem_weevil,PSEUDOSTEM WEEVIL,256,256,1065
images/pseudostem_weevil/k_0001_162.jpg,pseudostem_weevil,PSEUDOSTEM WEEVIL,256,256,1315
images/pseudostem_weevil/d_0001_68.jpg,pseudostem_weevil,PSEUDOSTEM WEEVIL,256,256,1062
images/pseudostem_weevil/i_0001_212.jpg,pseudostem_weevil,PSEUDOSTEM WEEVIL,256,256,1462
images/pseudostem_weevil/g_0001_262.jpg,pseudostem_weevil,PSEUDOSTEM WEEVIL,256,256,1264
images/pseudostem_weevil/a_133.jpg,pseudostem_weevil,PSEUDOSTEM WEEVIL,256,256,1765
images/pseudostem_weevil/d_0001_87.jpg,pseudostem_weevil,PSEUDOSTEM WEEVIL,256,256,1062
images/pseudostem_weevil/e_0001_112.jpg,pseudostem_weevil,PSEUDOSTEM WEEVIL,256,256,1400
images/pseudostem_weevil/h_0001_39.jpg,pseudostem_weevil,PSEUDOSTEM WEEVIL,256,256,1091
images/pseudostem_weevil/d_0001_170.jpg,pseudostem_weevil,PSEUDOSTEM WEEVIL,256,256,1062
images/pseudostem_weevil/e_0001_32.jpg,pseudostem_weevil,PSEUDOSTEM WEEVIL,256,256,1062
images/pseudostem_weevil/f_0001_1_82.jpg,pseudostem_weevil,PSEUDOSTEM WEEVIL,256,256,1104
images/pseudostem_weevil/h_0001_335.jpg,pseudostem_weevil,PSEUDOSTEM WEEVIL,256,256,1104
images/pseudostem_weevil/b_0001_65.jpg,pseudostem_weevil,PSEUDOSTEM WEEVIL,256,256,1062
images/pseudostem_weevil/a_75.jpg,pseudostem_weevil,PSEUDOSTEM WEEVIL,256,256,1143
images/pseudostem_weevil/h_0001_270.jpg,pseudostem_weevil,PSEUDOSTEM WEEVIL,256,256,1766
images/pseudostem_weevil/k_0001_95.jpg,pseudostem_weevil,PSEUDOSTEM WEEVIL,256,256,1767
images/pseudostem_weevil/i_0001_63.jpg,pseudostem_weevil,PSEUDOSTEM WEEVIL,256,256,1140
images/pseudostem_weevil/b_0001_113.jpg,pseudostem_weevil,PSEUDOSTEM WEEVIL,256,256,1062
images/pseudostem_weevil/j_0001_100.jpg,pseudostem_weevil,PSEUDOSTEM WEEVIL,256,256,1104
images/pseudostem_weevil/i_0001_204.jpg,pseudostem_weevil,PSEUDOSTEM WEEVIL,256,256,1768
images/pseudostem_weevil/h_0001_159.jpg,pseudostem_weevil,PSEUDOSTEM WEEVIL,256,256,1613
images/pseudostem_weevil/j_0001_4.jpg,pseudostem_weevil,PSEUDOSTEM WEEVIL,256,256,1065
images/pseudostem_weevil/j_0001_229.jpg,pseudostem_weevil,PSEUDOSTEM WEEVIL,256,256,1769
images/pseudostem_weevil/k_0001_174.jpg,pseudostem_weevil,PSEUDOSTEM WEEVIL,256,256,1770
images/pseudostem_weevil/j_0001_36.jpg,pseudostem_weevil,PSEUDOSTEM WEEVIL,256,256,1303
images/pseudostem_weevil/c_0001_29.jpg,pseudostem_weevil,PSEUDOSTEM WEEVIL,256,256,1062
images/pseudostem_weevil/e_0001_104.jpg,pseudostem_weevil,PSEUDOSTEM WEEVIL,256,256,1582
images/pseudostem_weevil/d_0001_91.jpg,pseudostem_weevil,PSEUDOSTEM WEEVIL,256,256,1062
images/pseudostem_weevil/a_125.jpg,pseudostem_weevil,PSEUDOSTEM WEEVIL,256,256,1131
images/pseudostem_weevil/h_0001_362.jpg,pseudostem_weevil,PSEUDOSTEM WEEVIL,256,256,1156
images/pseudostem_weevil/b_0001_32.jpg,pseudostem_weevil,PSEUDOSTEM WEEVIL,256,256,1062
images/pseudostem_weevil/a_22.jpg,pseudostem_weevil,PSEUDOSTEM WEEVIL,256,256,1109
images/pseudostem_weevil/i_0001_195.jpg,pseudostem_weevil,PSEUDOSTEM WEEVIL,256,256,1624
images/pseudostem_weevil/g_0001_93.jpg,pseudostem_weevil,PSEUDOSTEM WEEVIL,256,256,1422
images/pseudostem_weevil/e_0001_65.jpg,pseudostem_weevil,PSEUDOSTEM WEEVIL,256,256,1115
images/pseudostem_weevil/d_0001_127.jpg,pseudostem_weevil,PSEUDOSTEM WEEVIL,256,256,1062
images/pseudostem_weevil/e_0001_295.jpg,pseudostem_weevil,PSEUDOSTEM WEEVIL,256,256,1065
images/pseudostem_weevil/j_0001_157.jpg,pseudostem_weevil,PSEUDOSTEM WEEVIL,256,256,1073
images/pseudostem_weevil/i_0001_34.jpg,pseudostem_weevil,PSEUDOSTEM WEEVIL,256,256,1150
images/pseudostem_weevil/h_0001_227.jpg,pseudostem_weevil,PSEUDOSTEM WEEVIL,256,256,1236
images/pseudostem_weevil/h_0001_97.jpg,pseudostem_weevil,PSEUDOSTEM WEEVIL,256,256,1061
images/pseudostem_weevil/k_0001_123.jpg,pseudostem_weevil,PSEUDOSTEM WEEVIL,256,256,1771
images/pseudostem_weevil/j_0001_61.jpg,pseudostem_weevil,PSEUDOSTEM WEEVIL,256,256,1090
images/pseudostem_weevil/d_0001_29.jpg,pseudostem_weevil,PSEUDOSTEM WEEVIL,256,256,1062
images/pseudostem_weevil/i_0001_253.jpg,pseudostem_weevil,PSEUDOSTEM WEEVIL,256,256,1118
images/pseudostem_weevil/g_0001_223.jpg,pseudostem_weevil,PSEUDOSTEM WEEVIL,256,256,1500
images/pseudostem_weevil/a_172.jpg,pseudostem_weevil,PSEUDOSTEM WEEVIL,256,256,1114
images/pseudostem_weevil/c_0001_8.jpg,pseudostem_weevil,PSEUDOSTEM WEEVIL,256,256,1062
images/pseudostem_weevil/e_0001_153.jpg,pseudostem_weevil,PSEUDOSTEM WEEVIL,256,256,1102
images/pseudostem_weevil/h_0001_78.jpg,pseudostem_weevil,PSEUDOSTEM WEEVIL,256,256,1096
images/pseudostem_weevil/c_0001_91.jpg,pseudostem_weevil,PSEUDOSTEM WEEVIL,256,256,1062
images/banana_fruit_scarring_beetle/fruit_scarring_beetle_0001_69.jpg,banana_fruit_scarring_beetle,BANANA FRUIT- SCARRING BEETLE,256,256,1772
images/banana_fruit_scarring_beetle/fruit_scarring_beetle_0001_86.jpg,banana_fruit_scarring_beetle,BANANA FRUIT- SCARRING BEETLE,256,256,1773
images/banana_fruit_scarring_beetle/fruit_scarring_beetle_0001_138.jpg,banana_fruit_scarring_beetle,BANANA FRUIT- SCARRING BEETLE,256,256,1774
images/banana_fruit_scarring_beetle/fruit_scarring_beetle_0001_28.jpg,banana_fruit_scarring_beetle,BANANA FRUIT- SCARRING BEETLE,256,256,1775
images/banana_fruit_scarring_beetle/fruit_scarring_beetle_0001_90.jpg,banana_fruit_scarring_beetle,BANANA FRUIT- SCARRING BEETLE,256,256,1776
images/banana_fruit_scarring_beetle/fruit_scarring_beetle_0001_102.jpg,banana_fruit_scarring_beetle,BANANA FRUIT- SCARRING BEETLE,256,256,1777
images/banana_fruit_scarring_beetle/fruit_scarring_beetle_0001_53.jpg,banana_fruit_scarring_beetle,BANANA FRUIT- SCARRING BEETLE,256,256,1778
images/banana_fruit_scarring_beetle/fruit_scarring_beetle_0001_114.jpg,banana_fruit_scarring_beetle,BANANA FRUIT- SCARRING BEETLE,256,256,1779
images/banana_fruit_scarring_beetle/fruit_scarring_beetle_0001_45.jpg,banana_fruit_scarring_beetle,BANANA FRUIT- SCARRING BEETLE,256,256,1780
images/banana_fruit_scarring_beetle/fruit_scarring_beetle_0001_7.jpg,banana_fruit_scarring_beetle,BANANA FRUIT- SCARRING BEETLE,256,256,1781
images/banana_fruit_scarring_beetle/fruit_scarring_beetle_0001_143.jpg,banana_fruit_scarring_beetle,BANANA FRUIT- SCARRING BEETLE,256,256,1782
images/banana_fruit_scarring_beetle/fruit_scarring_beetle_0001_12.jpg,banana_fruit_scarring_beetle,BANANA FRUIT- SCARRING BEETLE,256,256,1783
images/banana_fruit_scarring_beetle/fruit_scarring_beetle_0001_65.jpg,banana_fruit_scarring_beetle,BANANA FRUIT- SCARRING BEETLE,256,256,1772
images/banana_fruit_scarring_beetle/fruit_scarring_beetle_0001_134.jpg,banana_fruit_scarring_beetle,BANANA FRUIT- SCARRING BEETLE,256,256,1784
images/banana_fruit_scarring_beetle/fruit_scarring_beetle_0001_32.jpg,banana_fruit_scarring_beetle,BANANA FRUIT- SCARRING BEETLE,256,256,1785
images/banana_fruit_scarring_beetle/fruit_scarring_beetle_0001_24.jpg,banana_fruit_scarring_beetle,BANANA FRUIT- SCARRING BEETLE,256,256,1772
images/banana_fruit_scarring_beetle/fruit_scarring_beetle_0001_73.jpg,banana_fruit_scarring_beetle,BANANA FRUIT- SCARRING BEETLE,256,256,1781
images/banana_fruit_scarring_beetle/fruit_scarring_beetle_0001_122.jpg,banana_fruit_scarring_beetle,BANANA FRUIT- SCARRING BEETLE,256,256,1775
images/banana_fruit_scarring_beetle/fruit_scarring_beetle_0001_118.jpg,banana_fruit_scarring_beetle,BANANA FRUIT- SCARRING BEETLE,256,256,1772
images/banana_fruit_scarring_beetle/fruit_scarring_beetle_0001_49.jpg,banana_fruit_scarring_beetle,BANANA FRUIT- SCARRING BEETLE,256,256,1786
images/banana_fruit_scarring_beetle/fruit_scarring_beetle_0001_119.jpg,banana_fruit_scarring_beetle,BANANA FRUIT- SCARRING BEETLE,256,256,1787
images/banana_fruit_scarring_beetle/fruit_scarring_beetle_0001_48.jpg,banana_fruit_scarring_beetle,BANANA FRUIT- SCARRING BEETLE,256,256,1788
images/banana_fruit_scarring_beetle/fruit_scarring_beetle_0001_72.jpg,banana_fruit_scarring_beetle,BANANA FRUIT- SCARRING BEETLE,256,256,1789
images/banana_fruit_scarring_beetle/fruit_scarring_beetle_0001_123.jpg,banana_fruit_scarring_beetle,BANANA FRUIT- SCARRING BEETLE,256,256,1790
images/banana_fruit_scarring_beetle/fruit_scarring_beetle_0001_25.jpg,banana_fruit_scarring_beetle,BANANA FRUIT- SCARRING BEETLE,256,256,1787
images/banana_fruit_scarring_beetle/fruit_scarring_beetle_0001_33.jpg,banana_fruit_scarring_beetle,BANANA FRUIT- SCARRING BEETLE,256,256,1785
images/banana_fruit_scarring_beetle/fruit_scarring_beetle_0001_64.jpg,banana_fruit_scarring_beetle,BANANA FRUIT- SCARRING BEETLE,256,256,1772
images/banana_fruit_scarring_beetle/fruit_scarring_beetle_0001_135.jpg,banana_fruit_scarring_beetle,BANANA FRUIT- SCARRING BEETLE,256,256,1791
images/banana_fruit_scarring_beetle/fruit_scarring_beetle_0001_142.jpg,banana_fruit_scarring_beetle,BANANA FRUIT- SCARRING BEETLE,256,256,1792
images/banana_fruit_scarring_beetle/fruit_scarring_beetle_0001_13.jpg,banana_fruit_scarring_beetle,BANANA FRUIT- SCARRING BEETLE,256,256,1772
images/banana_fruit_scarring_beetle/fruit_scarring_beetle_0001_6.jpg,banana_fruit_scarring_beetle,BANANA FRUIT- SCARRING BEETLE,256,256,1789
images/banana_fruit_scarring_beetle/fruit_scarring_beetle_0001_115.jpg,banana_fruit_scarring_beetle,BANANA FRUIT- SCARRING BEETLE,256,256,1793
images/banana_fruit_scarring_beetle/fruit_scarring_beetle_0001_44.jpg,banana_fruit_scarring_beetle,BANANA FRUIT- SCARRING BEETLE,256,256,1794
images/banana_fruit_scarring_beetle/fruit_scarring_beetle_0001_103.jpg,banana_fruit_scarring_beetle,BANANA FRUIT- SCARRING BEETLE,256,256,1783
images/banana_fruit_scarring_beetle/fruit_scarring_beetle_0001_52.jpg,banana_fruit_scarring_beetle,BANANA FRUIT- SCARRING BEETLE,256,256,1778
images/banana_fruit_scarring_beetle/fruit_scarring_beetle_0001_91.jpg,banana_fruit_scarring_beetle,BANANA FRUIT- SCARRING BEETLE,256,256,1787
images/banana_fruit_scarring_beetle/fruit_scarring_beetle_0001_29.jpg,banana_fruit_scarring_beetle,BANANA FRUIT- SCARRING BEETLE,256,256,1795
images/banana_fruit_scarring_beetle/fruit_scarring_beetle_0001_68.jpg,banana_fruit_scarring_beetle,BANANA FRUIT- SCARRING BEETLE,256,256,1772
images/banana_fruit_scarring_beetle/fruit_scarring_beetle_0001_87.jpg,banana_fruit_scarring_beetle,BANANA FRUIT- SCARRING BEETLE,256,256,1779
images/banana_fruit_scarring_beetle/fruit_scarring_beetle_0001_139.jpg,banana_fruit_scarring_beetle,BANANA FRUIT- SCARRING BEETLE,256,256,1796
images/banana_fruit_scarring_beetle/fruit_scarring_beetle_0001_63.jpg,banana_fruit_scarring_beetle,BANANA FRUIT- SCARRING BEETLE,256,256,1772
images/banana_fruit_scarring_beetle/fruit_scarring_beetle_0001_132.jpg,banana_fruit_scarring_beetle,BANANA FRUIT- SCARRING BEETLE,256,256,1797
images/banana_fruit_scarring_beetle/fruit_scarring_beetle_0001_34.jpg,banana_fruit_scarring_beetle,BANANA FRUIT- SCARRING BEETLE,256,256,1785
images/banana_fruit_scarring_beetle/fruit_scarring_beetle_0001_22.jpg,banana_fruit_scarring_beetle,BANANA FRUIT- SCARRING BEETLE,256,256,1798
images/banana_fruit_scarring_beetle/fruit_scarring_beetle_0001_75.jpg,banana_fruit_scarring_beetle,BANANA FRUIT- SCARRING BEETLE,256,256,1789
images/banana_fruit_scarring_beetle/fruit_scarring_beetle_0001_124.jpg,banana_fruit_scarring_beetle,BANANA FRUIT- SCARRING BEETLE,256,256,1799
images/banana_fruit_scarring_beetle/fruit_scarring_beetle_0001_108.jpg,banana_fruit_scarring_beetle,BANANA FRUIT- SCARRING BEETLE,256,256,1800
images/banana_fruit_scarring_beetle/fruit_scarring_beetle_0001_59.jpg,banana_fruit_scarring_beetle,BANANA FRUIT- SCARRING BEETLE,256,256,1772
images/banana_fruit_scarring_beetle/fruit_scarring_beetle_0001_149.jpg,banana_fruit_scarring_beetle,BANANA FRUIT- SCARRING BEETLE,256,256,1801
images/banana_fruit_scarring_beetle/fruit_scarring_beetle_0001_18.jpg,banana_fruit_scarring_beetle,BANANA FRUIT- SCARRING BEETLE,256,256,1802
images/banana_fruit_scarring_beetle/fruit_scarring_beetle_0001_80.jpg,banana_fruit_scarring_beetle,BANANA FRUIT- SCARRING BEETLE,256,256,1803
images/banana_fruit_scarring_beetle/fruit_scarring_beetle_0001_38.jpg,banana_fruit_scarring_beetle,BANANA FRUIT- SCARRING BEETLE,256,256,1804
images/banana_fruit_scarring_beetle/fruit_scarring_beetle_0001_79.jpg,banana_fruit_scarring_beetle,BANANA FRUIT- SCARRING BEETLE,256,256,1805
images/banana_fruit_scarring_beetle/fruit_scarring_beetle_0001_96.jpg,banana_fruit_scarring_beetle,BANANA FRUIT- SCARRING BEETLE,256,256,1772
images/banana_fruit_scarring_beetle/fruit_scarring_beetle_0001_128.jpg,banana_fruit_scarring_beetle,BANANA FRUIT- SCARRING BEETLE,256,256,1806
images/banana_fruit_scarring_beetle/fruit_scarring_beetle_0001_104.jpg,banana_fruit_scarring_beetle,BANANA FRUIT- SCARRING BEETLE,256,256,1807
images/banana_fruit_scarring_beetle/fruit_scarring_beetle_0001_55.jpg,banana_fruit_scarring_beetle,BANANA FRUIT- SCARRING BEETLE,256,256,1808
images/banana_fruit_scarring_beetle/fruit_scarring_beetle_0001_112.jpg,banana_fruit_scarring_beetle,BANANA FRUIT- SCARRING BEETLE,256,256,1773
images/banana_fruit_scarring_beetle/fruit_scarring_beetle_0001_43.jpg,banana_fruit_scarring_beetle,BANANA FRUIT- SCARRING BEETLE,256,256,1809
images/banana_fruit_scarring_beetle/fruit_scarring_beetle_0001_1.jpg,banana_fruit_scarring_beetle,BANANA FRUIT- SCARRING BEETLE,256,256,1772
images/banana_fruit_scarring_beetle/fruit_scarring_beetle_0001_145.jpg,banana_fruit_scarring_beetle,BANANA FRUIT- SCARRING BEETLE,256,256,1810
images/banana_fruit_scarring_beetle/fruit_scarring_beetle_0001_14.jpg,banana_fruit_scarring_beetle,BANANA FRUIT- SCARRING BEETLE,256,256,1783
images/banana_fruit_scarring_beetle/fruit_scarring_beetle_0001_144.jpg,banana_fruit_scarring_beetle,BANANA FRUIT- SCARRING BEETLE,256,256,1811
images/banana_fruit_scarring_beetle/fruit_scarring_beetle_0001_15.jpg,banana_fruit_scarring_beetle,BANANA FRUIT- SCARRING BEETLE,256,256,1783
images/banana_fruit_scarring_beetle/fruit_scarring_beetle_0001_113.jpg,banana_fruit_scarring_beetle,BANANA FRUIT- SCARRING BEETLE,256,256,1773
images/banana_fruit_scarring_beetle/fruit_scarring_beetle_0001_42.jpg,banana_fruit_scarring_beetle,BANANA FRUIT- SCARRING BEETLE,256,256,1809
images/banana_fruit_scarring_beetle/fruit_scarring_beetle_0001_105.jpg,banana_fruit_scarring_beetle,BANANA FRUIT- SCARRING BEETLE,256,256,1783
images/banana_fruit_scarring_beetle/fruit_scarring_beetle_0001_54.jpg,banana_fruit_scarring_beetle,BANANA FRUIT- SCARRING BEETLE,256,256,1778
images/banana_fruit_scarring_beetle/fruit_scarring_beetle_0001_78.jpg,banana_fruit_scarring_beetle,BANANA FRUIT- SCARRING BEETLE,256,256,1783
images/banana_fruit_scarring_beetle/fruit_scarring_beetle_0001_97.jpg,banana_fruit_scarring_beetle,BANANA FRUIT- SCARRING BEETLE,256,256,1799
images/banana_fruit_scarring_beetle/fruit_scarring_beetle_0001_129.jpg,banana_fruit_scarring_beetle,BANANA FRUIT- SCARRING BEETLE,256,256,1772
images/banana_fruit_scarring_beetle/fruit_scarring_beetle_0001_39.jpg,banana_fruit_scarring_beetle,BANANA FRUIT- SCARRING BEETLE,256,256,1812
images/banana_fruit_scarring_beetle/fruit_scarring_beetle_0001_81.jpg,banana_fruit_scarring_beetle,BANANA FRUIT- SCARRING BEETLE,256,256,1805
images/banana_fruit_scarring_beetle/fruit_scarring_beetle_0001_148.jpg,banana_fruit_scarring_beetle,BANANA FRUIT- SCARRING BEETLE,256,256,1810
images/banana_fruit_scarring_beetle/fruit_scarring_beetle_0001_19.jpg,banana_fruit_scarring_beetle,BANANA FRUIT- SCARRING BEETLE,256,256,1802
images/banana_fruit_scarring_beetle/fruit_scarring_beetle_0001_109.jpg,banana_fruit_scarring_beetle,BANANA FRUIT- SCARRING BEETLE,256,256,1805
images/banana_fruit_scarring_beetle/fruit_scarring_beetle_0001_58.jpg,banana_fruit_scarring_beetle,BANANA FRUIT- SCARRING BEETLE,256,256,1813
images/banana_fruit_scarring_beetle/fruit_scarring_beetle_0001_74.jpg,banana_fruit_scarring_beetle,BANANA FRUIT- SCARRING BEETLE,256,256,1772
images/banana_fruit_scarring_beetle/fruit_scarring_beetle_0001_125.jpg,banana_fruit_scarring_beetle,BANANA FRUIT- SCARRING BEETLE,256,256,1806
images/banana_fruit_scarring_beetle/fruit_scarring_beetle_0001_23.jpg,banana_fruit_scarring_beetle,BANANA FRUIT- SCARRING BEETLE,256,256,1776
images/banana_fruit_scarring_beetle/fruit_scarring_beetle_0001_35.jpg,banana_fruit_scarring_beetle,BANANA FRUIT- SCARRING BEETLE,256,256,1772
images/banana_fruit_scarring_beetle/fruit_scarring_beetle_0001_62.jpg,banana_fruit_scarring_beetle,BANANA FRUIT- SCARRING BEETLE,256,256,1772
images/banana_fruit_scarring_beetle/fruit_scarring_beetle_0001_133.jpg,banana_fruit_scarring_beetle,BANANA FRUIT- SCARRING BEETLE,256,256,1797
images/banana_fruit_scarring_beetle/fruit_scarring_beetle_0001_98.jpg,banana_fruit_scarring_beetle,BANANA FRUIT- SCARRING BEETLE,256,256,1814
images/banana_fruit_scarring_beetle/fruit_scarring_beetle_0001_126.jpg,banana_fruit_scarring_beetle,BANANA FRUIT- SCARRING BEETLE,256,256,1806
images/banana_fruit_scarring_beetle/fruit_scarring_beetle_0001_77.jpg,banana_fruit_scarring_beetle,BANANA FRUIT- SCARRING BEETLE,256,256,1783
images/banana_fruit_scarring_beetle/fruit_scarring_beetle_0001_20.jpg,banana_fruit_scarring_beetle,BANANA FRUIT- SCARRING BEETLE,256,256,1815
images/banana_fruit_scarring_beetle/fruit_scarring_beetle_0001_36.jpg,banana_fruit_scarring_beetle,BANANA FRUIT- SCARRING BEETLE,256,256,1785
images/banana_fruit_scarring_beetle/fruit_scarring_beetle_0001_130.jpg,banana_fruit_scarring_beetle,BANANA FRUIT- SCARRING BEETLE,256,256,1816
images/banana_fruit_scarring_beetle/fruit_scarring_beetle_0001_61.jpg,banana_fruit_scarring_beetle,BANANA FRUIT- SCARRING BEETLE,256,256,1772
images/banana_fruit_scarring_beetle/fruit_scarring_beetle_0001_16.jpg,banana_fruit_scarring_beetle,BANANA FRUIT- SCARRING BEETLE,256,256,1783
images/banana_fruit_scarring_beetle/fruit_scarring_beetle_0001_147.jpg,banana_fruit_scarring_beetle,BANANA FRUIT- SCARRING BEETLE,256,256,1810
images/banana_fruit_scarring_beetle/fruit_scarring_beetle_0001_3.jpg,banana_fruit_scarring_beetle,BANANA FRUIT- SCARRING BEETLE,256,256,1817
images/banana_fruit_scarring_beetle/fruit_scarring_beetle_0001_41.jpg,banana_fruit_scarring_beetle,BANANA FRUIT- SCARRING BEETLE,256,256,1809
images/banana_fruit_scarring_beetle/fruit_scarring_beetle_0001_110.jpg,banana_fruit_scarring_beetle,BANANA FRUIT- SCARRING BEETLE,256,256,1805
images/banana_fruit_scarring_beetle/fruit_scarring_beetle_0001_57.jpg,banana_fruit_scarring_beetle,BANANA FRUIT- SCARRING BEETLE,256,256,1772
images/banana_fruit_scarring_beetle/fruit_scarring_beetle_0001_106.jpg,banana_fruit_scarring_beetle,BANANA FRUIT- SCARRING BEETLE,256,256,1805
images/banana_fruit_scarring_beetle/fruit_scarring_beetle_0001_94.jpg,banana_fruit_scarring_beetle,BANANA FRUIT- SCARRING BEETLE,256,256,1775
images/banana_fruit_scarring_beetle/fruit_scarring_beetle_0001_82.jpg,banana_fruit_scarring_beetle,BANANA FRUIT- SCARRING BEETLE,256,256,1805
images/banana_fruit_scarring_beetle/fruit_scarring_beetle_0001_83.jpg,banana_fruit_scarring_beetle,BANANA FRUIT- SCARRING BEETLE,256,256,1818
images/banana_fruit_scarring_beetle/fruit_scarring_beetle_0001_95.jpg,banana_fruit_scarring_beetle,BANANA FRUIT- SCARRING BEETLE,256,256,1790
images/banana_fruit_scarring_beetle/fruit_scarring_beetle_0001_150.jpg,banana_fruit_scarring_beetle,BANANA FRUIT- SCARRING BEETLE,256,256,1819
images/banana_fruit_scarring_beetle/fruit_scarring_beetle_0001_56.jpg,banana_fruit_scarring_beetle,BANANA FRUIT- SCARRING BEETLE,256,256,1820
images/banana_fruit_scarring_beetle/fruit_scarring_beetle_0001_107.jpg,banana_fruit_scarring_beetle,BANANA FRUIT- SCARRING BEETLE,256,256,1772
images/banana_fruit_scarring_beetle/fruit_scarring_beetle_0001_40.jpg,banana_fruit_scarring_beetle,BANANA FRUIT- SCARRING BEETLE,256,256,1809
images/banana_fruit_scarring_beetle/fruit_scarring_beetle_0001_111.jpg,banana_fruit_scarring_beetle,BANANA FRUIT- SCARRING BEETLE,256,256,1818
images/banana_fruit_scarring_beetle/fruit_scarring_beetle_0001_2.jpg,banana_fruit_scarring_beetle,BANANA FRUIT- SCARRING BEETLE,256,256,1772
images/banana_fruit_scarring_beetle/fruit_scarring_beetle_0001_17.jpg,banana_fruit_scarring_beetle,BANANA FRUIT- SCARRING BEETLE,256,256,1821
images/banana_fruit_scarring_beetle/fruit_scarring_beetle_0001_146.jpg,banana_fruit_scarring_beetle,BANANA FRUIT- SCARRING BEETLE,256,256,1822
images/banana_fruit_scarring_beetle/fruit_scarring_beetle_0001_131.jpg,banana_fruit_scarring_beetle,BANANA FRUIT- SCARRING BEETLE,256,256,1797
images/banana_fruit_scarring_beetle/fruit_scarring_beetle_0001_60.jpg,banana_fruit_scarring_beetle,BANANA FRUIT- SCARRING BEETLE,256,256,1772
images/banana_fruit_scarring_beetle/fruit_scarring_beetle_0001_37.jpg,banana_fruit_scarring_beetle,BANANA FRUIT- SCARRING BEETLE,256,256,1823
images/banana_fruit_scarring_beetle/fruit_scarring_beetle_0001_21.jpg,banana_fruit_scarring_beetle,BANANA FRUIT- SCARRING BEETLE,256,256,1824
images/banana_fruit_scarring_beetle/fruit_scarring_beetle_0001_99.jpg,banana_fruit_scarring_beetle,BANANA FRUIT- SCARRING BEETLE,256,256,1814
images/banana_fruit_scarring_beetle/fruit_scarring_beetle_0001_127.jpg,banana_fruit_scarring_beetle,BANANA FRUIT- SCARRING BEETLE,256,256,1816
images/banana_fruit_scarring_beetle/fruit_scarring_beetle_0001_76.jpg,banana_fruit_scarring_beetle,BANANA FRUIT- SCARRING BEETLE,256,256,1783
images/banana_fruit_scarring_beetle/fruit_scarring_beetle_0001_10.jpg,banana_fruit_scarring_beetle,BANANA FRUIT- SCARRING BEETLE,256,256,1783
images/banana_fruit_scarring_beetle/fruit_scarring_beetle_0001_141.jpg,banana_fruit_scarring_beetle,BANANA FRUIT- SCARRING BEETLE,256,256,1825
images/banana_fruit_scarring_beetle/fruit_scarring_beetle_0001_5.jpg,banana_fruit_scarring_beetle,BANANA FRUIT- SCARRING BEETLE,256,256,1781
images/banana_fruit_scarring_beetle/fruit_scarring_beetle_0001_47.jpg,banana_fruit_scarring_beetle,BANANA FRUIT- SCARRING BEETLE,256,256,1826
images/banana_fruit_scarring_beetle/fruit_scarring_beetle_0001_116.jpg,banana_fruit_scarring_beetle,BANANA FRUIT- SCARRING BEETLE,256,256,1827
images/banana_fruit_scarring_beetle/fruit_scarring_beetle_0001_51.jpg,banana_fruit_scarring_beetle,BANANA FRUIT- SCARRING BEETLE,256,256,1778
images/banana_fruit_scarring_beetle/fruit_scarring_beetle_0001_100.jpg,banana_fruit_scarring_beetle,BANANA FRUIT- SCARRING BEETLE,256,256,1777
images/banana_fruit_scarring_beetle/fruit_scarring_beetle_0001_92.jpg,banana_fruit_scarring_beetle,BANANA FRUIT- SCARRING BEETLE,256,256,1776
images/banana_fruit_scarring_beetle/fruit_scarring_beetle_0001_84.jpg,banana_fruit_scarring_beetle,BANANA FRUIT- SCARRING BEETLE,256,256,1773
images/banana_fruit_scarring_beetle/fruit_scarring_beetle_0001_9.jpg,banana_fruit_scarring_beetle,BANANA FRUIT- SCARRING BEETLE,256,256,1783
images/banana_fruit_scarring_beetle/fruit_scarring_beetle_0001_120.jpg,banana_fruit_scarring_beetle,BANANA FRUIT- SCARRING BEETLE,256,256,1776
images/banana_fruit_scarring_beetle/fruit_scarring_beetle_0001_71.jpg,banana_fruit_scarring_beetle,BANANA FRUIT- SCARRING BEETLE,256,256,1781
images/banana_fruit_scarring_beetle/fruit_scarring_beetle_0001_26.jpg,banana_fruit_scarring_beetle,BANANA FRUIT- SCARRING BEETLE,256,256,1828
images/banana_fruit_scarring_beetle/fruit_scarring_beetle_0001_30.jpg,banana_fruit_scarring_beetle,BANANA FRUIT- SCARRING BEETLE,256,256,1829
images/banana_fruit_scarring_beetle/fruit_scarring_beetle_0001_88.jpg,banana_fruit_scarring_beetle,BANANA FRUIT- SCARRING BEETLE,256,256,1793
images/banana_fruit_scarring_beetle/fruit_scarring_beetle_0001_136.jpg,banana_fruit_scarring_beetle,BANANA FRUIT- SCARRING BEETLE,256,256,1784
images/banana_fruit_scarring_beetle/fruit_scarring_beetle_0001_67.jpg,banana_fruit_scarring_beetle,BANANA FRUIT- SCARRING BEETLE,256,256,1772
images/banana_fruit_scarring_beetle/fruit_scarring_beetle_0001_89.jpg,banana_fruit_scarring_beetle,BANANA FRUIT- SCARRING BEETLE,256,256,1830
images/banana_fruit_scarring_beetle/fruit_scarring_beetle_0001_137.jpg,banana_fruit_scarring_beetle,BANANA FRUIT- SCARRING BEETLE,256,256,1784
images/banana_fruit_scarring_beetle/fruit_scarring_beetle_0001_66.jpg,banana_fruit_scarring_beetle,BANANA FRUIT- SCARRING BEETLE,256,256,1772
images/banana_fruit_scarring_beetle/fruit_scarring_beetle_0001_31.jpg,banana_fruit_scarring_beetle,BANANA FRUIT- SCARRING BEETLE,256,256,1785
images/banana_fruit_scarring_beetle/fruit_scarring_beetle_0001_27.jpg,banana_fruit_scarring_beetle,BANANA FRUIT- SCARRING BEETLE,256,256,1828
images/banana_fruit_scarring_beetle/fruit_scarring_beetle_0001_121.jpg,banana_fruit_scarring_beetle,BANANA FRUIT- SCARRING BEETLE,256,256,1776
images/banana_fruit_scarring_beetle/fruit_scarring_beetle_0001_70.jpg,banana_fruit_scarring_beetle,BANANA FRUIT- SCARRING BEETLE,256,256,1781
images/banana_fruit_scarring_beetle/fruit_scarring_beetle_0001_8.jpg,banana_fruit_scarring_beetle,BANANA FRUIT- SCARRING BEETLE,256,256,1789
images/banana_fruit_scarring_beetle/fruit_scarring_beetle_0001_85.jpg,banana_fruit_scarring_beetle,BANANA FRUIT- SCARRING BEETLE,256,256,1772
images/banana_fruit_scarring_beetle/fruit_scarring_beetle_0001_93.jpg,banana_fruit_scarring_beetle,BANANA FRUIT- SCARRING BEETLE,256,256,1776
images/banana_fruit_scarring_beetle/fruit_scarring_beetle_0001_50.jpg,banana_fruit_scarring_beetle,BANANA FRUIT- SCARRING BEETLE,256,256,1831
images/banana_fruit_scarring_beetle/fruit_scarring_beetle_0001_101.jpg,banana_fruit_scarring_beetle,BANANA FRUIT- SCARRING BEETLE,256,256,1814
images/banana_fruit_scarring_beetle/fruit_scarring_beetle_0001_46.jpg,banana_fruit_scarring_beetle,BANANA FRUIT- SCARRING BEETLE,256,256,1772
images/banana_fruit_scarring_beetle/fruit_scarring_beetle_0001_117.jpg,banana_fruit_scarring_beetle,BANANA FRUIT- SCARRING BEETLE,256,256,1776
images/banana_fruit_scarring_beetle/fruit_scarring_beetle_0001_4.jpg,banana_fruit_scarring_beetle,BANANA FRUIT- SCARRING BEETLE,256,256,1781
images/banana_fruit_scarring_beetle/fruit_scarring_beetle_0001_11.jpg,banana_fruit_scarring_beetle,BANANA FRUIT- SCARRING BEETLE,256,256,1783
images/banana_fruit_scarring_beetle/fruit_scarring_beetle_0001_140.jpg,banana_fruit_scarring_beetle,BANANA FRUIT- SCARRING BEETLE,256,256,1772
images/banana_aphids/banana_aphids_0001_343.jpg,banana_aphids,BANANA APHIDS,256,256,1832
images/banana_aphids/banana_aphids_0001_206.jpg,banana_aphids,BANANA APHIDS,256,256,1833
images/banana_aphids/banana_aphids_0001_178.jpg,banana_aphids,BANANA APHIDS,256,256,1834
images/banana_aphids/banana_aphids_0001_197.jpg,banana_aphids,BANANA APHIDS,256,256,1835
images/banana_aphids/banana_aphids_0001_314.jpg,banana_aphids,BANANA APHIDS,256,256,1836
images/banana_aphids/banana_aphids_0001_4.jpg,banana_aphids,BANANA APHIDS,256,256,1837
images/banana_aphids/banana_aphids_0001_19.jpg,banana_aphids,BANANA APHIDS,256,256,1838
images/banana_aphids/banana_aphids_0001_251.jpg,banana_aphids,BANANA APHIDS,256,256,1839
images/banana_aphids/banana_aphids_0001_181.jpg,banana_aphids,BANANA APHIDS,256,256,1840
images/banana_aphids/banana_aphids_0001_302.jpg,banana_aphids,BANANA APHIDS,256,256,1836
images/banana_aphids/banana_aphids_0001_247.jpg,banana_aphids,BANANA APHIDS,256,256,1841
images/banana_aphids/banana_aphids_0001_139.jpg,banana_aphids,BANANA APHIDS,256,256,1842
images/banana_aphids/banana_aphids_0001_355.jpg,banana_aphids,BANANA APHIDS,256,256,1843
images/banana_aphids/banana_aphids_0001_58.jpg,banana_aphids,BANANA APHIDS,256,256,1844
images/banana_aphids/banana_aphids_0001_210.jpg,banana_aphids,BANANA APHIDS,256,256,1835
images/banana_aphids/banana_aphids_0001_142.jpg,banana_aphids,BANANA APHIDS,256,256,1845
images/banana_aphids/banana_aphids_0001_23.jpg,banana_aphids,BANANA APHIDS,256,256,1846
images/banana_aphids/banana_aphids_0001_284.jpg,banana_aphids,BANANA APHIDS,256,256,1847
images/banana_aphids/banana_aphids_0001_115.jpg,banana_aphids,BANANA APHIDS,256,256,1839
images/banana_aphids/banana_aphids_0001_74.jpg,banana_aphids,BANANA APHIDS,256,256,1845
images/banana_aphids/banana_aphids_0001_103.jpg,banana_aphids,BANANA APHIDS,256,256,1848
images/banana_aphids/banana_aphids_0001_62.jpg,banana_aphids,BANANA APHIDS,256,256,1849
images/banana_aphids/banana_aphids_0001_154.jpg,banana_aphids,BANANA APHIDS,256,256,1850
images/banana_aphids/banana_aphids_0001_35.jpg,banana_aphids,BANANA APHIDS,256,256,1836
images/banana_aphids/banana_aphids_0001_292.jpg,banana_aphids,BANANA APHIDS,256,256,1851
images/banana_aphids/banana_aphids_0001_338.jpg,banana_aphids,BANANA APHIDS,256,256,1852
images/banana_aphids/banana_aphids_0001_42.jpg,banana_aphids,BANANA APHIDS,256,256,1853
images/banana_aphids/banana_aphids_0001_123.jpg,banana_aphids,BANANA APHIDS,256,256,1844
images/banana_aphids/banana_aphids_0001_8.jpg,banana_aphids,BANANA APHIDS,256,256,1854
images/banana_aphids/banana_aphids_0001_318.jpg,banana_aphids,BANANA APHIDS,256,256,1836
images/banana_aphids/banana_aphids_0001_15.jpg,banana_aphids,BANANA APHIDS,256,256,1855
images/banana_aphids/banana_aphids_0001_174.jpg,banana_aphids,BANANA APHIDS,256,256,1856
images/banana_aphids/banana_aphids_0001_162.jpg,banana_aphids,BANANA APHIDS,256,256,1857
images/banana_aphids/banana_aphids_0001_359.jpg,banana_aphids,BANANA APHIDS,256,256,1837
images/banana_aphids/banana_aphids_0001_54.jpg,banana_aphids,BANANA APHIDS,256,256,1839
images/banana_aphids/banana_aphids_0001_135.jpg,banana_aphids,BANANA APHIDS,256,256,1836
images/banana_aphids/banana_aphids_0001_267.jpg,banana_aphids,BANANA APHIDS,256,256,1858
images/banana_aphids/banana_aphids_0001_288.jpg,banana_aphids,BANANA APHIDS,256,256,1859
images/banana_aphids/banana_aphids_0001_322.jpg,banana_aphids,BANANA APHIDS,256,256,1836
images/banana_aphids/banana_aphids_0001_78.jpg,banana_aphids,BANANA APHIDS,256,256,1860
images/banana_aphids/banana_aphids_0001_230.jpg,banana_aphids,BANANA APHIDS,256,256,1861
images/banana_aphids/banana_aphids_0001_97.jpg,banana_aphids,BANANA APHIDS,256,256,1862
images/banana_aphids/banana_aphids_0001_119.jpg,banana_aphids,BANANA APHIDS,256,256,1839
images/banana_aphids/banana_aphids_0001_226.jpg,banana_aphids,BANANA APHIDS,256,256,1863
images/banana_aphids/banana_aphids_0001_81.jpg,banana_aphids,BANANA APHIDS,256,256,1864
images/banana_aphids/banana_aphids_0001_363.jpg,banana_aphids,BANANA APHIDS,256,256,1837
images/banana_aphids/banana_aphids_0001_39.jpg,banana_aphids,BANANA APHIDS,256,256,1848
images/banana_aphids/banana_aphids_0001_271.jpg,banana_aphids,BANANA APHIDS,256,256,1858
images/banana_aphids/banana_aphids_0001_334.jpg,banana_aphids,BANANA APHIDS,256,256,1836
images/banana_aphids/banana_aphids_0001_158.jpg,banana_aphids,BANANA APHIDS,256,256,1865
images/banana_aphids/banana_aphids_0001_159.jpg,banana_aphids,BANANA APHIDS,256,256,1865
images/banana_aphids/banana_aphids_0001_38.jpg,banana_aphids,BANANA APHIDS,256,256,1848
images/banana_aphids/banana_aphids_0001_270.jpg,banana_aphids,BANANA APHIDS,256,256,1858
images/banana_aphids/banana_aphids_0001_335.jpg,banana_aphids,BANANA APHIDS,256,256,1852
images/banana_aphids/banana_aphids_0001_227.jpg,banana_aphids,BANANA APHIDS,256,256,1863
images/banana_aphids/banana_aphids_0001_80.jpg,banana_aphids,BANANA APHIDS,256,256,1860
images/banana_aphids/banana_aphids_0001_362.jpg,banana_aphids,BANANA APHIDS,256,256,1837
images/banana_aphids/banana_aphids_0001_118.jpg,banana_aphids,BANANA APHIDS,256,256,1839
images/banana_aphids/banana_aphids_0001_79.jpg,banana_aphids,BANANA APHIDS,256,256,1836
images/banana_aphids/banana_aphids_0001_231.jpg,banana_aphids,BANANA APHIDS,256,256,1866
images/banana_aphids/banana_aphids_0001_96.jpg,banana_aphids,BANANA APHIDS,256,256,1867
images/banana_aphids/banana_aphids_0001_266.jpg,banana_aphids,BANANA APHIDS,256,256,1858
images/banana_aphids/banana_aphids_0001_289.jpg,banana_aphids,BANANA APHIDS,256,256,1868
images/banana_aphids/banana_aphids_0001_323.jpg,banana_aphids,BANANA APHIDS,256,256,1836
images/banana_aphids/banana_aphids_0001_134.jpg,banana_aphids,BANANA APHIDS,256,256,1849
images/banana_aphids/banana_aphids_0001_358.jpg,banana_aphids,BANANA APHIDS,256,256,1869
images/banana_aphids/banana_aphids_0001_55.jpg,banana_aphids,BANANA APHIDS,256,256,1844
images/banana_aphids/banana_aphids_0001_163.jpg,banana_aphids,BANANA APHIDS,256,256,1870
images/banana_aphids/banana_aphids_0001_175.jpg,banana_aphids,BANANA APHIDS,256,256,1856
images/banana_aphids/banana_aphids_0001_9.jpg,banana_aphids,BANANA APHIDS,256,256,1837
images/banana_aphids/banana_aphids_0001_319.jpg,banana_aphids,BANANA APHIDS,256,256,1836
images/banana_aphids/banana_aphids_0001_14.jpg,banana_aphids,BANANA APHIDS,256,256,1855
images/banana_aphids/banana_aphids_0001_122.jpg,banana_aphids,BANANA APHIDS,256,256,1839
images/banana_aphids/banana_aphids_0001_43.jpg,banana_aphids,BANANA APHIDS,256,256,1871
images/banana_aphids/banana_aphids_0001_34.jpg,banana_aphids,BANANA APHIDS,256,256,1848
images/banana_aphids/banana_aphids_0001_293.jpg,banana_aphids,BANANA APHIDS,256,256,1872
images/banana_aphids/banana_aphids_0001_339.jpg,banana_aphids,BANANA APHIDS,256,256,1873
images/banana_aphids/banana_aphids_0001_155.jpg,banana_aphids,BANANA APHIDS,256,256,1874
images/banana_aphids/banana_aphids_0001_63.jpg,banana_aphids,BANANA APHIDS,256,256,1849
images/banana_aphids/banana_aphids_0001_102.jpg,banana_aphids,BANANA APHIDS,256,256,1848
images/banana_aphids/banana_aphids_0001_75.jpg,banana_aphids,BANANA APHIDS,256,256,1849
images/banana_aphids/banana_aphids_0001_114.jpg,banana_aphids,BANANA APHIDS,256,256,1839
images/banana_aphids/banana_aphids_0001_22.jpg,banana_aphids,BANANA APHIDS,256,256,1875
images/banana_aphids/banana_aphids_0001_285.jpg,banana_aphids,BANANA APHIDS,256,256,1876
images/banana_aphids/banana_aphids_0001_143.jpg,banana_aphids,BANANA APHIDS,256,256,1849
images/banana_aphids/banana_aphids_0001_354.jpg,banana_aphids,BANANA APHIDS,256,256,1877
images/banana_aphids/banana_aphids_0001_59.jpg,banana_aphids,BANANA APHIDS,256,256,1844
images/banana_aphids/banana_aphids_0001_211.jpg,banana_aphids,BANANA APHIDS,256,256,1835
images/banana_aphids/banana_aphids_0001_138.jpg,banana_aphids,BANANA APHIDS,256,256,1860
images/banana_aphids/banana_aphids_0001_303.jpg,banana_aphids,BANANA APHIDS,256,256,1836
images/banana_aphids/banana_aphids_0001_246.jpg,banana_aphids,BANANA APHIDS,256,256,1836
images/banana_aphids/banana_aphids_0001_180.jpg,banana_aphids,BANANA APHIDS,256,256,1840
images/banana_aphids/banana_aphids_0001_315.jpg,banana_aphids,BANANA APHIDS,256,256,1836
images/banana_aphids/banana_aphids_0001_5.jpg,banana_aphids,BANANA APHIDS,256,256,1878
images/banana_aphids/banana_aphids_0001_18.jpg,banana_aphids,BANANA APHIDS,256,256,1879
images/banana_aphids/banana_aphids_0001_250.jpg,banana_aphids,BANANA APHIDS,256,256,1839
images/banana_aphids/banana_aphids_0001_179.jpg,banana_aphids,BANANA APHIDS,256,256,1836
images/banana_aphids/banana_aphids_0001_196.jpg,banana_aphids,BANANA APHIDS,256,256,1835
images/banana_aphids/banana_aphids_0001_342.jpg,banana_aphids,BANANA APHIDS,256,256,1880
images/banana_aphids/banana_aphids_0001_207.jpg,banana_aphids,BANANA APHIDS,256,256,1881
images/banana_aphids/banana_aphids_0001_349.jpg,banana_aphids,BANANA APHIDS,256,256,1882
images/banana_aphids/banana_aphids_0001_44.jpg,banana_aphids,BANANA APHIDS,256,256,1839
images/banana_aphids/banana_aphids_0001_125.jpg,banana_aphids,BANANA APHIDS,256,256,1839
images/banana_aphids/banana_aphids_0001_13.jpg,banana_aphids,BANANA APHIDS,256,256,1836
images/banana_aphids/banana_aphids_0001_172.jpg,banana_aphids,BANANA APHIDS,256,256,1856
images/banana_aphids/banana_aphids_0001_308.jpg,banana_aphids,BANANA APHIDS,256,256,1836
images/banana_aphids/banana_aphids_0001_164.jpg,banana_aphids,BANANA APHIDS,256,256,1883
images/banana_aphids/banana_aphids_0001_52.jpg,banana_aphids,BANANA APHIDS,256,256,1884
images/banana_aphids/banana_aphids_0001_133.jpg,banana_aphids,BANANA APHIDS,256,256,1849
images/banana_aphids/banana_aphids_0001_29.jpg,banana_aphids,BANANA APHIDS,256,256,1867
images/banana_aphids/banana_aphids_0001_261.jpg,banana_aphids,BANANA APHIDS,256,256,1839
images/banana_aphids/banana_aphids_0001_324.jpg,banana_aphids,BANANA APHIDS,256,256,1836
images/banana_aphids/banana_aphids_0001_148.jpg,banana_aphids,BANANA APHIDS,256,256,1860
images/banana_aphids/banana_aphids_0001_236.jpg,banana_aphids,BANANA APHIDS,256,256,1885
images/banana_aphids/banana_aphids_0001_91.jpg,banana_aphids,BANANA APHIDS,256,256,1865
images/banana_aphids/banana_aphids_0001_68.jpg,banana_aphids,BANANA APHIDS,256,256,1836
images/banana_aphids/banana_aphids_0001_220.jpg,banana_aphids,BANANA APHIDS,256,256,1886
images/banana_aphids/banana_aphids_0001_365.jpg,banana_aphids,BANANA APHIDS,256,256,1837
images/banana_aphids/banana_aphids_0001_87.jpg,banana_aphids,BANANA APHIDS,256,256,1887
images/banana_aphids/banana_aphids_0001_109.jpg,banana_aphids,BANANA APHIDS,256,256,1888
images/banana_aphids/banana_aphids_0001_277.jpg,banana_aphids,BANANA APHIDS,256,256,1889
images/banana_aphids/banana_aphids_0001_332.jpg,banana_aphids,BANANA APHIDS,256,256,1852
images/banana_aphids/banana_aphids_0001_298.jpg,banana_aphids,BANANA APHIDS,256,256,1836
images/banana_aphids/banana_aphids_0001_129.jpg,banana_aphids,BANANA APHIDS,256,256,1849
images/banana_aphids/banana_aphids_0001_345.jpg,banana_aphids,BANANA APHIDS,256,256,1836
images/banana_aphids/banana_aphids_0001_48.jpg,banana_aphids,BANANA APHIDS,256,256,1839
images/banana_aphids/banana_aphids_0001_200.jpg,banana_aphids,BANANA APHIDS,256,256,1835
images/banana_aphids/banana_aphids_0001_191.jpg,banana_aphids,BANANA APHIDS,256,256,1890
images/banana_aphids/banana_aphids_0001_2.jpg,banana_aphids,BANANA APHIDS,256,256,1836
images/banana_aphids/banana_aphids_0001_312.jpg,banana_aphids,BANANA APHIDS,256,256,1836
images/banana_aphids/banana_aphids_0001_257.jpg,banana_aphids,BANANA APHIDS,256,256,1836
images/banana_aphids/banana_aphids_0001_168.jpg,banana_aphids,BANANA APHIDS,256,256,1836
images/banana_aphids/banana_aphids_0001_187.jpg,banana_aphids,BANANA APHIDS,256,256,1891
images/banana_aphids/banana_aphids_0001_304.jpg,banana_aphids,BANANA APHIDS,256,256,1836
images/banana_aphids/banana_aphids_0001_241.jpg,banana_aphids,BANANA APHIDS,256,256,1892
images/banana_aphids/banana_aphids_0001_353.jpg,banana_aphids,BANANA APHIDS,256,256,1893
images/banana_aphids/banana_aphids_0001_216.jpg,banana_aphids,BANANA APHIDS,256,256,1894
images/banana_aphids/banana_aphids_0001_144.jpg,banana_aphids,BANANA APHIDS,256,256,1849
images/banana_aphids/banana_aphids_0001_25.jpg,banana_aphids,BANANA APHIDS,256,256,1895
images/banana_aphids/banana_aphids_0001_328.jpg,banana_aphids,BANANA APHIDS,256,256,1852
images/banana_aphids/banana_aphids_0001_282.jpg,banana_aphids,BANANA APHIDS,256,256,1896
images/banana_aphids/banana_aphids_0001_113.jpg,banana_aphids,BANANA APHIDS,256,256,1836
images/banana_aphids/banana_aphids_0001_72.jpg,banana_aphids,BANANA APHIDS,256,256,1860
images/banana_aphids/banana_aphids_0001_105.jpg,banana_aphids,BANANA APHIDS,256,256,1848
images/banana_aphids/banana_aphids_0001_64.jpg,banana_aphids,BANANA APHIDS,256,256,1849
images/banana_aphids/banana_aphids_0001_152.jpg,banana_aphids,BANANA APHIDS,256,256,1897
images/banana_aphids/banana_aphids_0001_33.jpg,banana_aphids,BANANA APHIDS,256,256,1848
images/banana_aphids/banana_aphids_0001_294.jpg,banana_aphids,BANANA APHIDS,256,256,1898
images/banana_aphids/banana_aphids_0001_32.jpg,banana_aphids,BANANA APHIDS,256,256,1862
images/banana_aphids/banana_aphids_0001_295.jpg,banana_aphids,BANANA APHIDS,256,256,1899
images/banana_aphids/banana_aphids_0001_153.jpg,banana_aphids,BANANA APHIDS,256,256,1900
images/banana_aphids/banana_aphids_0001_65.jpg,banana_aphids,BANANA APHIDS,256,256,1849
images/banana_aphids/banana_aphids_0001_104.jpg,banana_aphids,BANANA APHIDS,256,256,1848
images/banana_aphids/banana_aphids_0001_73.jpg,banana_aphids,BANANA APHIDS,256,256,1849
images/banana_aphids/banana_aphids_0001_112.jpg,banana_aphids,BANANA APHIDS,256,256,1836
images/banana_aphids/banana_aphids_0001_24.jpg,banana_aphids,BANANA APHIDS,256,256,1836
images/banana_aphids/banana_aphids_0001_329.jpg,banana_aphids,BANANA APHIDS,256,256,1852
images/banana_aphids/banana_aphids_0001_283.jpg,banana_aphids,BANANA APHIDS,256,256,1896
images/banana_aphids/banana_aphids_0001_145.jpg,banana_aphids,BANANA APHIDS,256,256,1860
images/banana_aphids/banana_aphids_0001_352.jpg,banana_aphids,BANANA APHIDS,256,256,1832
images/banana_aphids/banana_aphids_0001_217.jpg,banana_aphids,BANANA APHIDS,256,256,1894
images/banana_aphids/banana_aphids_0001_305.jpg,banana_aphids,BANANA APHIDS,256,256,1836
images/banana_aphids/banana_aphids_0001_240.jpg,banana_aphids,BANANA APHIDS,256,256,1892
images/banana_aphids/banana_aphids_0001_169.jpg,banana_aphids,BANANA APHIDS,256,256,1856
images/banana_aphids/banana_aphids_0001_186.jpg,banana_aphids,BANANA APHIDS,256,256,1840
images/banana_aphids/banana_aphids_0001_3.jpg,banana_aphids,BANANA APHIDS,256,256,1837
images/banana_aphids/banana_aphids_0001_313.jpg,banana_aphids,BANANA APHIDS,256,256,1836
images/banana_aphids/banana_aphids_0001_256.jpg,banana_aphids,BANANA APHIDS,256,256,1839
images/banana_aphids/banana_aphids_0001_190.jpg,banana_aphids,BANANA APHIDS,256,256,1836
images/banana_aphids/banana_aphids_0001_344.jpg,banana_aphids,BANANA APHIDS,256,256,1901
images/banana_aphids/banana_aphids_0001_49.jpg,banana_aphids,BANANA APHIDS,256,256,1839
images/banana_aphids/banana_aphids_0001_201.jpg,banana_aphids,BANANA APHIDS,256,256,1836
images/banana_aphids/banana_aphids_0001_128.jpg,banana_aphids,BANANA APHIDS,256,256,1902
images/banana_aphids/banana_aphids_0001_276.jpg,banana_aphids,BANANA APHIDS,256,256,1858
images/banana_aphids/banana_aphids_0001_333.jpg,banana_aphids,BANANA APHIDS,256,256,1852
images/banana_aphids/banana_aphids_0001_299.jpg,banana_aphids,BANANA APHIDS,256,256,1836
images/banana_aphids/banana_aphids_0001_108.jpg,banana_aphids,BANANA APHIDS,256,256,1903
images/banana_aphids/banana_aphids_0001_69.jpg,banana_aphids,BANANA APHIDS,256,256,1860
images/banana_aphids/banana_aphids_0001_221.jpg,banana_aphids,BANANA APHIDS,256,256,1904
images/banana_aphids/banana_aphids_0001_364.jpg,banana_aphids,BANANA APHIDS,256,256,1837
images/banana_aphids/banana_aphids_0001_86.jpg,banana_aphids,BANANA APHIDS,256,256,1850
images/banana_aphids/banana_aphids_0001_237.jpg,banana_aphids,BANANA APHIDS,256,256,1892
images/banana_aphids/banana_aphids_0001_90.jpg,banana_aphids,BANANA APHIDS,256,256,1836
images/banana_aphids/banana_aphids_0001_149.jpg,banana_aphids,BANANA APHIDS,256,256,1864
images/banana_aphids/banana_aphids_0001_28.jpg,banana_aphids,BANANA APHIDS,256,256,1905
images/banana_aphids/banana_aphids_0001_260.jpg,banana_aphids,BANANA APHIDS,256,256,1839
images/banana_aphids/banana_aphids_0001_325.jpg,banana_aphids,BANANA APHIDS,256,256,1836
images/banana_aphids/banana_aphids_0001_132.jpg,banana_aphids,BANANA APHIDS,256,256,1849
images/banana_aphids/banana_aphids_0001_53.jpg,banana_aphids,BANANA APHIDS,256,256,1906
images/banana_aphids/banana_aphids_0001_165.jpg,banana_aphids,BANANA APHIDS,256,256,1907
images/banana_aphids/banana_aphids_0001_309.jpg,banana_aphids,BANANA APHIDS,256,256,1836
images/banana_aphids/banana_aphids_0001_173.jpg,banana_aphids,BANANA APHIDS,256,256,1856
images/banana_aphids/banana_aphids_0001_12.jpg,banana_aphids,BANANA APHIDS,256,256,1908
images/banana_aphids/banana_aphids_0001_124.jpg,banana_aphids,BANANA APHIDS,256,256,1836
images/banana_aphids/banana_aphids_0001_348.jpg,banana_aphids,BANANA APHIDS,256,256,1832
images/banana_aphids/banana_aphids_0001_45.jpg,banana_aphids,BANANA APHIDS,256,256,1839
images/banana_aphids/banana_aphids_0001_330.jpg,banana_aphids,BANANA APHIDS,256,256,1852
images/banana_aphids/banana_aphids_0001_275.jpg,banana_aphids,BANANA APHIDS,256,256,1909
images/banana_aphids/banana_aphids_0001_85.jpg,banana_aphids,BANANA APHIDS,256,256,1910
images/banana_aphids/banana_aphids_0001_222.jpg,banana_aphids,BANANA APHIDS,256,256,1911
images/banana_aphids/banana_aphids_0001_93.jpg,banana_aphids,BANANA APHIDS,256,256,1912
images/banana_aphids/banana_aphids_0001_234.jpg,banana_aphids,BANANA APHIDS,256,256,1892
images/banana_aphids/banana_aphids_0001_326.jpg,banana_aphids,BANANA APHIDS,256,256,1913
images/banana_aphids/banana_aphids_0001_263.jpg,banana_aphids,BANANA APHIDS,256,256,1914
images/banana_aphids/banana_aphids_0001_131.jpg,banana_aphids,BANANA APHIDS,256,256,1849
images/banana_aphids/banana_aphids_0001_218.jpg,banana_aphids,BANANA APHIDS,256,256,1915
images/banana_aphids/banana_aphids_0001_50.jpg,banana_aphids,BANANA APHIDS,256,256,1839
images/banana_aphids/banana_aphids_0001_189.jpg,banana_aphids,BANANA APHIDS,256,256,1840
images/banana_aphids/banana_aphids_0001_166.jpg,banana_aphids,BANANA APHIDS,256,256,1856
images/banana_aphids/banana_aphids_0001_170.jpg,banana_aphids,BANANA APHIDS,256,256,1856
images/banana_aphids/banana_aphids_0001_259.jpg,banana_aphids,BANANA APHIDS,256,256,1839
images/banana_aphids/banana_aphids_0001_11.jpg,banana_aphids,BANANA APHIDS,256,256,1908
images/banana_aphids/banana_aphids_0001_127.jpg,banana_aphids,BANANA APHIDS,256,256,1844
images/banana_aphids/banana_aphids_0001_46.jpg,banana_aphids,BANANA APHIDS,256,256,1836
images/banana_aphids/banana_aphids_0001_296.jpg,banana_aphids,BANANA APHIDS,256,256,1916
images/banana_aphids/banana_aphids_0001_279.jpg,banana_aphids,BANANA APHIDS,256,256,1836
images/banana_aphids/banana_aphids_0001_31.jpg,banana_aphids,BANANA APHIDS,256,256,1848
images/banana_aphids/banana_aphids_0001_150.jpg,banana_aphids,BANANA APHIDS,256,256,1917
images/banana_aphids/banana_aphids_0001_89.jpg,banana_aphids,BANANA APHIDS,256,256,1865
images/banana_aphids/banana_aphids_0001_66.jpg,banana_aphids,BANANA APHIDS,256,256,1849
images/banana_aphids/banana_aphids_0001_107.jpg,banana_aphids,BANANA APHIDS,256,256,1848
images/banana_aphids/banana_aphids_0001_238.jpg,banana_aphids,BANANA APHIDS,256,256,1892
images/banana_aphids/banana_aphids_0001_70.jpg,banana_aphids,BANANA APHIDS,256,256,1860
images/banana_aphids/banana_aphids_0001_111.jpg,banana_aphids,BANANA APHIDS,256,256,1839
images/banana_aphids/banana_aphids_0001_280.jpg,banana_aphids,BANANA APHIDS,256,256,1858
images/banana_aphids/banana_aphids_0001_27.jpg,banana_aphids,BANANA APHIDS,256,256,1918
images/banana_aphids/banana_aphids_0001_146.jpg,banana_aphids,BANANA APHIDS,256,256,1836
images/banana_aphids/banana_aphids_0001_214.jpg,banana_aphids,BANANA APHIDS,256,256,1919
images/banana_aphids/banana_aphids_0001_351.jpg,banana_aphids,BANANA APHIDS,256,256,1920
images/banana_aphids/banana_aphids_0001_243.jpg,banana_aphids,BANANA APHIDS,256,256,1892
images/banana_aphids/banana_aphids_0001_306.jpg,banana_aphids,BANANA APHIDS,256,256,1836
images/banana_aphids/banana_aphids_0001_185.jpg,banana_aphids,BANANA APHIDS,256,256,1840
images/banana_aphids/banana_aphids_0001_255.jpg,banana_aphids,BANANA APHIDS,256,256,1839
images/banana_aphids/banana_aphids_0001_310.jpg,banana_aphids,BANANA APHIDS,256,256,1836
images/banana_aphids/banana_aphids_0001_193.jpg,banana_aphids,BANANA APHIDS,256,256,1890
images/banana_aphids/banana_aphids_0001_202.jpg,banana_aphids,BANANA APHIDS,256,256,1835
images/banana_aphids/banana_aphids_0001_347.jpg,banana_aphids,BANANA APHIDS,256,256,1882
images/banana_aphids/banana_aphids_0001_203.jpg,banana_aphids,BANANA APHIDS,256,256,1835
images/banana_aphids/banana_aphids_0001_346.jpg,banana_aphids,BANANA APHIDS,256,256,1921
images/banana_aphids/banana_aphids_0001_192.jpg,banana_aphids,BANANA APHIDS,256,256,1922
images/banana_aphids/banana_aphids_0001_254.jpg,banana_aphids,BANANA APHIDS,256,256,1839
images/banana_aphids/banana_aphids_0001_1.jpg,banana_aphids,BANANA APHIDS,256,256,1836
images/banana_aphids/banana_aphids_0001_311.jpg,banana_aphids,BANANA APHIDS,256,256,1836
images/banana_aphids/banana_aphids_0001_184.jpg,banana_aphids,BANANA APHIDS,256,256,1840
images/banana_aphids/banana_aphids_0001_242.jpg,banana_aphids,BANANA APHIDS,256,256,1923
images/banana_aphids/banana_aphids_0001_307.jpg,banana_aphids,BANANA APHIDS,256,256,1836
images/banana_aphids/banana_aphids_0001_215.jpg,banana_aphids,BANANA APHIDS,256,256,1919
images/banana_aphids/banana_aphids_0001_350.jpg,banana_aphids,BANANA APHIDS,256,256,1924
images/banana_aphids/banana_aphids_0001_147.jpg,banana_aphids,BANANA APHIDS,256,256,1860
images/banana_aphids/banana_aphids_0001_281.jpg,banana_aphids,BANANA APHIDS,256,256,1925
images/banana_aphids/banana_aphids_0001_26.jpg,banana_aphids,BANANA APHIDS,256,256,1926
images/banana_aphids/banana_aphids_0001_110.jpg,banana_aphids,BANANA APHIDS,256,256,1927
images/banana_aphids/banana_aphids_0001_239.jpg,banana_aphids,BANANA APHIDS,256,256,1892
images/banana_aphids/banana_aphids_0001_71.jpg,banana_aphids,BANANA APHIDS,256,256,1842
images/banana_aphids/banana_aphids_0001_106.jpg,banana_aphids,BANANA APHIDS,256,256,1848
images/banana_aphids/banana_aphids_0001_88.jpg,banana_aphids,BANANA APHIDS,256,256,1865
images/banana_aphids/banana_aphids_0001_67.jpg,banana_aphids,BANANA APHIDS,256,256,1849
images/banana_aphids/banana_aphids_0001_151.jpg,banana_aphids,BANANA APHIDS,256,256,1897
images/banana_aphids/banana_aphids_0001_297.jpg,banana_aphids,BANANA APHIDS,256,256,1857
images/banana_aphids/banana_aphids_0001_278.jpg,banana_aphids,BANANA APHIDS,256,256,1858
images/banana_aphids/banana_aphids_0001_30.jpg,banana_aphids,BANANA APHIDS,256,256,1862
images/banana_aphids/banana_aphids_0001_47.jpg,banana_aphids,BANANA APHIDS,256,256,1839
images/banana_aphids/banana_aphids_0001_126.jpg,banana_aphids,BANANA APHIDS,256,256,1844
images/banana_aphids/banana_aphids_0001_258.jpg,banana_aphids,BANANA APHIDS,256,256,1839
images/banana_aphids/banana_aphids_0001_10.jpg,banana_aphids,BANANA APHIDS,256,256,1908
images/banana_aphids/banana_aphids_0001_171.jpg,banana_aphids,BANANA APHIDS,256,256,1856
images/banana_aphids/banana_aphids_0001_188.jpg,banana_aphids,BANANA APHIDS,256,256,1922
images/banana_aphids/banana_aphids_0001_167.jpg,banana_aphids,BANANA APHIDS,256,256,1907
images/banana_aphids/banana_aphids_0001_219.jpg,banana_aphids,BANANA APHIDS,256,256,1928
images/banana_aphids/banana_aphids_0001_51.jpg,banana_aphids,BANANA APHIDS,256,256,1839
images/banana_aphids/banana_aphids_0001_130.jpg,banana_aphids,BANANA APHIDS,256,256,1849
images/banana_aphids/banana_aphids_0001_327.jpg,banana_aphids,BANANA APHIDS,256,256,1929
images/banana_aphids/banana_aphids_0001_262.jpg,banana_aphids,BANANA APHIDS,256,256,1930
images/banana_aphids/banana_aphids_0001_92.jpg,banana_aphids,BANANA APHIDS,256,256,1865
images/banana_aphids/banana_aphids_0001_235.jpg,banana_aphids,BANANA APHIDS,256,256,1836
images/banana_aphids/banana_aphids_0001_84.jpg,banana_aphids,BANANA APHIDS,256,256,1910
images/banana_aphids/banana_aphids_0001_366.jpg,banana_aphids,BANANA APHIDS,256,256,1837
images/banana_aphids/banana_aphids_0001_223.jpg,banana_aphids,BANANA APHIDS,256,256,1836
images/banana_aphids/banana_aphids_0001_331.jpg,banana_aphids,BANANA APHIDS,256,256,1852
images/banana_aphids/banana_aphids_0001_274.jpg,banana_aphids,BANANA APHIDS,256,256,1931
images/banana_aphids/banana_aphids_0001_290.jpg,banana_aphids,BANANA APHIDS,256,256,1836
images/banana_aphids/banana_aphids_0001_37.jpg,banana_aphids,BANANA APHIDS,256,256,1848
images/banana_aphids/banana_aphids_0001_156.jpg,banana_aphids,BANANA APHIDS,256,256,1865
images/banana_aphids/banana_aphids_0001_228.jpg,banana_aphids,BANANA APHIDS,256,256,1863
images/banana_aphids/banana_aphids_0001_60.jpg,banana_aphids,BANANA APHIDS,256,256,1902
images/banana_aphids/banana_aphids_0001_101.jpg,banana_aphids,BANANA APHIDS,256,256,1836
images/banana_aphids/banana_aphids_0001_99.jpg,banana_aphids,BANANA APHIDS,256,256,1862
images/banana_aphids/banana_aphids_0001_76.jpg,banana_aphids,BANANA APHIDS,256,256,1849
images/banana_aphids/banana_aphids_0001_117.jpg,banana_aphids,BANANA APHIDS,256,256,1839
images/banana_aphids/banana_aphids_0001_286.jpg,banana_aphids,BANANA APHIDS,256,256,1932
images/banana_aphids/banana_aphids_0001_269.jpg,banana_aphids,BANANA APHIDS,256,256,1858
images/banana_aphids/banana_aphids_0001_21.jpg,banana_aphids,BANANA APHIDS,256,256,1933
images/banana_aphids/banana_aphids_0001_140.jpg,banana_aphids,BANANA APHIDS,256,256,1860
images/banana_aphids/banana_aphids_0001_212.jpg,banana_aphids,BANANA APHIDS,256,256,1836
images/banana_aphids/banana_aphids_0001_357.jpg,banana_aphids,BANANA APHIDS,256,256,1843
images/banana_aphids/banana_aphids_0001_245.jpg,banana_aphids,BANANA APHIDS,256,256,1934
images/banana_aphids/banana_aphids_0001_300.jpg,banana_aphids,BANANA APHIDS,256,256,1836
images/banana_aphids/banana_aphids_0001_183.jpg,banana_aphids,BANANA APHIDS,256,256,1840
images/banana_aphids/banana_aphids_0001_253.jpg,banana_aphids,BANANA APHIDS,256,256,1839
images/banana_aphids/banana_aphids_0001_316.jpg,banana_aphids,BANANA APHIDS,256,256,1836
images/banana_aphids/banana_aphids_0001_6.jpg,banana_aphids,BANANA APHIDS,256,256,1854
images/banana_aphids/banana_aphids_0001_195.jpg,banana_aphids,BANANA APHIDS,256,256,1935
images/banana_aphids/banana_aphids_0001_204.jpg,banana_aphids,BANANA APHIDS,256,256,1881
images/banana_aphids/banana_aphids_0001_341.jpg,banana_aphids,BANANA APHIDS,256,256,1936
images/banana_aphids/banana_aphids_0001_336.jpg,banana_aphids,BANANA APHIDS,256,256,1852
images/banana_aphids/banana_aphids_0001_273.jpg,banana_aphids,BANANA APHIDS,256,256,1937
images/banana_aphids/banana_aphids_0001_361.jpg,banana_aphids,BANANA APHIDS,256,256,1837
images/banana_aphids/banana_aphids_0001_83.jpg,banana_aphids,BANANA APHIDS,256,256,1897
images/banana_aphids/banana_aphids_0001_224.jpg,banana_aphids,BANANA APHIDS,256,256,1836
images/banana_aphids/banana_aphids_0001_95.jpg,banana_aphids,BANANA APHIDS,256,256,1905
images/banana_aphids/banana_aphids_0001_232.jpg,banana_aphids,BANANA APHIDS,256,256,1938
images/banana_aphids/banana_aphids_0001_320.jpg,banana_aphids,BANANA APHIDS,256,256,1836
images/banana_aphids/banana_aphids_0001_265.jpg,banana_aphids,BANANA APHIDS,256,256,1858
images/banana_aphids/banana_aphids_0001_137.jpg,banana_aphids,BANANA APHIDS,256,256,1860
images/banana_aphids/banana_aphids_0001_56.jpg,banana_aphids,BANANA APHIDS,256,256,1839
images/banana_aphids/banana_aphids_0001_160.jpg,banana_aphids,BANANA APHIDS,256,256,1865
images/banana_aphids/banana_aphids_0001_249.jpg,banana_aphids,BANANA APHIDS,256,256,1839
images/banana_aphids/banana_aphids_0001_199.jpg,banana_aphids,BANANA APHIDS,256,256,1835
images/banana_aphids/banana_aphids_0001_176.jpg,banana_aphids,BANANA APHIDS,256,256,1939
images/banana_aphids/banana_aphids_0001_17.jpg,banana_aphids,BANANA APHIDS,256,256,1879
images/banana_aphids/banana_aphids_0001_121.jpg,banana_aphids,BANANA APHIDS,256,256,1940
images/banana_aphids/banana_aphids_0001_208.jpg,banana_aphids,BANANA APHIDS,256,256,1835
images/banana_aphids/banana_aphids_0001_40.jpg,banana_aphids,BANANA APHIDS,256,256,1848
images/banana_aphids/banana_aphids_0001_209.jpg,banana_aphids,BANANA APHIDS,256,256,1941
images/banana_aphids/banana_aphids_0001_41.jpg,banana_aphids,BANANA APHIDS,256,256,1903
images/banana_aphids/banana_aphids_0001_120.jpg,banana_aphids,BANANA APHIDS,256,256,1942
images/banana_aphids/banana_aphids_0001_16.jpg,banana_aphids,BANANA APHIDS,256,256,1943
images/banana_aphids/banana_aphids_0001_198.jpg,banana_aphids,BANANA APHIDS,256,256,1835
images/banana_aphids/banana_aphids_0001_177.jpg,banana_aphids,BANANA APHIDS,256,256,1944
images/banana_aphids/banana_aphids_0001_248.jpg,banana_aphids,BANANA APHIDS,256,256,1839
images/banana_aphids/banana_aphids_0001_161.jpg,banana_aphids,BANANA APHIDS,256,256,1912
images/banana_aphids/banana_aphids_0001_57.jpg,banana_aphids,BANANA APHIDS,256,256,1836
images/banana_aphids/banana_aphids_0001_136.jpg,banana_aphids,BANANA APHIDS,256,256,1849
images/banana_aphids/banana_aphids_0001_321.jpg,banana_aphids,BANANA APHIDS,256,256,1836
images/banana_aphids/banana_aphids_0001_264.jpg,banana_aphids,BANANA APHIDS,256,256,1858
images/banana_aphids/banana_aphids_0001_94.jpg,banana_aphids,BANANA APHIDS,256,256,1857
images/banana_aphids/banana_aphids_0001_233.jpg,banana_aphids,BANANA APHIDS,256,256,1885
images/banana_aphids/banana_aphids_0001_360.jpg,banana_aphids,BANANA APHIDS,256,256,1837
images/banana_aphids/banana_aphids_0001_82.jpg,banana_aphids,BANANA APHIDS,256,256,1917
images/banana_aphids/banana_aphids_0001_225.jpg,banana_aphids,BANANA APHIDS,256,256,1863
images/banana_aphids/banana_aphids_0001_337.jpg,banana_aphids,BANANA APHIDS,256,256,1852
images/banana_aphids/banana_aphids_0001_272.jpg,banana_aphids,BANANA APHIDS,256,256,1937
images/banana_aphids/banana_aphids_0001_205.jpg,banana_aphids,BANANA APHIDS,256,256,1881
images/banana_aphids/banana_aphids_0001_340.jpg,banana_aphids,BANANA APHIDS,256,256,1945
images/banana_aphids/banana_aphids_0001_194.jpg,banana_aphids,BANANA APHIDS,256,256,1890
images/banana_aphids/banana_aphids_0001_252.jpg,banana_aphids,BANANA APHIDS,256,256,1839
images/banana_aphids/banana_aphids_0001_317.jpg,banana_aphids,BANANA APHIDS,256,256,1836
images/banana_aphids/banana_aphids_0001_7.jpg,banana_aphids,BANANA APHIDS,256,256,1946
images/banana_aphids/banana_aphids_0001_182.jpg,banana_aphids,BANANA APHIDS,256,256,1840
images/banana_aphids/banana_aphids_0001_244.jpg,banana_aphids,BANANA APHIDS,256,256,1947
images/banana_aphids/banana_aphids_0001_301.jpg,banana_aphids,BANANA APHIDS,256,256,1836
images/banana_aphids/banana_aphids_0001_213.jpg,banana_aphids,BANANA APHIDS,256,256,1948
images/banana_aphids/banana_aphids_0001_356.jpg,banana_aphids,BANANA APHIDS,256,256,1836
images/banana_aphids/banana_aphids_0001_141.jpg,banana_aphids,BANANA APHIDS,256,256,1849
images/banana_aphids/banana_aphids_0001_287.jpg,banana_aphids,BANANA APHIDS,256,256,1949
images/banana_aphids/banana_aphids_0001_268.jpg,banana_aphids,BANANA APHIDS,256,256,1836
images/banana_aphids/banana_aphids_0001_20.jpg,banana_aphids,BANANA APHIDS,256,256,1838
images/banana_aphids/banana_aphids_0001_116.jpg,banana_aphids,BANANA APHIDS,256,256,1839
images/banana_aphids/banana_aphids_0001_98.jpg,banana_aphids,BANANA APHIDS,256,256,1848
images/banana_aphids/banana_aphids_0001_77.jpg,banana_aphids,BANANA APHIDS,256,256,1860
images/banana_aphids/banana_aphids_0001_100.jpg,banana_aphids,BANANA APHIDS,256,256,1848
images/banana_aphids/banana_aphids_0001_229.jpg,banana_aphids,BANANA APHIDS,256,256,1950
images/banana_aphids/banana_aphids_0001_61.jpg,banana_aphids,BANANA APHIDS,256,256,1849
images/banana_aphids/banana_aphids_0001_157.jpg,banana_aphids,BANANA APHIDS,256,256,1836
images/banana_aphids/banana_aphids_0001_291.jpg,banana_aphids,BANANA APHIDS,256,256,1951
images/banana_aphids/banana_aphids_0001_36.jpg,banana_aphids,BANANA APHIDS,256,256,1848
images/panama_disease/panama_0001_79.jpg,panama_disease,PANAMA DISEASE,256,256,1952
images/panama_disease/panama_0001_96.jpg,panama_disease,PANAMA DISEASE,256,256,1953
images/panama_disease/panama_0001_80.jpg,panama_disease,PANAMA DISEASE,256,256,1954
images/panama_disease/panama_0001_38.jpg,panama_disease,PANAMA DISEASE,256,256,1955
images/panama_disease/panama_0001_43.jpg,panama_disease,PANAMA DISEASE,256,256,1956
images/panama_disease/panama_0001_14.jpg,panama_disease,PANAMA DISEASE,256,256,1957
images/panama_disease/panama_0001_55.jpg,panama_disease,PANAMA DISEASE,256,256,1958
images/panama_disease/panama_0001_22.jpg,panama_disease,PANAMA DISEASE,256,256,1959
images/panama_disease/panama_0001_75.jpg,panama_disease,PANAMA DISEASE,256,256,1960
images/panama_disease/panama_0001_63.jpg,panama_disease,PANAMA DISEASE,256,256,1961
images/panama_disease/panama_0001_34.jpg,panama_disease,PANAMA DISEASE,256,256,1962
images/panama_disease/panama_0001_2.jpg,panama_disease,PANAMA DISEASE,256,256,1963
images/panama_disease/panama_0001_101.jpg,panama_disease,PANAMA DISEASE,256,256,1964
images/panama_disease/panama_0001_18.jpg,panama_disease,PANAMA DISEASE,256,256,1965
images/panama_disease/panama_0001_59.jpg,panama_disease,PANAMA DISEASE,256,256,1963
images/panama_disease/panama_0001_58.jpg,panama_disease,PANAMA DISEASE,256,256,1966
images/panama_disease/panama_0001_19.jpg,panama_disease,PANAMA DISEASE,256,256,1967
images/panama_disease/panama_0001_100.jpg,panama_disease,PANAMA DISEASE,256,256,1968
images/panama_disease/panama_0001_3.jpg,panama_disease,PANAMA DISEASE,256,256,1969
images/panama_disease/panama_0001_35.jpg,panama_disease,PANAMA DISEASE,256,256,1970
images/panama_disease/panama_0001_62.jpg,panama_disease,PANAMA DISEASE,256,256,1971
images/panama_disease/panama_0001_74.jpg,panama_disease,PANAMA DISEASE,256,256,1972
images/panama_disease/panama_0001_23.jpg,panama_disease,PANAMA DISEASE,256,256,1973
images/panama_disease/panama_0001_54.jpg,panama_disease,PANAMA DISEASE,256,256,1974
images/panama_disease/panama_0001_15.jpg,panama_disease,PANAMA DISEASE,256,256,1963
images/panama_disease/panama_0001_42.jpg,panama_disease,PANAMA DISEASE,256,256,1975
images/panama_disease/panama_0001_39.jpg,panama_disease,PANAMA DISEASE,256,256,1976
images/panama_disease/panama_0001_81.jpg,panama_disease,PANAMA DISEASE,256,256,1963
images/panama_disease/panama_0001_78.jpg,panama_disease,PANAMA DISEASE,256,256,1977
images/panama_disease/panama_0001_97.jpg,panama_disease,PANAMA DISEASE,256,256,1978
images/panama_disease/panama_0001_24.jpg,panama_disease,PANAMA DISEASE,256,256,1979
images/panama_disease/panama_0001_73.jpg,panama_disease,PANAMA DISEASE,256,256,1980
images/panama_disease/panama_0001_65.jpg,panama_disease,PANAMA DISEASE,256,256,1981
images/panama_disease/panama_0001_32.jpg,panama_disease,PANAMA DISEASE,256,256,1982
images/panama_disease/panama_0001_4.jpg,panama_disease,PANAMA DISEASE,256,256,1983
images/panama_disease/panama_0001_49.jpg,panama_disease,PANAMA DISEASE,256,256,1984
images/panama_disease/panama_0001_28.jpg,panama_disease,PANAMA DISEASE,256,256,1985
images/panama_disease/panama_0001_90.jpg,panama_disease,PANAMA DISEASE,256,256,1986
images/panama_disease/panama_0001_69.jpg,panama_disease,PANAMA DISEASE,256,256,1987
images/panama_disease/panama_0001_86.jpg,panama_disease,PANAMA DISEASE,256,256,1988
images/panama_disease/panama_0001_45.jpg,panama_disease,PANAMA DISEASE,256,256,1989
images/panama_disease/panama_0001_8.jpg,panama_disease,PANAMA DISEASE,256,256,1963
images/panama_disease/panama_0001_12.jpg,panama_disease,PANAMA DISEASE,256,256,1963
images/panama_disease/panama_0001_53.jpg,panama_disease,PANAMA DISEASE,256,256,1990
images/panama_disease/panama_0001_52.jpg,panama_disease,PANAMA DISEASE,256,256,1973
images/panama_disease/panama_0001_13.jpg,panama_disease,PANAMA DISEASE,256,256,1991
images/panama_disease/panama_0001_44.jpg,panama_disease,PANAMA DISEASE,256,256,1992
images/panama_disease/panama_0001_9.jpg,panama_disease,PANAMA DISEASE,256,256,1963
images/panama_disease/panama_0001_68.jpg,panama_disease,PANAMA DISEASE,256,256,1993
images/panama_disease/panama_0001_87.jpg,panama_disease,PANAMA DISEASE,256,256,1994
images/panama_disease/panama_0001_91.jpg,panama_disease,PANAMA DISEASE,256,256,1995
images/panama_disease/panama_0001_29.jpg,panama_disease,PANAMA DISEASE,256,256,1996
images/panama_disease/panama_0001_5.jpg,panama_disease,PANAMA DISEASE,256,256,1997
images/panama_disease/panama_0001_48.jpg,panama_disease,PANAMA DISEASE,256,256,1998
images/panama_disease/panama_0001_33.jpg,panama_disease,PANAMA DISEASE,256,256,1999
images/panama_disease/panama_0001_64.jpg,panama_disease,PANAMA DISEASE,256,256,2000
images/panama_disease/panama_0001_72.jpg,panama_disease,PANAMA DISEASE,256,256,2001
images/panama_disease/panama_0001_25.jpg,panama_disease,PANAMA DISEASE,256,256,1974
images/panama_disease/panama_0001_6.jpg,panama_disease,PANAMA DISEASE,256,256,2002
images/panama_disease/panama_0001_30.jpg,panama_disease,PANAMA DISEASE,256,256,1969
images/panama_disease/panama_0001_88.jpg,panama_disease,PANAMA DISEASE,256,256,2003
images/panama_disease/panama_0001_67.jpg,panama_disease,PANAMA DISEASE,256,256,2004
images/panama_disease/panama_0001_71.jpg,panama_disease,PANAMA DISEASE,256,256,2005
images/panama_disease/panama_0001_26.jpg,panama_disease,PANAMA DISEASE,256,256,2006
images/panama_disease/panama_0001_51.jpg,panama_disease,PANAMA DISEASE,256,256,1959
images/panama_disease/panama_0001_10.jpg,panama_disease,PANAMA DISEASE,256,256,1963
images/panama_disease/panama_0001_47.jpg,panama_disease,PANAMA DISEASE,256,256,1967
images/panama_disease/panama_0001_84.jpg,panama_disease,PANAMA DISEASE,256,256,2007
images/panama_disease/panama_0001_92.jpg,panama_disease,PANAMA DISEASE,256,256,1963
images/panama_disease/panama_0001_93.jpg,panama_disease,PANAMA DISEASE,256,256,2008
images/panama_disease/panama_0001_85.jpg,panama_disease,PANAMA DISEASE,256,256,2009
images/panama_disease/panama_0001_46.jpg,panama_disease,PANAMA DISEASE,256,256,2010
images/panama_disease/panama_0001_11.jpg,panama_disease,PANAMA DISEASE,256,256,2011
images/panama_disease/panama_0001_50.jpg,panama_disease,PANAMA DISEASE,256,256,2012
images/panama_disease/panama_0001_27.jpg,panama_disease,PANAMA DISEASE,256,256,1958
images/panama_disease/panama_0001_70.jpg,panama_disease,PANAMA DISEASE,256,256,2013
images/panama_disease/panama_0001_89.jpg,panama_disease,PANAMA DISEASE,256,256,2014
images/panama_disease/panama_0001_66.jpg,panama_disease,PANAMA DISEASE,256,256,2015
images/panama_disease/panama_0001_31.jpg,panama_disease,PANAMA DISEASE,256,256,1983
images/panama_disease/panama_0001_7.jpg,panama_disease,PANAMA DISEASE,256,256,2016
images/panama_disease/panama_0001_57.jpg,panama_disease,PANAMA DISEASE,256,256,1996
images/panama_disease/panama_0001_16.jpg,panama_disease,PANAMA DISEASE,256,256,1992
images/panama_disease/panama_0001_41.jpg,panama_disease,PANAMA DISEASE,256,256,2017
images/panama_disease/panama_0001_82.jpg,panama_disease,PANAMA DISEASE,256,256,2018
images/panama_disease/panama_0001_94.jpg,panama_disease,PANAMA DISEASE,256,256,2019
images/panama_disease/panama_0001_36.jpg,panama_disease,PANAMA DISEASE,256,256,2020
images/panama_disease/panama_0001_61.jpg,panama_disease,PANAMA DISEASE,256,256,2021
images/panama_disease/panama_0001_98.jpg,panama_disease,PANAMA DISEASE,256,256,1979
images/panama_disease/panama_0001_77.jpg,panama_disease,PANAMA DISEASE,256,256,2022
images/panama_disease/panama_0001_20.jpg,panama_disease,PANAMA DISEASE,256,256,2023
images/panama_disease/panama_0001_21.jpg,panama_disease,PANAMA DISEASE,256,256,2012
images/panama_disease/panama_0001_99.jpg,panama_disease,PANAMA DISEASE,256,256,1974
images/panama_disease/panama_0001_76.jpg,panama_disease,PANAMA DISEASE,256,256,2024
images/panama_disease/panama_0001_60.jpg,panama_disease,PANAMA DISEASE,256,256,1983
images/panama_disease/panama_0001_37.jpg,panama_disease,PANAMA DISEASE,256,256,1963
images/panama_disease/panama_0001_1.jpg,panama_disease,PANAMA DISEASE,256,256,1963
images/panama_disease/panama_0001_102.jpg,panama_disease,PANAMA DISEASE,256,256,2025
images/panama_disease/panama_0001_95.jpg,panama_disease,PANAMA DISEASE,256,256,2026
images/panama_disease/panama_0001_83.jpg,panama_disease,PANAMA DISEASE,256,256,2027
images/panama_disease/panama_0001_40.jpg,panama_disease,PANAMA DISEASE,256,256,2028
images/panama_disease/panama_0001_17.jpg,panama_disease,PANAMA DISEASE,256,256,1989
images/panama_disease/panama_0001_56.jpg,panama_disease,PANAMA DISEASE,256,256,1985
